<?xml version="1.0" ?>
<system limitcost="604">
	<module limittime="836" num="0" qall="0.99" qd="0.99" qrv="0.99" trecov="3" ttest="2" tvote="1">
		<tool name="none"/>
		<tool name="nvp01"/>
		<tool name="nvp11"/>
		<tool name="rb11"/>
		<sw cost="10" num="0" rel="0.949220565819"/>
		<sw cost="9" num="1" rel="0.856881867401"/>
		<sw cost="27" num="2" rel="0.904078762137"/>
		<sw cost="23" num="3" rel="0.856571026624"/>
		<sw cost="11" num="4" rel="0.907977698876"/>
		<hw cost="7" num="0" rel="0.933379696668"/>
		<hw cost="14" num="1" rel="0.860208735353"/>
		<hw cost="28" num="2" rel="0.936687859762"/>
		<hw cost="29" num="3" rel="0.901092153368"/>
		<hw cost="30" num="4" rel="0.883483618176"/>
		<time hwnum="0" swnum="0" t="4"/>
		<time hwnum="1" swnum="0" t="3"/>
		<time hwnum="2" swnum="0" t="3"/>
		<time hwnum="3" swnum="0" t="4"/>
		<time hwnum="4" swnum="0" t="5"/>
		<time hwnum="0" swnum="1" t="4"/>
		<time hwnum="1" swnum="1" t="2"/>
		<time hwnum="2" swnum="1" t="3"/>
		<time hwnum="3" swnum="1" t="1"/>
		<time hwnum="4" swnum="1" t="5"/>
		<time hwnum="0" swnum="2" t="5"/>
		<time hwnum="1" swnum="2" t="5"/>
		<time hwnum="2" swnum="2" t="1"/>
		<time hwnum="3" swnum="2" t="3"/>
		<time hwnum="4" swnum="2" t="1"/>
		<time hwnum="0" swnum="3" t="5"/>
		<time hwnum="1" swnum="3" t="4"/>
		<time hwnum="2" swnum="3" t="2"/>
		<time hwnum="3" swnum="3" t="5"/>
		<time hwnum="4" swnum="3" t="3"/>
		<time hwnum="0" swnum="4" t="2"/>
		<time hwnum="1" swnum="4" t="3"/>
		<time hwnum="2" swnum="4" t="3"/>
		<time hwnum="3" swnum="4" t="5"/>
		<time hwnum="4" swnum="4" t="2"/>
	</module>
	<module limittime="2446" num="1" qall="0.99" qd="0.99" qrv="0.99" trecov="3" ttest="2" tvote="1">
		<tool name="none"/>
		<tool name="nvp01"/>
		<tool name="nvp11"/>
		<tool name="rb11"/>
		<sw cost="16" num="0" rel="0.885127320322"/>
		<sw cost="16" num="1" rel="0.93163994905"/>
		<sw cost="29" num="2" rel="0.887807886959"/>
		<sw cost="30" num="3" rel="0.919526646289"/>
		<sw cost="15" num="4" rel="0.897343951442"/>
		<hw cost="11" num="0" rel="0.969178909573"/>
		<hw cost="19" num="1" rel="0.967602173127"/>
		<hw cost="28" num="2" rel="0.909782294565"/>
		<hw cost="29" num="3" rel="0.94963927906"/>
		<hw cost="10" num="4" rel="0.879157173071"/>
		<time hwnum="0" swnum="0" t="4"/>
		<time hwnum="1" swnum="0" t="1"/>
		<time hwnum="2" swnum="0" t="2"/>
		<time hwnum="3" swnum="0" t="4"/>
		<time hwnum="4" swnum="0" t="3"/>
		<time hwnum="0" swnum="1" t="3"/>
		<time hwnum="1" swnum="1" t="1"/>
		<time hwnum="2" swnum="1" t="1"/>
		<time hwnum="3" swnum="1" t="5"/>
		<time hwnum="4" swnum="1" t="5"/>
		<time hwnum="0" swnum="2" t="2"/>
		<time hwnum="1" swnum="2" t="5"/>
		<time hwnum="2" swnum="2" t="4"/>
		<time hwnum="3" swnum="2" t="4"/>
		<time hwnum="4" swnum="2" t="3"/>
		<time hwnum="0" swnum="3" t="1"/>
		<time hwnum="1" swnum="3" t="5"/>
		<time hwnum="2" swnum="3" t="2"/>
		<time hwnum="3" swnum="3" t="5"/>
		<time hwnum="4" swnum="3" t="5"/>
		<time hwnum="0" swnum="4" t="2"/>
		<time hwnum="1" swnum="4" t="1"/>
		<time hwnum="2" swnum="4" t="3"/>
		<time hwnum="3" swnum="4" t="4"/>
		<time hwnum="4" swnum="4" t="5"/>
	</module>
	<module limittime="3344" num="2" qall="0.99" qd="0.99" qrv="0.99" trecov="3" ttest="2" tvote="1">
		<tool name="none"/>
		<tool name="nvp01"/>
		<tool name="nvp11"/>
		<tool name="rb11"/>
		<sw cost="23" num="0" rel="0.898205603612"/>
		<sw cost="6" num="1" rel="0.87395483006"/>
		<sw cost="32" num="2" rel="0.968397640446"/>
		<sw cost="25" num="3" rel="0.893356601661"/>
		<sw cost="28" num="4" rel="0.861218673362"/>
		<hw cost="29" num="0" rel="0.944923759342"/>
		<hw cost="29" num="1" rel="0.875252386522"/>
		<hw cost="32" num="2" rel="0.951729218708"/>
		<hw cost="12" num="3" rel="0.858825049446"/>
		<hw cost="34" num="4" rel="0.959233277386"/>
		<time hwnum="0" swnum="0" t="1"/>
		<time hwnum="1" swnum="0" t="2"/>
		<time hwnum="2" swnum="0" t="2"/>
		<time hwnum="3" swnum="0" t="1"/>
		<time hwnum="4" swnum="0" t="1"/>
		<time hwnum="0" swnum="1" t="3"/>
		<time hwnum="1" swnum="1" t="5"/>
		<time hwnum="2" swnum="1" t="4"/>
		<time hwnum="3" swnum="1" t="2"/>
		<time hwnum="4" swnum="1" t="2"/>
		<time hwnum="0" swnum="2" t="5"/>
		<time hwnum="1" swnum="2" t="1"/>
		<time hwnum="2" swnum="2" t="3"/>
		<time hwnum="3" swnum="2" t="5"/>
		<time hwnum="4" swnum="2" t="3"/>
		<time hwnum="0" swnum="3" t="2"/>
		<time hwnum="1" swnum="3" t="5"/>
		<time hwnum="2" swnum="3" t="5"/>
		<time hwnum="3" swnum="3" t="2"/>
		<time hwnum="4" swnum="3" t="3"/>
		<time hwnum="0" swnum="4" t="5"/>
		<time hwnum="1" swnum="4" t="2"/>
		<time hwnum="2" swnum="4" t="1"/>
		<time hwnum="3" swnum="4" t="2"/>
		<time hwnum="4" swnum="4" t="2"/>
	</module>
	<module limittime="3835" num="3" qall="0.99" qd="0.99" qrv="0.99" trecov="3" ttest="2" tvote="1">
		<tool name="none"/>
		<tool name="nvp01"/>
		<tool name="nvp11"/>
		<tool name="rb11"/>
		<sw cost="24" num="0" rel="0.910738210592"/>
		<sw cost="29" num="1" rel="0.957439455881"/>
		<sw cost="35" num="2" rel="0.853835538088"/>
		<sw cost="10" num="3" rel="0.985080839814"/>
		<sw cost="7" num="4" rel="0.853306147809"/>
		<hw cost="21" num="0" rel="0.876854238889"/>
		<hw cost="29" num="1" rel="0.960782180083"/>
		<hw cost="14" num="2" rel="0.987660049062"/>
		<hw cost="32" num="3" rel="0.88386215504"/>
		<hw cost="11" num="4" rel="0.851207020208"/>
		<time hwnum="0" swnum="0" t="1"/>
		<time hwnum="1" swnum="0" t="5"/>
		<time hwnum="2" swnum="0" t="5"/>
		<time hwnum="3" swnum="0" t="4"/>
		<time hwnum="4" swnum="0" t="3"/>
		<time hwnum="0" swnum="1" t="2"/>
		<time hwnum="1" swnum="1" t="5"/>
		<time hwnum="2" swnum="1" t="3"/>
		<time hwnum="3" swnum="1" t="1"/>
		<time hwnum="4" swnum="1" t="1"/>
		<time hwnum="0" swnum="2" t="3"/>
		<time hwnum="1" swnum="2" t="4"/>
		<time hwnum="2" swnum="2" t="5"/>
		<time hwnum="3" swnum="2" t="5"/>
		<time hwnum="4" swnum="2" t="4"/>
		<time hwnum="0" swnum="3" t="5"/>
		<time hwnum="1" swnum="3" t="5"/>
		<time hwnum="2" swnum="3" t="2"/>
		<time hwnum="3" swnum="3" t="1"/>
		<time hwnum="4" swnum="3" t="3"/>
		<time hwnum="0" swnum="4" t="2"/>
		<time hwnum="1" swnum="4" t="1"/>
		<time hwnum="2" swnum="4" t="5"/>
		<time hwnum="3" swnum="4" t="4"/>
		<time hwnum="4" swnum="4" t="2"/>
	</module>
	<module limittime="4324" num="4" qall="0.99" qd="0.99" qrv="0.99" trecov="3" ttest="2" tvote="1">
		<tool name="none"/>
		<tool name="nvp01"/>
		<tool name="nvp11"/>
		<tool name="rb11"/>
		<sw cost="27" num="0" rel="0.939473059134"/>
		<sw cost="28" num="1" rel="0.886450403192"/>
		<sw cost="14" num="2" rel="0.892967078177"/>
		<sw cost="18" num="3" rel="0.983593346706"/>
		<sw cost="35" num="4" rel="0.873191702343"/>
		<hw cost="16" num="0" rel="0.870627460672"/>
		<hw cost="11" num="1" rel="0.974118592503"/>
		<hw cost="9" num="2" rel="0.851559824137"/>
		<hw cost="35" num="3" rel="0.960068628119"/>
		<hw cost="31" num="4" rel="0.852169347442"/>
		<time hwnum="0" swnum="0" t="2"/>
		<time hwnum="1" swnum="0" t="1"/>
		<time hwnum="2" swnum="0" t="1"/>
		<time hwnum="3" swnum="0" t="4"/>
		<time hwnum="4" swnum="0" t="4"/>
		<time hwnum="0" swnum="1" t="5"/>
		<time hwnum="1" swnum="1" t="3"/>
		<time hwnum="2" swnum="1" t="2"/>
		<time hwnum="3" swnum="1" t="5"/>
		<time hwnum="4" swnum="1" t="2"/>
		<time hwnum="0" swnum="2" t="3"/>
		<time hwnum="1" swnum="2" t="5"/>
		<time hwnum="2" swnum="2" t="5"/>
		<time hwnum="3" swnum="2" t="3"/>
		<time hwnum="4" swnum="2" t="2"/>
		<time hwnum="0" swnum="3" t="3"/>
		<time hwnum="1" swnum="3" t="3"/>
		<time hwnum="2" swnum="3" t="2"/>
		<time hwnum="3" swnum="3" t="5"/>
		<time hwnum="4" swnum="3" t="4"/>
		<time hwnum="0" swnum="4" t="2"/>
		<time hwnum="1" swnum="4" t="2"/>
		<time hwnum="2" swnum="4" t="5"/>
		<time hwnum="3" swnum="4" t="1"/>
		<time hwnum="4" swnum="4" t="3"/>
	</module>
	<module limittime="4034" num="5" qall="0.99" qd="0.99" qrv="0.99" trecov="3" ttest="2" tvote="1">
		<tool name="none"/>
		<tool name="nvp01"/>
		<tool name="nvp11"/>
		<tool name="rb11"/>
		<sw cost="12" num="0" rel="0.904270291535"/>
		<sw cost="30" num="1" rel="0.878545924014"/>
		<sw cost="22" num="2" rel="0.963650219927"/>
		<sw cost="20" num="3" rel="0.859828040491"/>
		<sw cost="22" num="4" rel="0.913079732082"/>
		<hw cost="12" num="0" rel="0.870692800351"/>
		<hw cost="20" num="1" rel="0.895851405111"/>
		<hw cost="23" num="2" rel="0.929694433573"/>
		<hw cost="14" num="3" rel="0.88530994158"/>
		<hw cost="30" num="4" rel="0.872581671321"/>
		<time hwnum="0" swnum="0" t="1"/>
		<time hwnum="1" swnum="0" t="3"/>
		<time hwnum="2" swnum="0" t="2"/>
		<time hwnum="3" swnum="0" t="4"/>
		<time hwnum="4" swnum="0" t="5"/>
		<time hwnum="0" swnum="1" t="5"/>
		<time hwnum="1" swnum="1" t="2"/>
		<time hwnum="2" swnum="1" t="1"/>
		<time hwnum="3" swnum="1" t="5"/>
		<time hwnum="4" swnum="1" t="4"/>
		<time hwnum="0" swnum="2" t="1"/>
		<time hwnum="1" swnum="2" t="1"/>
		<time hwnum="2" swnum="2" t="5"/>
		<time hwnum="3" swnum="2" t="4"/>
		<time hwnum="4" swnum="2" t="3"/>
		<time hwnum="0" swnum="3" t="5"/>
		<time hwnum="1" swnum="3" t="1"/>
		<time hwnum="2" swnum="3" t="4"/>
		<time hwnum="3" swnum="3" t="5"/>
		<time hwnum="4" swnum="3" t="2"/>
		<time hwnum="0" swnum="4" t="4"/>
		<time hwnum="1" swnum="4" t="3"/>
		<time hwnum="2" swnum="4" t="5"/>
		<time hwnum="3" swnum="4" t="5"/>
		<time hwnum="4" swnum="4" t="2"/>
	</module>
	<module limittime="4988" num="6" qall="0.99" qd="0.99" qrv="0.99" trecov="3" ttest="2" tvote="1">
		<tool name="none"/>
		<tool name="nvp01"/>
		<tool name="nvp11"/>
		<tool name="rb11"/>
		<sw cost="31" num="0" rel="0.851965903935"/>
		<sw cost="20" num="1" rel="0.951108894713"/>
		<sw cost="7" num="2" rel="0.865658494303"/>
		<sw cost="13" num="3" rel="0.904797673878"/>
		<sw cost="13" num="4" rel="0.926282296735"/>
		<hw cost="13" num="0" rel="0.870146549473"/>
		<hw cost="29" num="1" rel="0.888876345704"/>
		<hw cost="21" num="2" rel="0.911998155845"/>
		<hw cost="10" num="3" rel="0.960314051563"/>
		<hw cost="15" num="4" rel="0.970781560142"/>
		<time hwnum="0" swnum="0" t="4"/>
		<time hwnum="1" swnum="0" t="4"/>
		<time hwnum="2" swnum="0" t="3"/>
		<time hwnum="3" swnum="0" t="4"/>
		<time hwnum="4" swnum="0" t="5"/>
		<time hwnum="0" swnum="1" t="3"/>
		<time hwnum="1" swnum="1" t="4"/>
		<time hwnum="2" swnum="1" t="3"/>
		<time hwnum="3" swnum="1" t="4"/>
		<time hwnum="4" swnum="1" t="3"/>
		<time hwnum="0" swnum="2" t="3"/>
		<time hwnum="1" swnum="2" t="1"/>
		<time hwnum="2" swnum="2" t="4"/>
		<time hwnum="3" swnum="2" t="3"/>
		<time hwnum="4" swnum="2" t="1"/>
		<time hwnum="0" swnum="3" t="5"/>
		<time hwnum="1" swnum="3" t="2"/>
		<time hwnum="2" swnum="3" t="3"/>
		<time hwnum="3" swnum="3" t="2"/>
		<time hwnum="4" swnum="3" t="5"/>
		<time hwnum="0" swnum="4" t="4"/>
		<time hwnum="1" swnum="4" t="5"/>
		<time hwnum="2" swnum="4" t="3"/>
		<time hwnum="3" swnum="4" t="2"/>
		<time hwnum="4" swnum="4" t="3"/>
	</module>
	<module limittime="5166" num="7" qall="0.99" qd="0.99" qrv="0.99" trecov="3" ttest="2" tvote="1">
		<tool name="none"/>
		<tool name="nvp01"/>
		<tool name="nvp11"/>
		<tool name="rb11"/>
		<sw cost="15" num="0" rel="0.922167555782"/>
		<sw cost="13" num="1" rel="0.858988752192"/>
		<sw cost="15" num="2" rel="0.918647483103"/>
		<sw cost="23" num="3" rel="0.891883593605"/>
		<sw cost="6" num="4" rel="0.882311875733"/>
		<hw cost="17" num="0" rel="0.975704444424"/>
		<hw cost="27" num="1" rel="0.865655392645"/>
		<hw cost="14" num="2" rel="0.945059181537"/>
		<hw cost="31" num="3" rel="0.917568420558"/>
		<hw cost="23" num="4" rel="0.931151986834"/>
		<time hwnum="0" swnum="0" t="3"/>
		<time hwnum="1" swnum="0" t="1"/>
		<time hwnum="2" swnum="0" t="2"/>
		<time hwnum="3" swnum="0" t="3"/>
		<time hwnum="4" swnum="0" t="2"/>
		<time hwnum="0" swnum="1" t="2"/>
		<time hwnum="1" swnum="1" t="3"/>
		<time hwnum="2" swnum="1" t="2"/>
		<time hwnum="3" swnum="1" t="1"/>
		<time hwnum="4" swnum="1" t="1"/>
		<time hwnum="0" swnum="2" t="5"/>
		<time hwnum="1" swnum="2" t="2"/>
		<time hwnum="2" swnum="2" t="5"/>
		<time hwnum="3" swnum="2" t="1"/>
		<time hwnum="4" swnum="2" t="5"/>
		<time hwnum="0" swnum="3" t="2"/>
		<time hwnum="1" swnum="3" t="4"/>
		<time hwnum="2" swnum="3" t="2"/>
		<time hwnum="3" swnum="3" t="5"/>
		<time hwnum="4" swnum="3" t="2"/>
		<time hwnum="0" swnum="4" t="5"/>
		<time hwnum="1" swnum="4" t="1"/>
		<time hwnum="2" swnum="4" t="3"/>
		<time hwnum="3" swnum="4" t="5"/>
		<time hwnum="4" swnum="4" t="3"/>
	</module>
	<module limittime="5153" num="8" qall="0.99" qd="0.99" qrv="0.99" trecov="3" ttest="2" tvote="1">
		<tool name="none"/>
		<tool name="nvp01"/>
		<tool name="nvp11"/>
		<tool name="rb11"/>
		<sw cost="9" num="0" rel="0.984510776094"/>
		<sw cost="18" num="1" rel="0.875308031745"/>
		<sw cost="19" num="2" rel="0.907580806869"/>
		<sw cost="21" num="3" rel="0.915045465161"/>
		<sw cost="30" num="4" rel="0.951516935079"/>
		<hw cost="5" num="0" rel="0.886611468544"/>
		<hw cost="5" num="1" rel="0.96525441496"/>
		<hw cost="32" num="2" rel="0.922526753159"/>
		<hw cost="22" num="3" rel="0.963240503561"/>
		<hw cost="32" num="4" rel="0.96406895867"/>
		<time hwnum="0" swnum="0" t="4"/>
		<time hwnum="1" swnum="0" t="1"/>
		<time hwnum="2" swnum="0" t="5"/>
		<time hwnum="3" swnum="0" t="3"/>
		<time hwnum="4" swnum="0" t="2"/>
		<time hwnum="0" swnum="1" t="3"/>
		<time hwnum="1" swnum="1" t="3"/>
		<time hwnum="2" swnum="1" t="1"/>
		<time hwnum="3" swnum="1" t="3"/>
		<time hwnum="4" swnum="1" t="2"/>
		<time hwnum="0" swnum="2" t="4"/>
		<time hwnum="1" swnum="2" t="4"/>
		<time hwnum="2" swnum="2" t="2"/>
		<time hwnum="3" swnum="2" t="2"/>
		<time hwnum="4" swnum="2" t="2"/>
		<time hwnum="0" swnum="3" t="1"/>
		<time hwnum="1" swnum="3" t="2"/>
		<time hwnum="2" swnum="3" t="2"/>
		<time hwnum="3" swnum="3" t="1"/>
		<time hwnum="4" swnum="3" t="4"/>
		<time hwnum="0" swnum="4" t="4"/>
		<time hwnum="1" swnum="4" t="4"/>
		<time hwnum="2" swnum="4" t="1"/>
		<time hwnum="3" swnum="4" t="3"/>
		<time hwnum="4" swnum="4" t="5"/>
	</module>
	<module limittime="4329" num="9" qall="0.99" qd="0.99" qrv="0.99" trecov="3" ttest="2" tvote="1">
		<tool name="none"/>
		<tool name="nvp01"/>
		<tool name="nvp11"/>
		<tool name="rb11"/>
		<sw cost="31" num="0" rel="0.879993416408"/>
		<sw cost="30" num="1" rel="0.882440136208"/>
		<sw cost="34" num="2" rel="0.938976633149"/>
		<sw cost="31" num="3" rel="0.887699115627"/>
		<sw cost="28" num="4" rel="0.865274822326"/>
		<hw cost="12" num="0" rel="0.976650505661"/>
		<hw cost="30" num="1" rel="0.925593224628"/>
		<hw cost="15" num="2" rel="0.859376289732"/>
		<hw cost="27" num="3" rel="0.955521294048"/>
		<hw cost="19" num="4" rel="0.971212393451"/>
		<time hwnum="0" swnum="0" t="1"/>
		<time hwnum="1" swnum="0" t="4"/>
		<time hwnum="2" swnum="0" t="4"/>
		<time hwnum="3" swnum="0" t="5"/>
		<time hwnum="4" swnum="0" t="3"/>
		<time hwnum="0" swnum="1" t="2"/>
		<time hwnum="1" swnum="1" t="5"/>
		<time hwnum="2" swnum="1" t="4"/>
		<time hwnum="3" swnum="1" t="2"/>
		<time hwnum="4" swnum="1" t="2"/>
		<time hwnum="0" swnum="2" t="5"/>
		<time hwnum="1" swnum="2" t="3"/>
		<time hwnum="2" swnum="2" t="3"/>
		<time hwnum="3" swnum="2" t="4"/>
		<time hwnum="4" swnum="2" t="3"/>
		<time hwnum="0" swnum="3" t="1"/>
		<time hwnum="1" swnum="3" t="3"/>
		<time hwnum="2" swnum="3" t="3"/>
		<time hwnum="3" swnum="3" t="5"/>
		<time hwnum="4" swnum="3" t="2"/>
		<time hwnum="0" swnum="4" t="2"/>
		<time hwnum="1" swnum="4" t="4"/>
		<time hwnum="2" swnum="4" t="5"/>
		<time hwnum="3" swnum="4" t="3"/>
		<time hwnum="4" swnum="4" t="3"/>
	</module>
	<module limittime="5146" num="10" qall="0.99" qd="0.99" qrv="0.99" trecov="3" ttest="2" tvote="1">
		<tool name="none"/>
		<tool name="nvp01"/>
		<tool name="nvp11"/>
		<tool name="rb11"/>
		<sw cost="24" num="0" rel="0.94848124915"/>
		<sw cost="30" num="1" rel="0.972731503974"/>
		<sw cost="25" num="2" rel="0.860496709731"/>
		<sw cost="7" num="3" rel="0.853064428242"/>
		<sw cost="22" num="4" rel="0.988462960477"/>
		<hw cost="9" num="0" rel="0.852101391814"/>
		<hw cost="19" num="1" rel="0.861618918894"/>
		<hw cost="25" num="2" rel="0.974747760829"/>
		<hw cost="32" num="3" rel="0.95588222095"/>
		<hw cost="26" num="4" rel="0.923333684268"/>
		<time hwnum="0" swnum="0" t="3"/>
		<time hwnum="1" swnum="0" t="5"/>
		<time hwnum="2" swnum="0" t="4"/>
		<time hwnum="3" swnum="0" t="2"/>
		<time hwnum="4" swnum="0" t="2"/>
		<time hwnum="0" swnum="1" t="4"/>
		<time hwnum="1" swnum="1" t="5"/>
		<time hwnum="2" swnum="1" t="5"/>
		<time hwnum="3" swnum="1" t="3"/>
		<time hwnum="4" swnum="1" t="1"/>
		<time hwnum="0" swnum="2" t="5"/>
		<time hwnum="1" swnum="2" t="1"/>
		<time hwnum="2" swnum="2" t="1"/>
		<time hwnum="3" swnum="2" t="5"/>
		<time hwnum="4" swnum="2" t="4"/>
		<time hwnum="0" swnum="3" t="1"/>
		<time hwnum="1" swnum="3" t="1"/>
		<time hwnum="2" swnum="3" t="3"/>
		<time hwnum="3" swnum="3" t="5"/>
		<time hwnum="4" swnum="3" t="5"/>
		<time hwnum="0" swnum="4" t="4"/>
		<time hwnum="1" swnum="4" t="2"/>
		<time hwnum="2" swnum="4" t="5"/>
		<time hwnum="3" swnum="4" t="5"/>
		<time hwnum="4" swnum="4" t="2"/>
	</module>
	<module limittime="5170" num="11" qall="0.99" qd="0.99" qrv="0.99" trecov="3" ttest="2" tvote="1">
		<tool name="none"/>
		<tool name="nvp01"/>
		<tool name="nvp11"/>
		<tool name="rb11"/>
		<sw cost="14" num="0" rel="0.877259674938"/>
		<sw cost="10" num="1" rel="0.880782876754"/>
		<sw cost="13" num="2" rel="0.915743081288"/>
		<sw cost="7" num="3" rel="0.930622756687"/>
		<sw cost="6" num="4" rel="0.944116102675"/>
		<hw cost="33" num="0" rel="0.972684890888"/>
		<hw cost="34" num="1" rel="0.893075468502"/>
		<hw cost="5" num="2" rel="0.95535070759"/>
		<hw cost="27" num="3" rel="0.932291225345"/>
		<hw cost="27" num="4" rel="0.895795986934"/>
		<time hwnum="0" swnum="0" t="1"/>
		<time hwnum="1" swnum="0" t="4"/>
		<time hwnum="2" swnum="0" t="1"/>
		<time hwnum="3" swnum="0" t="4"/>
		<time hwnum="4" swnum="0" t="1"/>
		<time hwnum="0" swnum="1" t="1"/>
		<time hwnum="1" swnum="1" t="3"/>
		<time hwnum="2" swnum="1" t="3"/>
		<time hwnum="3" swnum="1" t="4"/>
		<time hwnum="4" swnum="1" t="1"/>
		<time hwnum="0" swnum="2" t="1"/>
		<time hwnum="1" swnum="2" t="5"/>
		<time hwnum="2" swnum="2" t="5"/>
		<time hwnum="3" swnum="2" t="5"/>
		<time hwnum="4" swnum="2" t="5"/>
		<time hwnum="0" swnum="3" t="3"/>
		<time hwnum="1" swnum="3" t="3"/>
		<time hwnum="2" swnum="3" t="4"/>
		<time hwnum="3" swnum="3" t="5"/>
		<time hwnum="4" swnum="3" t="3"/>
		<time hwnum="0" swnum="4" t="1"/>
		<time hwnum="1" swnum="4" t="5"/>
		<time hwnum="2" swnum="4" t="1"/>
		<time hwnum="3" swnum="4" t="3"/>
		<time hwnum="4" swnum="4" t="1"/>
	</module>
	<link dst="1" src="0" vol="102"/>
	<link dst="2" src="0" vol="108"/>
	<link dst="3" src="0" vol="114"/>
	<link dst="7" src="0" vol="123"/>
	<link dst="9" src="0" vol="147"/>
	<link dst="2" src="1" vol="135"/>
	<link dst="3" src="1" vol="143"/>
	<link dst="4" src="1" vol="143"/>
	<link dst="5" src="1" vol="130"/>
	<link dst="6" src="1" vol="120"/>
	<link dst="8" src="1" vol="113"/>
	<link dst="9" src="1" vol="142"/>
	<link dst="10" src="1" vol="112"/>
	<link dst="11" src="1" vol="109"/>
	<link dst="3" src="2" vol="134"/>
	<link dst="5" src="2" vol="144"/>
	<link dst="6" src="2" vol="132"/>
	<link dst="9" src="2" vol="121"/>
	<link dst="11" src="2" vol="107"/>
	<link dst="4" src="3" vol="114"/>
	<link dst="5" src="3" vol="126"/>
	<link dst="11" src="3" vol="108"/>
	<link dst="6" src="4" vol="113"/>
	<link dst="9" src="4" vol="123"/>
	<link dst="11" src="4" vol="110"/>
	<link dst="7" src="5" vol="139"/>
	<link dst="7" src="6" vol="111"/>
	<link dst="8" src="6" vol="115"/>
	<link dst="10" src="6" vol="130"/>
	<link dst="11" src="6" vol="115"/>
	<link dst="11" src="7" vol="124"/>
	<link dst="11" src="8" vol="115"/>
	<link dst="11" src="10" vol="110"/>
</system>
