<?xml version="1.0" ?>
<system limitcost="364">
	<module limittime="59" num="0" qall="0.99" qd="0.99" qrv="0.99" trecov="3" ttest="2" tvote="1">
		<tool name="none"/>
		<tool name="nvp01"/>
		<tool name="nvp11"/>
		<tool name="rb11"/>
		<sw cost="28" num="0" rel="0.870457020742"/>
		<sw cost="18" num="1" rel="0.852710844216"/>
		<sw cost="33" num="2" rel="0.91984199588"/>
		<sw cost="20" num="3" rel="0.909291192894"/>
		<sw cost="23" num="4" rel="0.91073739184"/>
		<hw cost="9" num="0" rel="0.884018644463"/>
		<hw cost="23" num="1" rel="0.954443708111"/>
		<hw cost="31" num="2" rel="0.93163316151"/>
		<hw cost="27" num="3" rel="0.87484582454"/>
		<hw cost="6" num="4" rel="0.869369898193"/>
		<time hwnum="0" swnum="0" t="12"/>
		<time hwnum="1" swnum="0" t="23"/>
		<time hwnum="2" swnum="0" t="26"/>
		<time hwnum="3" swnum="0" t="17"/>
		<time hwnum="4" swnum="0" t="18"/>
		<time hwnum="0" swnum="1" t="18"/>
		<time hwnum="1" swnum="1" t="22"/>
		<time hwnum="2" swnum="1" t="25"/>
		<time hwnum="3" swnum="1" t="20"/>
		<time hwnum="4" swnum="1" t="23"/>
		<time hwnum="0" swnum="2" t="21"/>
		<time hwnum="1" swnum="2" t="30"/>
		<time hwnum="2" swnum="2" t="23"/>
		<time hwnum="3" swnum="2" t="25"/>
		<time hwnum="4" swnum="2" t="15"/>
		<time hwnum="0" swnum="3" t="28"/>
		<time hwnum="1" swnum="3" t="15"/>
		<time hwnum="2" swnum="3" t="10"/>
		<time hwnum="3" swnum="3" t="19"/>
		<time hwnum="4" swnum="3" t="29"/>
		<time hwnum="0" swnum="4" t="26"/>
		<time hwnum="1" swnum="4" t="13"/>
		<time hwnum="2" swnum="4" t="17"/>
		<time hwnum="3" swnum="4" t="12"/>
		<time hwnum="4" swnum="4" t="27"/>
	</module>
	<module limittime="111" num="1" qall="0.99" qd="0.99" qrv="0.99" trecov="3" ttest="2" tvote="1">
		<tool name="none"/>
		<tool name="nvp01"/>
		<tool name="nvp11"/>
		<tool name="rb11"/>
		<sw cost="5" num="0" rel="0.870426638937"/>
		<sw cost="31" num="1" rel="0.900627158125"/>
		<sw cost="9" num="2" rel="0.946371354685"/>
		<sw cost="21" num="3" rel="0.971643393968"/>
		<sw cost="18" num="4" rel="0.913946769133"/>
		<hw cost="12" num="0" rel="0.947435872228"/>
		<hw cost="17" num="1" rel="0.925214089469"/>
		<hw cost="14" num="2" rel="0.931676658621"/>
		<hw cost="26" num="3" rel="0.966099125368"/>
		<hw cost="14" num="4" rel="0.956830682254"/>
		<time hwnum="0" swnum="0" t="29"/>
		<time hwnum="1" swnum="0" t="25"/>
		<time hwnum="2" swnum="0" t="22"/>
		<time hwnum="3" swnum="0" t="13"/>
		<time hwnum="4" swnum="0" t="27"/>
		<time hwnum="0" swnum="1" t="20"/>
		<time hwnum="1" swnum="1" t="15"/>
		<time hwnum="2" swnum="1" t="25"/>
		<time hwnum="3" swnum="1" t="19"/>
		<time hwnum="4" swnum="1" t="11"/>
		<time hwnum="0" swnum="2" t="25"/>
		<time hwnum="1" swnum="2" t="18"/>
		<time hwnum="2" swnum="2" t="26"/>
		<time hwnum="3" swnum="2" t="21"/>
		<time hwnum="4" swnum="2" t="13"/>
		<time hwnum="0" swnum="3" t="29"/>
		<time hwnum="1" swnum="3" t="26"/>
		<time hwnum="2" swnum="3" t="28"/>
		<time hwnum="3" swnum="3" t="22"/>
		<time hwnum="4" swnum="3" t="14"/>
		<time hwnum="0" swnum="4" t="18"/>
		<time hwnum="1" swnum="4" t="25"/>
		<time hwnum="2" swnum="4" t="29"/>
		<time hwnum="3" swnum="4" t="30"/>
		<time hwnum="4" swnum="4" t="11"/>
	</module>
	<module limittime="148" num="2" qall="0.99" qd="0.99" qrv="0.99" trecov="3" ttest="2" tvote="1">
		<tool name="none"/>
		<tool name="nvp01"/>
		<tool name="nvp11"/>
		<tool name="rb11"/>
		<sw cost="34" num="0" rel="0.868673945205"/>
		<sw cost="12" num="1" rel="0.875231726143"/>
		<sw cost="25" num="2" rel="0.860956852985"/>
		<sw cost="33" num="3" rel="0.910212909254"/>
		<sw cost="18" num="4" rel="0.952202328979"/>
		<hw cost="18" num="0" rel="0.933008674765"/>
		<hw cost="20" num="1" rel="0.912923573504"/>
		<hw cost="5" num="2" rel="0.92141397705"/>
		<hw cost="18" num="3" rel="0.910616846387"/>
		<hw cost="27" num="4" rel="0.930951657271"/>
		<time hwnum="0" swnum="0" t="12"/>
		<time hwnum="1" swnum="0" t="11"/>
		<time hwnum="2" swnum="0" t="17"/>
		<time hwnum="3" swnum="0" t="30"/>
		<time hwnum="4" swnum="0" t="13"/>
		<time hwnum="0" swnum="1" t="21"/>
		<time hwnum="1" swnum="1" t="11"/>
		<time hwnum="2" swnum="1" t="25"/>
		<time hwnum="3" swnum="1" t="26"/>
		<time hwnum="4" swnum="1" t="23"/>
		<time hwnum="0" swnum="2" t="20"/>
		<time hwnum="1" swnum="2" t="18"/>
		<time hwnum="2" swnum="2" t="14"/>
		<time hwnum="3" swnum="2" t="25"/>
		<time hwnum="4" swnum="2" t="15"/>
		<time hwnum="0" swnum="3" t="15"/>
		<time hwnum="1" swnum="3" t="18"/>
		<time hwnum="2" swnum="3" t="23"/>
		<time hwnum="3" swnum="3" t="26"/>
		<time hwnum="4" swnum="3" t="11"/>
		<time hwnum="0" swnum="4" t="10"/>
		<time hwnum="1" swnum="4" t="23"/>
		<time hwnum="2" swnum="4" t="26"/>
		<time hwnum="3" swnum="4" t="25"/>
		<time hwnum="4" swnum="4" t="10"/>
	</module>
	<module limittime="183" num="3" qall="0.99" qd="0.99" qrv="0.99" trecov="3" ttest="2" tvote="1">
		<tool name="none"/>
		<tool name="nvp01"/>
		<tool name="nvp11"/>
		<tool name="rb11"/>
		<sw cost="34" num="0" rel="0.948342726422"/>
		<sw cost="18" num="1" rel="0.898391617342"/>
		<sw cost="7" num="2" rel="0.879775949292"/>
		<sw cost="10" num="3" rel="0.943067228972"/>
		<sw cost="10" num="4" rel="0.943146616097"/>
		<hw cost="17" num="0" rel="0.853966916495"/>
		<hw cost="20" num="1" rel="0.907184657049"/>
		<hw cost="16" num="2" rel="0.956427115739"/>
		<hw cost="23" num="3" rel="0.973325664798"/>
		<hw cost="9" num="4" rel="0.986306415374"/>
		<time hwnum="0" swnum="0" t="24"/>
		<time hwnum="1" swnum="0" t="19"/>
		<time hwnum="2" swnum="0" t="16"/>
		<time hwnum="3" swnum="0" t="23"/>
		<time hwnum="4" swnum="0" t="21"/>
		<time hwnum="0" swnum="1" t="22"/>
		<time hwnum="1" swnum="1" t="28"/>
		<time hwnum="2" swnum="1" t="30"/>
		<time hwnum="3" swnum="1" t="10"/>
		<time hwnum="4" swnum="1" t="13"/>
		<time hwnum="0" swnum="2" t="14"/>
		<time hwnum="1" swnum="2" t="24"/>
		<time hwnum="2" swnum="2" t="14"/>
		<time hwnum="3" swnum="2" t="27"/>
		<time hwnum="4" swnum="2" t="24"/>
		<time hwnum="0" swnum="3" t="16"/>
		<time hwnum="1" swnum="3" t="14"/>
		<time hwnum="2" swnum="3" t="26"/>
		<time hwnum="3" swnum="3" t="25"/>
		<time hwnum="4" swnum="3" t="15"/>
		<time hwnum="0" swnum="4" t="21"/>
		<time hwnum="1" swnum="4" t="25"/>
		<time hwnum="2" swnum="4" t="29"/>
		<time hwnum="3" swnum="4" t="28"/>
		<time hwnum="4" swnum="4" t="24"/>
	</module>
	<module limittime="88" num="4" qall="0.99" qd="0.99" qrv="0.99" trecov="3" ttest="2" tvote="1">
		<tool name="none"/>
		<tool name="nvp01"/>
		<tool name="nvp11"/>
		<tool name="rb11"/>
		<sw cost="33" num="0" rel="0.917044209829"/>
		<sw cost="33" num="1" rel="0.87244406846"/>
		<sw cost="23" num="2" rel="0.977619082928"/>
		<sw cost="5" num="3" rel="0.91528235703"/>
		<sw cost="6" num="4" rel="0.920456062712"/>
		<hw cost="31" num="0" rel="0.908002820786"/>
		<hw cost="20" num="1" rel="0.906690105646"/>
		<hw cost="6" num="2" rel="0.879539592054"/>
		<hw cost="25" num="3" rel="0.879268944858"/>
		<hw cost="24" num="4" rel="0.854701164799"/>
		<time hwnum="0" swnum="0" t="30"/>
		<time hwnum="1" swnum="0" t="19"/>
		<time hwnum="2" swnum="0" t="17"/>
		<time hwnum="3" swnum="0" t="23"/>
		<time hwnum="4" swnum="0" t="22"/>
		<time hwnum="0" swnum="1" t="20"/>
		<time hwnum="1" swnum="1" t="23"/>
		<time hwnum="2" swnum="1" t="13"/>
		<time hwnum="3" swnum="1" t="16"/>
		<time hwnum="4" swnum="1" t="20"/>
		<time hwnum="0" swnum="2" t="25"/>
		<time hwnum="1" swnum="2" t="13"/>
		<time hwnum="2" swnum="2" t="24"/>
		<time hwnum="3" swnum="2" t="19"/>
		<time hwnum="4" swnum="2" t="14"/>
		<time hwnum="0" swnum="3" t="12"/>
		<time hwnum="1" swnum="3" t="15"/>
		<time hwnum="2" swnum="3" t="11"/>
		<time hwnum="3" swnum="3" t="19"/>
		<time hwnum="4" swnum="3" t="21"/>
		<time hwnum="0" swnum="4" t="30"/>
		<time hwnum="1" swnum="4" t="30"/>
		<time hwnum="2" swnum="4" t="24"/>
		<time hwnum="3" swnum="4" t="16"/>
		<time hwnum="4" swnum="4" t="11"/>
	</module>
	<module limittime="151" num="5" qall="0.99" qd="0.99" qrv="0.99" trecov="3" ttest="2" tvote="1">
		<tool name="none"/>
		<tool name="nvp01"/>
		<tool name="nvp11"/>
		<tool name="rb11"/>
		<sw cost="15" num="0" rel="0.989501082674"/>
		<sw cost="8" num="1" rel="0.901302425656"/>
		<sw cost="8" num="2" rel="0.975046167184"/>
		<sw cost="11" num="3" rel="0.949320534163"/>
		<sw cost="13" num="4" rel="0.895284440343"/>
		<hw cost="18" num="0" rel="0.888379756188"/>
		<hw cost="22" num="1" rel="0.985408549544"/>
		<hw cost="10" num="2" rel="0.852863156178"/>
		<hw cost="13" num="3" rel="0.863171875495"/>
		<hw cost="25" num="4" rel="0.928254739413"/>
		<time hwnum="0" swnum="0" t="17"/>
		<time hwnum="1" swnum="0" t="15"/>
		<time hwnum="2" swnum="0" t="23"/>
		<time hwnum="3" swnum="0" t="11"/>
		<time hwnum="4" swnum="0" t="23"/>
		<time hwnum="0" swnum="1" t="17"/>
		<time hwnum="1" swnum="1" t="11"/>
		<time hwnum="2" swnum="1" t="27"/>
		<time hwnum="3" swnum="1" t="11"/>
		<time hwnum="4" swnum="1" t="17"/>
		<time hwnum="0" swnum="2" t="10"/>
		<time hwnum="1" swnum="2" t="24"/>
		<time hwnum="2" swnum="2" t="15"/>
		<time hwnum="3" swnum="2" t="29"/>
		<time hwnum="4" swnum="2" t="17"/>
		<time hwnum="0" swnum="3" t="18"/>
		<time hwnum="1" swnum="3" t="17"/>
		<time hwnum="2" swnum="3" t="19"/>
		<time hwnum="3" swnum="3" t="11"/>
		<time hwnum="4" swnum="3" t="28"/>
		<time hwnum="0" swnum="4" t="27"/>
		<time hwnum="1" swnum="4" t="14"/>
		<time hwnum="2" swnum="4" t="26"/>
		<time hwnum="3" swnum="4" t="25"/>
		<time hwnum="4" swnum="4" t="29"/>
	</module>
	<module limittime="87" num="6" qall="0.99" qd="0.99" qrv="0.99" trecov="3" ttest="2" tvote="1">
		<tool name="none"/>
		<tool name="nvp01"/>
		<tool name="nvp11"/>
		<tool name="rb11"/>
		<sw cost="26" num="0" rel="0.932153164022"/>
		<sw cost="6" num="1" rel="0.964540960156"/>
		<sw cost="23" num="2" rel="0.961558828597"/>
		<sw cost="12" num="3" rel="0.989446026884"/>
		<sw cost="20" num="4" rel="0.914194981769"/>
		<hw cost="5" num="0" rel="0.983329363394"/>
		<hw cost="33" num="1" rel="0.861787257098"/>
		<hw cost="11" num="2" rel="0.977474981992"/>
		<hw cost="5" num="3" rel="0.985210010433"/>
		<hw cost="32" num="4" rel="0.955963712842"/>
		<time hwnum="0" swnum="0" t="18"/>
		<time hwnum="1" swnum="0" t="14"/>
		<time hwnum="2" swnum="0" t="19"/>
		<time hwnum="3" swnum="0" t="10"/>
		<time hwnum="4" swnum="0" t="18"/>
		<time hwnum="0" swnum="1" t="14"/>
		<time hwnum="1" swnum="1" t="20"/>
		<time hwnum="2" swnum="1" t="22"/>
		<time hwnum="3" swnum="1" t="28"/>
		<time hwnum="4" swnum="1" t="26"/>
		<time hwnum="0" swnum="2" t="14"/>
		<time hwnum="1" swnum="2" t="22"/>
		<time hwnum="2" swnum="2" t="17"/>
		<time hwnum="3" swnum="2" t="20"/>
		<time hwnum="4" swnum="2" t="30"/>
		<time hwnum="0" swnum="3" t="11"/>
		<time hwnum="1" swnum="3" t="13"/>
		<time hwnum="2" swnum="3" t="22"/>
		<time hwnum="3" swnum="3" t="18"/>
		<time hwnum="4" swnum="3" t="10"/>
		<time hwnum="0" swnum="4" t="22"/>
		<time hwnum="1" swnum="4" t="28"/>
		<time hwnum="2" swnum="4" t="11"/>
		<time hwnum="3" swnum="4" t="22"/>
		<time hwnum="4" swnum="4" t="25"/>
	</module>
	<module limittime="209" num="7" qall="0.99" qd="0.99" qrv="0.99" trecov="3" ttest="2" tvote="1">
		<tool name="none"/>
		<tool name="nvp01"/>
		<tool name="nvp11"/>
		<tool name="rb11"/>
		<sw cost="13" num="0" rel="0.920275872307"/>
		<sw cost="9" num="1" rel="0.855548992059"/>
		<sw cost="18" num="2" rel="0.850313282594"/>
		<sw cost="29" num="3" rel="0.929288392768"/>
		<sw cost="7" num="4" rel="0.879612584233"/>
		<hw cost="6" num="0" rel="0.899082866261"/>
		<hw cost="31" num="1" rel="0.917168053026"/>
		<hw cost="28" num="2" rel="0.868742268474"/>
		<hw cost="11" num="3" rel="0.942453336026"/>
		<hw cost="16" num="4" rel="0.929477052729"/>
		<time hwnum="0" swnum="0" t="25"/>
		<time hwnum="1" swnum="0" t="23"/>
		<time hwnum="2" swnum="0" t="26"/>
		<time hwnum="3" swnum="0" t="23"/>
		<time hwnum="4" swnum="0" t="25"/>
		<time hwnum="0" swnum="1" t="20"/>
		<time hwnum="1" swnum="1" t="17"/>
		<time hwnum="2" swnum="1" t="23"/>
		<time hwnum="3" swnum="1" t="16"/>
		<time hwnum="4" swnum="1" t="20"/>
		<time hwnum="0" swnum="2" t="22"/>
		<time hwnum="1" swnum="2" t="10"/>
		<time hwnum="2" swnum="2" t="17"/>
		<time hwnum="3" swnum="2" t="25"/>
		<time hwnum="4" swnum="2" t="26"/>
		<time hwnum="0" swnum="3" t="12"/>
		<time hwnum="1" swnum="3" t="16"/>
		<time hwnum="2" swnum="3" t="26"/>
		<time hwnum="3" swnum="3" t="25"/>
		<time hwnum="4" swnum="3" t="30"/>
		<time hwnum="0" swnum="4" t="29"/>
		<time hwnum="1" swnum="4" t="11"/>
		<time hwnum="2" swnum="4" t="19"/>
		<time hwnum="3" swnum="4" t="14"/>
		<time hwnum="4" swnum="4" t="19"/>
	</module>
	<link dst="1" src="0" vol="2"/>
	<link dst="4" src="0" vol="5"/>
	<link dst="5" src="0" vol="6"/>
	<link dst="6" src="0" vol="10"/>
	<link dst="2" src="1" vol="10"/>
	<link dst="5" src="1" vol="8"/>
	<link dst="3" src="2" vol="7"/>
	<link dst="7" src="3" vol="6"/>
	<link dst="7" src="4" vol="1"/>
	<link dst="7" src="5" vol="10"/>
	<link dst="7" src="6" vol="1"/>
</system>
