<?xml version="1.0" ?>
<system limitcost="800">
	<module num="0" qall="0.99" qd="0.99" qrv="0.99" trecov="3" ttest="2" tvote="1">
		<tool name="none"/>
		<tool name="nvp01"/>
		<tool name="nvp11"/>
		<tool name="rb11"/>
		<sw cost="21" num="0" rel="0.978089450995"/>
		<sw cost="12" num="1" rel="0.87047298732"/>
		<sw cost="13" num="2" rel="0.9885932169"/>
		<sw cost="16" num="3" rel="0.908901296625"/>
		<sw cost="21" num="4" rel="0.855519767982"/>
		<sw cost="28" num="5" rel="0.86216436879"/>
		<sw cost="15" num="6" rel="0.920381455197"/>
		<sw cost="11" num="7" rel="0.871729527549"/>
		<sw cost="14" num="8" rel="0.99104918819"/>
		<sw cost="13" num="9" rel="0.863074425991"/>
		<hw cost="24" num="0" rel="0.976158559224"/>
		<hw cost="30" num="1" rel="0.873669211641"/>
		<hw cost="26" num="2" rel="0.882408751749"/>
		<hw cost="20" num="3" rel="0.898012443224"/>
		<hw cost="29" num="4" rel="0.850406768479"/>
		<hw cost="30" num="5" rel="0.993289240783"/>
		<hw cost="20" num="6" rel="0.907793076588"/>
		<hw cost="30" num="7" rel="0.982404136127"/>
		<hw cost="18" num="8" rel="0.925605981885"/>
		<hw cost="16" num="9" rel="0.95056073636"/>
		<time hwnum="0" swnum="0" t="5"/>
		<time hwnum="1" swnum="0" t="7"/>
		<time hwnum="2" swnum="0" t="7"/>
		<time hwnum="3" swnum="0" t="2"/>
		<time hwnum="4" swnum="0" t="2"/>
		<time hwnum="5" swnum="0" t="10"/>
		<time hwnum="6" swnum="0" t="5"/>
		<time hwnum="7" swnum="0" t="9"/>
		<time hwnum="8" swnum="0" t="7"/>
		<time hwnum="9" swnum="0" t="6"/>
		<time hwnum="0" swnum="1" t="10"/>
		<time hwnum="1" swnum="1" t="1"/>
		<time hwnum="2" swnum="1" t="3"/>
		<time hwnum="3" swnum="1" t="8"/>
		<time hwnum="4" swnum="1" t="3"/>
		<time hwnum="5" swnum="1" t="6"/>
		<time hwnum="6" swnum="1" t="8"/>
		<time hwnum="7" swnum="1" t="2"/>
		<time hwnum="8" swnum="1" t="9"/>
		<time hwnum="9" swnum="1" t="2"/>
		<time hwnum="0" swnum="2" t="7"/>
		<time hwnum="1" swnum="2" t="1"/>
		<time hwnum="2" swnum="2" t="6"/>
		<time hwnum="3" swnum="2" t="6"/>
		<time hwnum="4" swnum="2" t="6"/>
		<time hwnum="5" swnum="2" t="7"/>
		<time hwnum="6" swnum="2" t="7"/>
		<time hwnum="7" swnum="2" t="1"/>
		<time hwnum="8" swnum="2" t="3"/>
		<time hwnum="9" swnum="2" t="2"/>
		<time hwnum="0" swnum="3" t="4"/>
		<time hwnum="1" swnum="3" t="8"/>
		<time hwnum="2" swnum="3" t="3"/>
		<time hwnum="3" swnum="3" t="6"/>
		<time hwnum="4" swnum="3" t="9"/>
		<time hwnum="5" swnum="3" t="5"/>
		<time hwnum="6" swnum="3" t="4"/>
		<time hwnum="7" swnum="3" t="2"/>
		<time hwnum="8" swnum="3" t="6"/>
		<time hwnum="9" swnum="3" t="1"/>
		<time hwnum="0" swnum="4" t="1"/>
		<time hwnum="1" swnum="4" t="10"/>
		<time hwnum="2" swnum="4" t="8"/>
		<time hwnum="3" swnum="4" t="2"/>
		<time hwnum="4" swnum="4" t="7"/>
		<time hwnum="5" swnum="4" t="9"/>
		<time hwnum="6" swnum="4" t="10"/>
		<time hwnum="7" swnum="4" t="10"/>
		<time hwnum="8" swnum="4" t="4"/>
		<time hwnum="9" swnum="4" t="1"/>
		<time hwnum="0" swnum="5" t="5"/>
		<time hwnum="1" swnum="5" t="10"/>
		<time hwnum="2" swnum="5" t="9"/>
		<time hwnum="3" swnum="5" t="1"/>
		<time hwnum="4" swnum="5" t="6"/>
		<time hwnum="5" swnum="5" t="7"/>
		<time hwnum="6" swnum="5" t="10"/>
		<time hwnum="7" swnum="5" t="3"/>
		<time hwnum="8" swnum="5" t="10"/>
		<time hwnum="9" swnum="5" t="2"/>
		<time hwnum="0" swnum="6" t="1"/>
		<time hwnum="1" swnum="6" t="8"/>
		<time hwnum="2" swnum="6" t="2"/>
		<time hwnum="3" swnum="6" t="6"/>
		<time hwnum="4" swnum="6" t="5"/>
		<time hwnum="5" swnum="6" t="1"/>
		<time hwnum="6" swnum="6" t="5"/>
		<time hwnum="7" swnum="6" t="4"/>
		<time hwnum="8" swnum="6" t="1"/>
		<time hwnum="9" swnum="6" t="7"/>
		<time hwnum="0" swnum="7" t="9"/>
		<time hwnum="1" swnum="7" t="3"/>
		<time hwnum="2" swnum="7" t="4"/>
		<time hwnum="3" swnum="7" t="1"/>
		<time hwnum="4" swnum="7" t="6"/>
		<time hwnum="5" swnum="7" t="10"/>
		<time hwnum="6" swnum="7" t="3"/>
		<time hwnum="7" swnum="7" t="9"/>
		<time hwnum="8" swnum="7" t="8"/>
		<time hwnum="9" swnum="7" t="1"/>
		<time hwnum="0" swnum="8" t="7"/>
		<time hwnum="1" swnum="8" t="10"/>
		<time hwnum="2" swnum="8" t="1"/>
		<time hwnum="3" swnum="8" t="7"/>
		<time hwnum="4" swnum="8" t="8"/>
		<time hwnum="5" swnum="8" t="6"/>
		<time hwnum="6" swnum="8" t="3"/>
		<time hwnum="7" swnum="8" t="5"/>
		<time hwnum="8" swnum="8" t="5"/>
		<time hwnum="9" swnum="8" t="8"/>
		<time hwnum="0" swnum="9" t="10"/>
		<time hwnum="1" swnum="9" t="7"/>
		<time hwnum="2" swnum="9" t="2"/>
		<time hwnum="3" swnum="9" t="3"/>
		<time hwnum="4" swnum="9" t="6"/>
		<time hwnum="5" swnum="9" t="7"/>
		<time hwnum="6" swnum="9" t="1"/>
		<time hwnum="7" swnum="9" t="1"/>
		<time hwnum="8" swnum="9" t="6"/>
		<time hwnum="9" swnum="9" t="6"/>
	</module>
	<module num="1" qall="0.99" qd="0.99" qrv="0.99" trecov="3" ttest="2" tvote="1">
		<tool name="none"/>
		<tool name="nvp01"/>
		<tool name="nvp11"/>
		<tool name="rb11"/>
		<sw cost="23" num="0" rel="0.941104308249"/>
		<sw cost="24" num="1" rel="0.850240225456"/>
		<sw cost="18" num="2" rel="0.876950330045"/>
		<sw cost="15" num="3" rel="0.857554066298"/>
		<sw cost="19" num="4" rel="0.97640448902"/>
		<sw cost="18" num="5" rel="0.859425116275"/>
		<sw cost="11" num="6" rel="0.970308853292"/>
		<sw cost="28" num="7" rel="0.900266560702"/>
		<sw cost="23" num="8" rel="0.954620470655"/>
		<sw cost="17" num="9" rel="0.85524747106"/>
		<hw cost="27" num="0" rel="0.882707253369"/>
		<hw cost="24" num="1" rel="0.999845241101"/>
		<hw cost="13" num="2" rel="0.903803672411"/>
		<hw cost="12" num="3" rel="0.869968910125"/>
		<hw cost="14" num="4" rel="0.962622846312"/>
		<hw cost="30" num="5" rel="0.947277555567"/>
		<hw cost="25" num="6" rel="0.866244640782"/>
		<hw cost="13" num="7" rel="0.880297641984"/>
		<hw cost="15" num="8" rel="0.952931306969"/>
		<hw cost="23" num="9" rel="0.995921080896"/>
		<time hwnum="0" swnum="0" t="5"/>
		<time hwnum="1" swnum="0" t="9"/>
		<time hwnum="2" swnum="0" t="2"/>
		<time hwnum="3" swnum="0" t="2"/>
		<time hwnum="4" swnum="0" t="2"/>
		<time hwnum="5" swnum="0" t="9"/>
		<time hwnum="6" swnum="0" t="5"/>
		<time hwnum="7" swnum="0" t="3"/>
		<time hwnum="8" swnum="0" t="3"/>
		<time hwnum="9" swnum="0" t="2"/>
		<time hwnum="0" swnum="1" t="9"/>
		<time hwnum="1" swnum="1" t="9"/>
		<time hwnum="2" swnum="1" t="1"/>
		<time hwnum="3" swnum="1" t="3"/>
		<time hwnum="4" swnum="1" t="8"/>
		<time hwnum="5" swnum="1" t="1"/>
		<time hwnum="6" swnum="1" t="7"/>
		<time hwnum="7" swnum="1" t="10"/>
		<time hwnum="8" swnum="1" t="3"/>
		<time hwnum="9" swnum="1" t="5"/>
		<time hwnum="0" swnum="2" t="4"/>
		<time hwnum="1" swnum="2" t="7"/>
		<time hwnum="2" swnum="2" t="1"/>
		<time hwnum="3" swnum="2" t="2"/>
		<time hwnum="4" swnum="2" t="10"/>
		<time hwnum="5" swnum="2" t="8"/>
		<time hwnum="6" swnum="2" t="4"/>
		<time hwnum="7" swnum="2" t="9"/>
		<time hwnum="8" swnum="2" t="5"/>
		<time hwnum="9" swnum="2" t="4"/>
		<time hwnum="0" swnum="3" t="2"/>
		<time hwnum="1" swnum="3" t="4"/>
		<time hwnum="2" swnum="3" t="9"/>
		<time hwnum="3" swnum="3" t="6"/>
		<time hwnum="4" swnum="3" t="2"/>
		<time hwnum="5" swnum="3" t="3"/>
		<time hwnum="6" swnum="3" t="7"/>
		<time hwnum="7" swnum="3" t="6"/>
		<time hwnum="8" swnum="3" t="1"/>
		<time hwnum="9" swnum="3" t="3"/>
		<time hwnum="0" swnum="4" t="6"/>
		<time hwnum="1" swnum="4" t="2"/>
		<time hwnum="2" swnum="4" t="4"/>
		<time hwnum="3" swnum="4" t="10"/>
		<time hwnum="4" swnum="4" t="6"/>
		<time hwnum="5" swnum="4" t="2"/>
		<time hwnum="6" swnum="4" t="7"/>
		<time hwnum="7" swnum="4" t="8"/>
		<time hwnum="8" swnum="4" t="4"/>
		<time hwnum="9" swnum="4" t="6"/>
		<time hwnum="0" swnum="5" t="10"/>
		<time hwnum="1" swnum="5" t="4"/>
		<time hwnum="2" swnum="5" t="8"/>
		<time hwnum="3" swnum="5" t="6"/>
		<time hwnum="4" swnum="5" t="5"/>
		<time hwnum="5" swnum="5" t="4"/>
		<time hwnum="6" swnum="5" t="5"/>
		<time hwnum="7" swnum="5" t="4"/>
		<time hwnum="8" swnum="5" t="6"/>
		<time hwnum="9" swnum="5" t="6"/>
		<time hwnum="0" swnum="6" t="10"/>
		<time hwnum="1" swnum="6" t="8"/>
		<time hwnum="2" swnum="6" t="1"/>
		<time hwnum="3" swnum="6" t="8"/>
		<time hwnum="4" swnum="6" t="8"/>
		<time hwnum="5" swnum="6" t="6"/>
		<time hwnum="6" swnum="6" t="3"/>
		<time hwnum="7" swnum="6" t="3"/>
		<time hwnum="8" swnum="6" t="5"/>
		<time hwnum="9" swnum="6" t="2"/>
		<time hwnum="0" swnum="7" t="1"/>
		<time hwnum="1" swnum="7" t="4"/>
		<time hwnum="2" swnum="7" t="5"/>
		<time hwnum="3" swnum="7" t="8"/>
		<time hwnum="4" swnum="7" t="7"/>
		<time hwnum="5" swnum="7" t="2"/>
		<time hwnum="6" swnum="7" t="6"/>
		<time hwnum="7" swnum="7" t="5"/>
		<time hwnum="8" swnum="7" t="8"/>
		<time hwnum="9" swnum="7" t="2"/>
		<time hwnum="0" swnum="8" t="4"/>
		<time hwnum="1" swnum="8" t="8"/>
		<time hwnum="2" swnum="8" t="6"/>
		<time hwnum="3" swnum="8" t="1"/>
		<time hwnum="4" swnum="8" t="4"/>
		<time hwnum="5" swnum="8" t="2"/>
		<time hwnum="6" swnum="8" t="10"/>
		<time hwnum="7" swnum="8" t="1"/>
		<time hwnum="8" swnum="8" t="7"/>
		<time hwnum="9" swnum="8" t="9"/>
		<time hwnum="0" swnum="9" t="7"/>
		<time hwnum="1" swnum="9" t="9"/>
		<time hwnum="2" swnum="9" t="3"/>
		<time hwnum="3" swnum="9" t="3"/>
		<time hwnum="4" swnum="9" t="7"/>
		<time hwnum="5" swnum="9" t="1"/>
		<time hwnum="6" swnum="9" t="10"/>
		<time hwnum="7" swnum="9" t="2"/>
		<time hwnum="8" swnum="9" t="8"/>
		<time hwnum="9" swnum="9" t="9"/>
	</module>
	<module num="2" qall="0.99" qd="0.99" qrv="0.99" trecov="3" ttest="2" tvote="1">
		<tool name="none"/>
		<tool name="nvp01"/>
		<tool name="nvp11"/>
		<tool name="rb11"/>
		<sw cost="13" num="0" rel="0.97006247531"/>
		<sw cost="28" num="1" rel="0.884375851441"/>
		<sw cost="15" num="2" rel="0.962666237838"/>
		<sw cost="20" num="3" rel="0.877234388177"/>
		<sw cost="14" num="4" rel="0.913409243088"/>
		<sw cost="20" num="5" rel="0.879004880232"/>
		<sw cost="27" num="6" rel="0.879546839431"/>
		<sw cost="22" num="7" rel="0.885305341208"/>
		<sw cost="16" num="8" rel="0.984431615089"/>
		<sw cost="20" num="9" rel="0.940770720711"/>
		<hw cost="13" num="0" rel="0.953747887585"/>
		<hw cost="24" num="1" rel="0.938381793314"/>
		<hw cost="26" num="2" rel="0.991630430484"/>
		<hw cost="18" num="3" rel="0.908255628125"/>
		<hw cost="11" num="4" rel="0.953286491897"/>
		<hw cost="23" num="5" rel="0.908587118792"/>
		<hw cost="28" num="6" rel="0.883806441078"/>
		<hw cost="11" num="7" rel="0.977314611936"/>
		<hw cost="19" num="8" rel="0.910454644011"/>
		<hw cost="23" num="9" rel="0.940461117021"/>
		<time hwnum="0" swnum="0" t="8"/>
		<time hwnum="1" swnum="0" t="3"/>
		<time hwnum="2" swnum="0" t="5"/>
		<time hwnum="3" swnum="0" t="2"/>
		<time hwnum="4" swnum="0" t="3"/>
		<time hwnum="5" swnum="0" t="4"/>
		<time hwnum="6" swnum="0" t="8"/>
		<time hwnum="7" swnum="0" t="10"/>
		<time hwnum="8" swnum="0" t="2"/>
		<time hwnum="9" swnum="0" t="5"/>
		<time hwnum="0" swnum="1" t="1"/>
		<time hwnum="1" swnum="1" t="1"/>
		<time hwnum="2" swnum="1" t="3"/>
		<time hwnum="3" swnum="1" t="4"/>
		<time hwnum="4" swnum="1" t="9"/>
		<time hwnum="5" swnum="1" t="8"/>
		<time hwnum="6" swnum="1" t="1"/>
		<time hwnum="7" swnum="1" t="3"/>
		<time hwnum="8" swnum="1" t="1"/>
		<time hwnum="9" swnum="1" t="9"/>
		<time hwnum="0" swnum="2" t="10"/>
		<time hwnum="1" swnum="2" t="1"/>
		<time hwnum="2" swnum="2" t="9"/>
		<time hwnum="3" swnum="2" t="4"/>
		<time hwnum="4" swnum="2" t="5"/>
		<time hwnum="5" swnum="2" t="3"/>
		<time hwnum="6" swnum="2" t="3"/>
		<time hwnum="7" swnum="2" t="6"/>
		<time hwnum="8" swnum="2" t="3"/>
		<time hwnum="9" swnum="2" t="10"/>
		<time hwnum="0" swnum="3" t="6"/>
		<time hwnum="1" swnum="3" t="4"/>
		<time hwnum="2" swnum="3" t="8"/>
		<time hwnum="3" swnum="3" t="10"/>
		<time hwnum="4" swnum="3" t="2"/>
		<time hwnum="5" swnum="3" t="6"/>
		<time hwnum="6" swnum="3" t="5"/>
		<time hwnum="7" swnum="3" t="3"/>
		<time hwnum="8" swnum="3" t="4"/>
		<time hwnum="9" swnum="3" t="5"/>
		<time hwnum="0" swnum="4" t="10"/>
		<time hwnum="1" swnum="4" t="4"/>
		<time hwnum="2" swnum="4" t="10"/>
		<time hwnum="3" swnum="4" t="6"/>
		<time hwnum="4" swnum="4" t="6"/>
		<time hwnum="5" swnum="4" t="10"/>
		<time hwnum="6" swnum="4" t="5"/>
		<time hwnum="7" swnum="4" t="1"/>
		<time hwnum="8" swnum="4" t="10"/>
		<time hwnum="9" swnum="4" t="6"/>
		<time hwnum="0" swnum="5" t="10"/>
		<time hwnum="1" swnum="5" t="1"/>
		<time hwnum="2" swnum="5" t="2"/>
		<time hwnum="3" swnum="5" t="1"/>
		<time hwnum="4" swnum="5" t="5"/>
		<time hwnum="5" swnum="5" t="5"/>
		<time hwnum="6" swnum="5" t="5"/>
		<time hwnum="7" swnum="5" t="7"/>
		<time hwnum="8" swnum="5" t="2"/>
		<time hwnum="9" swnum="5" t="6"/>
		<time hwnum="0" swnum="6" t="7"/>
		<time hwnum="1" swnum="6" t="9"/>
		<time hwnum="2" swnum="6" t="6"/>
		<time hwnum="3" swnum="6" t="2"/>
		<time hwnum="4" swnum="6" t="6"/>
		<time hwnum="5" swnum="6" t="5"/>
		<time hwnum="6" swnum="6" t="7"/>
		<time hwnum="7" swnum="6" t="4"/>
		<time hwnum="8" swnum="6" t="6"/>
		<time hwnum="9" swnum="6" t="1"/>
		<time hwnum="0" swnum="7" t="6"/>
		<time hwnum="1" swnum="7" t="4"/>
		<time hwnum="2" swnum="7" t="1"/>
		<time hwnum="3" swnum="7" t="5"/>
		<time hwnum="4" swnum="7" t="8"/>
		<time hwnum="5" swnum="7" t="1"/>
		<time hwnum="6" swnum="7" t="2"/>
		<time hwnum="7" swnum="7" t="10"/>
		<time hwnum="8" swnum="7" t="10"/>
		<time hwnum="9" swnum="7" t="8"/>
		<time hwnum="0" swnum="8" t="8"/>
		<time hwnum="1" swnum="8" t="3"/>
		<time hwnum="2" swnum="8" t="3"/>
		<time hwnum="3" swnum="8" t="4"/>
		<time hwnum="4" swnum="8" t="3"/>
		<time hwnum="5" swnum="8" t="1"/>
		<time hwnum="6" swnum="8" t="1"/>
		<time hwnum="7" swnum="8" t="10"/>
		<time hwnum="8" swnum="8" t="5"/>
		<time hwnum="9" swnum="8" t="8"/>
		<time hwnum="0" swnum="9" t="3"/>
		<time hwnum="1" swnum="9" t="6"/>
		<time hwnum="2" swnum="9" t="5"/>
		<time hwnum="3" swnum="9" t="3"/>
		<time hwnum="4" swnum="9" t="6"/>
		<time hwnum="5" swnum="9" t="2"/>
		<time hwnum="6" swnum="9" t="4"/>
		<time hwnum="7" swnum="9" t="6"/>
		<time hwnum="8" swnum="9" t="2"/>
		<time hwnum="9" swnum="9" t="9"/>
	</module>
	<module num="3" qall="0.99" qd="0.99" qrv="0.99" trecov="3" ttest="2" tvote="1">
		<tool name="none"/>
		<tool name="nvp01"/>
		<tool name="nvp11"/>
		<tool name="rb11"/>
		<sw cost="17" num="0" rel="0.965005630967"/>
		<sw cost="29" num="1" rel="0.880226345743"/>
		<sw cost="11" num="2" rel="0.946431694601"/>
		<sw cost="28" num="3" rel="0.857152577662"/>
		<sw cost="17" num="4" rel="0.960196340486"/>
		<sw cost="24" num="5" rel="0.950252746517"/>
		<sw cost="26" num="6" rel="0.88883047327"/>
		<sw cost="27" num="7" rel="0.924228608629"/>
		<sw cost="15" num="8" rel="0.935213403839"/>
		<sw cost="15" num="9" rel="0.884456592302"/>
		<hw cost="20" num="0" rel="0.908787118408"/>
		<hw cost="10" num="1" rel="0.883327426802"/>
		<hw cost="14" num="2" rel="0.851108026245"/>
		<hw cost="12" num="3" rel="0.984780043683"/>
		<hw cost="22" num="4" rel="0.910045745312"/>
		<hw cost="18" num="5" rel="0.904225437328"/>
		<hw cost="23" num="6" rel="0.89538422419"/>
		<hw cost="22" num="7" rel="0.857947086342"/>
		<hw cost="30" num="8" rel="0.976115785133"/>
		<hw cost="25" num="9" rel="0.909320800316"/>
		<time hwnum="0" swnum="0" t="1"/>
		<time hwnum="1" swnum="0" t="6"/>
		<time hwnum="2" swnum="0" t="1"/>
		<time hwnum="3" swnum="0" t="7"/>
		<time hwnum="4" swnum="0" t="8"/>
		<time hwnum="5" swnum="0" t="5"/>
		<time hwnum="6" swnum="0" t="9"/>
		<time hwnum="7" swnum="0" t="3"/>
		<time hwnum="8" swnum="0" t="3"/>
		<time hwnum="9" swnum="0" t="5"/>
		<time hwnum="0" swnum="1" t="7"/>
		<time hwnum="1" swnum="1" t="3"/>
		<time hwnum="2" swnum="1" t="10"/>
		<time hwnum="3" swnum="1" t="5"/>
		<time hwnum="4" swnum="1" t="4"/>
		<time hwnum="5" swnum="1" t="8"/>
		<time hwnum="6" swnum="1" t="6"/>
		<time hwnum="7" swnum="1" t="8"/>
		<time hwnum="8" swnum="1" t="4"/>
		<time hwnum="9" swnum="1" t="2"/>
		<time hwnum="0" swnum="2" t="9"/>
		<time hwnum="1" swnum="2" t="5"/>
		<time hwnum="2" swnum="2" t="2"/>
		<time hwnum="3" swnum="2" t="6"/>
		<time hwnum="4" swnum="2" t="4"/>
		<time hwnum="5" swnum="2" t="7"/>
		<time hwnum="6" swnum="2" t="3"/>
		<time hwnum="7" swnum="2" t="8"/>
		<time hwnum="8" swnum="2" t="7"/>
		<time hwnum="9" swnum="2" t="8"/>
		<time hwnum="0" swnum="3" t="3"/>
		<time hwnum="1" swnum="3" t="6"/>
		<time hwnum="2" swnum="3" t="2"/>
		<time hwnum="3" swnum="3" t="6"/>
		<time hwnum="4" swnum="3" t="5"/>
		<time hwnum="5" swnum="3" t="4"/>
		<time hwnum="6" swnum="3" t="2"/>
		<time hwnum="7" swnum="3" t="3"/>
		<time hwnum="8" swnum="3" t="10"/>
		<time hwnum="9" swnum="3" t="1"/>
		<time hwnum="0" swnum="4" t="9"/>
		<time hwnum="1" swnum="4" t="10"/>
		<time hwnum="2" swnum="4" t="1"/>
		<time hwnum="3" swnum="4" t="5"/>
		<time hwnum="4" swnum="4" t="3"/>
		<time hwnum="5" swnum="4" t="1"/>
		<time hwnum="6" swnum="4" t="7"/>
		<time hwnum="7" swnum="4" t="5"/>
		<time hwnum="8" swnum="4" t="6"/>
		<time hwnum="9" swnum="4" t="4"/>
		<time hwnum="0" swnum="5" t="5"/>
		<time hwnum="1" swnum="5" t="10"/>
		<time hwnum="2" swnum="5" t="2"/>
		<time hwnum="3" swnum="5" t="10"/>
		<time hwnum="4" swnum="5" t="2"/>
		<time hwnum="5" swnum="5" t="6"/>
		<time hwnum="6" swnum="5" t="9"/>
		<time hwnum="7" swnum="5" t="6"/>
		<time hwnum="8" swnum="5" t="10"/>
		<time hwnum="9" swnum="5" t="2"/>
		<time hwnum="0" swnum="6" t="7"/>
		<time hwnum="1" swnum="6" t="8"/>
		<time hwnum="2" swnum="6" t="8"/>
		<time hwnum="3" swnum="6" t="7"/>
		<time hwnum="4" swnum="6" t="9"/>
		<time hwnum="5" swnum="6" t="4"/>
		<time hwnum="6" swnum="6" t="2"/>
		<time hwnum="7" swnum="6" t="1"/>
		<time hwnum="8" swnum="6" t="4"/>
		<time hwnum="9" swnum="6" t="5"/>
		<time hwnum="0" swnum="7" t="1"/>
		<time hwnum="1" swnum="7" t="8"/>
		<time hwnum="2" swnum="7" t="2"/>
		<time hwnum="3" swnum="7" t="4"/>
		<time hwnum="4" swnum="7" t="6"/>
		<time hwnum="5" swnum="7" t="7"/>
		<time hwnum="6" swnum="7" t="6"/>
		<time hwnum="7" swnum="7" t="7"/>
		<time hwnum="8" swnum="7" t="3"/>
		<time hwnum="9" swnum="7" t="4"/>
		<time hwnum="0" swnum="8" t="6"/>
		<time hwnum="1" swnum="8" t="3"/>
		<time hwnum="2" swnum="8" t="1"/>
		<time hwnum="3" swnum="8" t="4"/>
		<time hwnum="4" swnum="8" t="8"/>
		<time hwnum="5" swnum="8" t="3"/>
		<time hwnum="6" swnum="8" t="6"/>
		<time hwnum="7" swnum="8" t="5"/>
		<time hwnum="8" swnum="8" t="8"/>
		<time hwnum="9" swnum="8" t="1"/>
		<time hwnum="0" swnum="9" t="10"/>
		<time hwnum="1" swnum="9" t="8"/>
		<time hwnum="2" swnum="9" t="4"/>
		<time hwnum="3" swnum="9" t="5"/>
		<time hwnum="4" swnum="9" t="5"/>
		<time hwnum="5" swnum="9" t="8"/>
		<time hwnum="6" swnum="9" t="4"/>
		<time hwnum="7" swnum="9" t="6"/>
		<time hwnum="8" swnum="9" t="6"/>
		<time hwnum="9" swnum="9" t="4"/>
	</module>
	<module num="4" qall="0.99" qd="0.99" qrv="0.99" trecov="3" ttest="2" tvote="1">
		<tool name="none"/>
		<tool name="nvp01"/>
		<tool name="nvp11"/>
		<tool name="rb11"/>
		<sw cost="14" num="0" rel="0.919816529141"/>
		<sw cost="29" num="1" rel="0.902450214461"/>
		<sw cost="12" num="2" rel="0.913139876296"/>
		<sw cost="10" num="3" rel="0.994221269329"/>
		<sw cost="22" num="4" rel="0.949837786963"/>
		<sw cost="10" num="5" rel="0.988059559821"/>
		<sw cost="20" num="6" rel="0.954874814957"/>
		<sw cost="18" num="7" rel="0.902781462719"/>
		<sw cost="15" num="8" rel="0.895583179921"/>
		<sw cost="14" num="9" rel="0.878715159732"/>
		<hw cost="14" num="0" rel="0.97412936786"/>
		<hw cost="18" num="1" rel="0.852769024463"/>
		<hw cost="28" num="2" rel="0.92188935039"/>
		<hw cost="26" num="3" rel="0.873820882709"/>
		<hw cost="26" num="4" rel="0.994669395827"/>
		<hw cost="12" num="5" rel="0.879483357377"/>
		<hw cost="19" num="6" rel="0.879347612628"/>
		<hw cost="13" num="7" rel="0.977096713687"/>
		<hw cost="30" num="8" rel="0.940015565659"/>
		<hw cost="20" num="9" rel="0.941925264479"/>
		<time hwnum="0" swnum="0" t="3"/>
		<time hwnum="1" swnum="0" t="10"/>
		<time hwnum="2" swnum="0" t="5"/>
		<time hwnum="3" swnum="0" t="10"/>
		<time hwnum="4" swnum="0" t="2"/>
		<time hwnum="5" swnum="0" t="1"/>
		<time hwnum="6" swnum="0" t="4"/>
		<time hwnum="7" swnum="0" t="1"/>
		<time hwnum="8" swnum="0" t="5"/>
		<time hwnum="9" swnum="0" t="4"/>
		<time hwnum="0" swnum="1" t="2"/>
		<time hwnum="1" swnum="1" t="5"/>
		<time hwnum="2" swnum="1" t="6"/>
		<time hwnum="3" swnum="1" t="6"/>
		<time hwnum="4" swnum="1" t="6"/>
		<time hwnum="5" swnum="1" t="5"/>
		<time hwnum="6" swnum="1" t="5"/>
		<time hwnum="7" swnum="1" t="7"/>
		<time hwnum="8" swnum="1" t="1"/>
		<time hwnum="9" swnum="1" t="2"/>
		<time hwnum="0" swnum="2" t="2"/>
		<time hwnum="1" swnum="2" t="4"/>
		<time hwnum="2" swnum="2" t="7"/>
		<time hwnum="3" swnum="2" t="3"/>
		<time hwnum="4" swnum="2" t="4"/>
		<time hwnum="5" swnum="2" t="9"/>
		<time hwnum="6" swnum="2" t="7"/>
		<time hwnum="7" swnum="2" t="9"/>
		<time hwnum="8" swnum="2" t="7"/>
		<time hwnum="9" swnum="2" t="8"/>
		<time hwnum="0" swnum="3" t="9"/>
		<time hwnum="1" swnum="3" t="7"/>
		<time hwnum="2" swnum="3" t="2"/>
		<time hwnum="3" swnum="3" t="6"/>
		<time hwnum="4" swnum="3" t="1"/>
		<time hwnum="5" swnum="3" t="9"/>
		<time hwnum="6" swnum="3" t="6"/>
		<time hwnum="7" swnum="3" t="9"/>
		<time hwnum="8" swnum="3" t="7"/>
		<time hwnum="9" swnum="3" t="5"/>
		<time hwnum="0" swnum="4" t="4"/>
		<time hwnum="1" swnum="4" t="8"/>
		<time hwnum="2" swnum="4" t="4"/>
		<time hwnum="3" swnum="4" t="2"/>
		<time hwnum="4" swnum="4" t="9"/>
		<time hwnum="5" swnum="4" t="8"/>
		<time hwnum="6" swnum="4" t="6"/>
		<time hwnum="7" swnum="4" t="4"/>
		<time hwnum="8" swnum="4" t="8"/>
		<time hwnum="9" swnum="4" t="4"/>
		<time hwnum="0" swnum="5" t="6"/>
		<time hwnum="1" swnum="5" t="10"/>
		<time hwnum="2" swnum="5" t="2"/>
		<time hwnum="3" swnum="5" t="9"/>
		<time hwnum="4" swnum="5" t="3"/>
		<time hwnum="5" swnum="5" t="4"/>
		<time hwnum="6" swnum="5" t="6"/>
		<time hwnum="7" swnum="5" t="5"/>
		<time hwnum="8" swnum="5" t="10"/>
		<time hwnum="9" swnum="5" t="1"/>
		<time hwnum="0" swnum="6" t="7"/>
		<time hwnum="1" swnum="6" t="10"/>
		<time hwnum="2" swnum="6" t="2"/>
		<time hwnum="3" swnum="6" t="3"/>
		<time hwnum="4" swnum="6" t="7"/>
		<time hwnum="5" swnum="6" t="9"/>
		<time hwnum="6" swnum="6" t="9"/>
		<time hwnum="7" swnum="6" t="3"/>
		<time hwnum="8" swnum="6" t="3"/>
		<time hwnum="9" swnum="6" t="1"/>
		<time hwnum="0" swnum="7" t="2"/>
		<time hwnum="1" swnum="7" t="1"/>
		<time hwnum="2" swnum="7" t="9"/>
		<time hwnum="3" swnum="7" t="6"/>
		<time hwnum="4" swnum="7" t="1"/>
		<time hwnum="5" swnum="7" t="7"/>
		<time hwnum="6" swnum="7" t="6"/>
		<time hwnum="7" swnum="7" t="10"/>
		<time hwnum="8" swnum="7" t="9"/>
		<time hwnum="9" swnum="7" t="1"/>
		<time hwnum="0" swnum="8" t="8"/>
		<time hwnum="1" swnum="8" t="3"/>
		<time hwnum="2" swnum="8" t="3"/>
		<time hwnum="3" swnum="8" t="2"/>
		<time hwnum="4" swnum="8" t="6"/>
		<time hwnum="5" swnum="8" t="3"/>
		<time hwnum="6" swnum="8" t="1"/>
		<time hwnum="7" swnum="8" t="2"/>
		<time hwnum="8" swnum="8" t="6"/>
		<time hwnum="9" swnum="8" t="7"/>
		<time hwnum="0" swnum="9" t="7"/>
		<time hwnum="1" swnum="9" t="1"/>
		<time hwnum="2" swnum="9" t="4"/>
		<time hwnum="3" swnum="9" t="3"/>
		<time hwnum="4" swnum="9" t="4"/>
		<time hwnum="5" swnum="9" t="8"/>
		<time hwnum="6" swnum="9" t="4"/>
		<time hwnum="7" swnum="9" t="3"/>
		<time hwnum="8" swnum="9" t="1"/>
		<time hwnum="9" swnum="9" t="3"/>
	</module>
	<module num="5" qall="0.99" qd="0.99" qrv="0.99" trecov="3" ttest="2" tvote="1">
		<tool name="none"/>
		<tool name="nvp01"/>
		<tool name="nvp11"/>
		<tool name="rb11"/>
		<sw cost="12" num="0" rel="0.879949782544"/>
		<sw cost="17" num="1" rel="0.993268847796"/>
		<sw cost="10" num="2" rel="0.906892236967"/>
		<sw cost="14" num="3" rel="0.881923058472"/>
		<sw cost="21" num="4" rel="0.942024417157"/>
		<sw cost="26" num="5" rel="0.857723820765"/>
		<sw cost="28" num="6" rel="0.977894016985"/>
		<sw cost="18" num="7" rel="0.857871252678"/>
		<sw cost="28" num="8" rel="0.954831012769"/>
		<sw cost="23" num="9" rel="0.880608030318"/>
		<hw cost="25" num="0" rel="0.995838833861"/>
		<hw cost="18" num="1" rel="0.933692298297"/>
		<hw cost="14" num="2" rel="0.880634669084"/>
		<hw cost="27" num="3" rel="0.964978993023"/>
		<hw cost="17" num="4" rel="0.860632546022"/>
		<hw cost="21" num="5" rel="0.861920696361"/>
		<hw cost="10" num="6" rel="0.865018065702"/>
		<hw cost="30" num="7" rel="0.979950947179"/>
		<hw cost="19" num="8" rel="0.963130286059"/>
		<hw cost="17" num="9" rel="0.999352545442"/>
		<time hwnum="0" swnum="0" t="2"/>
		<time hwnum="1" swnum="0" t="5"/>
		<time hwnum="2" swnum="0" t="6"/>
		<time hwnum="3" swnum="0" t="10"/>
		<time hwnum="4" swnum="0" t="2"/>
		<time hwnum="5" swnum="0" t="5"/>
		<time hwnum="6" swnum="0" t="9"/>
		<time hwnum="7" swnum="0" t="10"/>
		<time hwnum="8" swnum="0" t="9"/>
		<time hwnum="9" swnum="0" t="3"/>
		<time hwnum="0" swnum="1" t="2"/>
		<time hwnum="1" swnum="1" t="2"/>
		<time hwnum="2" swnum="1" t="7"/>
		<time hwnum="3" swnum="1" t="1"/>
		<time hwnum="4" swnum="1" t="8"/>
		<time hwnum="5" swnum="1" t="1"/>
		<time hwnum="6" swnum="1" t="2"/>
		<time hwnum="7" swnum="1" t="1"/>
		<time hwnum="8" swnum="1" t="10"/>
		<time hwnum="9" swnum="1" t="3"/>
		<time hwnum="0" swnum="2" t="3"/>
		<time hwnum="1" swnum="2" t="8"/>
		<time hwnum="2" swnum="2" t="5"/>
		<time hwnum="3" swnum="2" t="3"/>
		<time hwnum="4" swnum="2" t="1"/>
		<time hwnum="5" swnum="2" t="7"/>
		<time hwnum="6" swnum="2" t="6"/>
		<time hwnum="7" swnum="2" t="5"/>
		<time hwnum="8" swnum="2" t="6"/>
		<time hwnum="9" swnum="2" t="1"/>
		<time hwnum="0" swnum="3" t="7"/>
		<time hwnum="1" swnum="3" t="2"/>
		<time hwnum="2" swnum="3" t="5"/>
		<time hwnum="3" swnum="3" t="1"/>
		<time hwnum="4" swnum="3" t="1"/>
		<time hwnum="5" swnum="3" t="7"/>
		<time hwnum="6" swnum="3" t="5"/>
		<time hwnum="7" swnum="3" t="4"/>
		<time hwnum="8" swnum="3" t="10"/>
		<time hwnum="9" swnum="3" t="9"/>
		<time hwnum="0" swnum="4" t="6"/>
		<time hwnum="1" swnum="4" t="7"/>
		<time hwnum="2" swnum="4" t="6"/>
		<time hwnum="3" swnum="4" t="7"/>
		<time hwnum="4" swnum="4" t="3"/>
		<time hwnum="5" swnum="4" t="3"/>
		<time hwnum="6" swnum="4" t="1"/>
		<time hwnum="7" swnum="4" t="5"/>
		<time hwnum="8" swnum="4" t="6"/>
		<time hwnum="9" swnum="4" t="9"/>
		<time hwnum="0" swnum="5" t="8"/>
		<time hwnum="1" swnum="5" t="1"/>
		<time hwnum="2" swnum="5" t="6"/>
		<time hwnum="3" swnum="5" t="6"/>
		<time hwnum="4" swnum="5" t="3"/>
		<time hwnum="5" swnum="5" t="4"/>
		<time hwnum="6" swnum="5" t="6"/>
		<time hwnum="7" swnum="5" t="4"/>
		<time hwnum="8" swnum="5" t="5"/>
		<time hwnum="9" swnum="5" t="5"/>
		<time hwnum="0" swnum="6" t="4"/>
		<time hwnum="1" swnum="6" t="2"/>
		<time hwnum="2" swnum="6" t="4"/>
		<time hwnum="3" swnum="6" t="7"/>
		<time hwnum="4" swnum="6" t="9"/>
		<time hwnum="5" swnum="6" t="5"/>
		<time hwnum="6" swnum="6" t="8"/>
		<time hwnum="7" swnum="6" t="6"/>
		<time hwnum="8" swnum="6" t="6"/>
		<time hwnum="9" swnum="6" t="2"/>
		<time hwnum="0" swnum="7" t="1"/>
		<time hwnum="1" swnum="7" t="7"/>
		<time hwnum="2" swnum="7" t="8"/>
		<time hwnum="3" swnum="7" t="7"/>
		<time hwnum="4" swnum="7" t="8"/>
		<time hwnum="5" swnum="7" t="8"/>
		<time hwnum="6" swnum="7" t="8"/>
		<time hwnum="7" swnum="7" t="3"/>
		<time hwnum="8" swnum="7" t="3"/>
		<time hwnum="9" swnum="7" t="7"/>
		<time hwnum="0" swnum="8" t="8"/>
		<time hwnum="1" swnum="8" t="8"/>
		<time hwnum="2" swnum="8" t="7"/>
		<time hwnum="3" swnum="8" t="7"/>
		<time hwnum="4" swnum="8" t="7"/>
		<time hwnum="5" swnum="8" t="9"/>
		<time hwnum="6" swnum="8" t="4"/>
		<time hwnum="7" swnum="8" t="6"/>
		<time hwnum="8" swnum="8" t="1"/>
		<time hwnum="9" swnum="8" t="8"/>
		<time hwnum="0" swnum="9" t="1"/>
		<time hwnum="1" swnum="9" t="5"/>
		<time hwnum="2" swnum="9" t="9"/>
		<time hwnum="3" swnum="9" t="4"/>
		<time hwnum="4" swnum="9" t="6"/>
		<time hwnum="5" swnum="9" t="9"/>
		<time hwnum="6" swnum="9" t="6"/>
		<time hwnum="7" swnum="9" t="1"/>
		<time hwnum="8" swnum="9" t="2"/>
		<time hwnum="9" swnum="9" t="6"/>
	</module>
	<module num="6" qall="0.99" qd="0.99" qrv="0.99" trecov="3" ttest="2" tvote="1">
		<tool name="none"/>
		<tool name="nvp01"/>
		<tool name="nvp11"/>
		<tool name="rb11"/>
		<sw cost="17" num="0" rel="0.911444751659"/>
		<sw cost="28" num="1" rel="0.985148024237"/>
		<sw cost="29" num="2" rel="0.928822257524"/>
		<sw cost="22" num="3" rel="0.958092216268"/>
		<sw cost="26" num="4" rel="0.930450467008"/>
		<sw cost="17" num="5" rel="0.914053020455"/>
		<sw cost="23" num="6" rel="0.967036275175"/>
		<sw cost="16" num="7" rel="0.915400997496"/>
		<sw cost="12" num="8" rel="0.93181586069"/>
		<sw cost="30" num="9" rel="0.853462946968"/>
		<hw cost="18" num="0" rel="0.88424379535"/>
		<hw cost="23" num="1" rel="0.984649942215"/>
		<hw cost="27" num="2" rel="0.927523371655"/>
		<hw cost="21" num="3" rel="0.960861123644"/>
		<hw cost="18" num="4" rel="0.944406492052"/>
		<hw cost="18" num="5" rel="0.921637174426"/>
		<hw cost="16" num="6" rel="0.959421514991"/>
		<hw cost="10" num="7" rel="0.909297092544"/>
		<hw cost="20" num="8" rel="0.966577886455"/>
		<hw cost="18" num="9" rel="0.934016902604"/>
		<time hwnum="0" swnum="0" t="9"/>
		<time hwnum="1" swnum="0" t="9"/>
		<time hwnum="2" swnum="0" t="8"/>
		<time hwnum="3" swnum="0" t="1"/>
		<time hwnum="4" swnum="0" t="3"/>
		<time hwnum="5" swnum="0" t="6"/>
		<time hwnum="6" swnum="0" t="10"/>
		<time hwnum="7" swnum="0" t="3"/>
		<time hwnum="8" swnum="0" t="3"/>
		<time hwnum="9" swnum="0" t="5"/>
		<time hwnum="0" swnum="1" t="7"/>
		<time hwnum="1" swnum="1" t="4"/>
		<time hwnum="2" swnum="1" t="9"/>
		<time hwnum="3" swnum="1" t="8"/>
		<time hwnum="4" swnum="1" t="7"/>
		<time hwnum="5" swnum="1" t="10"/>
		<time hwnum="6" swnum="1" t="7"/>
		<time hwnum="7" swnum="1" t="10"/>
		<time hwnum="8" swnum="1" t="2"/>
		<time hwnum="9" swnum="1" t="10"/>
		<time hwnum="0" swnum="2" t="7"/>
		<time hwnum="1" swnum="2" t="2"/>
		<time hwnum="2" swnum="2" t="2"/>
		<time hwnum="3" swnum="2" t="4"/>
		<time hwnum="4" swnum="2" t="3"/>
		<time hwnum="5" swnum="2" t="2"/>
		<time hwnum="6" swnum="2" t="6"/>
		<time hwnum="7" swnum="2" t="7"/>
		<time hwnum="8" swnum="2" t="2"/>
		<time hwnum="9" swnum="2" t="9"/>
		<time hwnum="0" swnum="3" t="1"/>
		<time hwnum="1" swnum="3" t="1"/>
		<time hwnum="2" swnum="3" t="6"/>
		<time hwnum="3" swnum="3" t="1"/>
		<time hwnum="4" swnum="3" t="8"/>
		<time hwnum="5" swnum="3" t="8"/>
		<time hwnum="6" swnum="3" t="1"/>
		<time hwnum="7" swnum="3" t="2"/>
		<time hwnum="8" swnum="3" t="10"/>
		<time hwnum="9" swnum="3" t="8"/>
		<time hwnum="0" swnum="4" t="5"/>
		<time hwnum="1" swnum="4" t="9"/>
		<time hwnum="2" swnum="4" t="6"/>
		<time hwnum="3" swnum="4" t="5"/>
		<time hwnum="4" swnum="4" t="4"/>
		<time hwnum="5" swnum="4" t="6"/>
		<time hwnum="6" swnum="4" t="6"/>
		<time hwnum="7" swnum="4" t="9"/>
		<time hwnum="8" swnum="4" t="6"/>
		<time hwnum="9" swnum="4" t="6"/>
		<time hwnum="0" swnum="5" t="8"/>
		<time hwnum="1" swnum="5" t="6"/>
		<time hwnum="2" swnum="5" t="4"/>
		<time hwnum="3" swnum="5" t="5"/>
		<time hwnum="4" swnum="5" t="2"/>
		<time hwnum="5" swnum="5" t="2"/>
		<time hwnum="6" swnum="5" t="2"/>
		<time hwnum="7" swnum="5" t="2"/>
		<time hwnum="8" swnum="5" t="8"/>
		<time hwnum="9" swnum="5" t="9"/>
		<time hwnum="0" swnum="6" t="1"/>
		<time hwnum="1" swnum="6" t="3"/>
		<time hwnum="2" swnum="6" t="6"/>
		<time hwnum="3" swnum="6" t="6"/>
		<time hwnum="4" swnum="6" t="6"/>
		<time hwnum="5" swnum="6" t="8"/>
		<time hwnum="6" swnum="6" t="8"/>
		<time hwnum="7" swnum="6" t="7"/>
		<time hwnum="8" swnum="6" t="10"/>
		<time hwnum="9" swnum="6" t="6"/>
		<time hwnum="0" swnum="7" t="5"/>
		<time hwnum="1" swnum="7" t="3"/>
		<time hwnum="2" swnum="7" t="8"/>
		<time hwnum="3" swnum="7" t="8"/>
		<time hwnum="4" swnum="7" t="5"/>
		<time hwnum="5" swnum="7" t="8"/>
		<time hwnum="6" swnum="7" t="1"/>
		<time hwnum="7" swnum="7" t="1"/>
		<time hwnum="8" swnum="7" t="5"/>
		<time hwnum="9" swnum="7" t="1"/>
		<time hwnum="0" swnum="8" t="7"/>
		<time hwnum="1" swnum="8" t="5"/>
		<time hwnum="2" swnum="8" t="4"/>
		<time hwnum="3" swnum="8" t="3"/>
		<time hwnum="4" swnum="8" t="6"/>
		<time hwnum="5" swnum="8" t="7"/>
		<time hwnum="6" swnum="8" t="2"/>
		<time hwnum="7" swnum="8" t="3"/>
		<time hwnum="8" swnum="8" t="6"/>
		<time hwnum="9" swnum="8" t="2"/>
		<time hwnum="0" swnum="9" t="9"/>
		<time hwnum="1" swnum="9" t="9"/>
		<time hwnum="2" swnum="9" t="3"/>
		<time hwnum="3" swnum="9" t="3"/>
		<time hwnum="4" swnum="9" t="8"/>
		<time hwnum="5" swnum="9" t="5"/>
		<time hwnum="6" swnum="9" t="8"/>
		<time hwnum="7" swnum="9" t="9"/>
		<time hwnum="8" swnum="9" t="8"/>
		<time hwnum="9" swnum="9" t="2"/>
	</module>
	<module num="7" qall="0.99" qd="0.99" qrv="0.99" trecov="3" ttest="2" tvote="1">
		<tool name="none"/>
		<tool name="nvp01"/>
		<tool name="nvp11"/>
		<tool name="rb11"/>
		<sw cost="23" num="0" rel="0.967066843161"/>
		<sw cost="15" num="1" rel="0.900468520456"/>
		<sw cost="10" num="2" rel="0.939017227327"/>
		<sw cost="21" num="3" rel="0.994382304932"/>
		<sw cost="14" num="4" rel="0.962006566851"/>
		<sw cost="16" num="5" rel="0.962413429851"/>
		<sw cost="22" num="6" rel="0.906098991616"/>
		<sw cost="21" num="7" rel="0.921463202501"/>
		<sw cost="23" num="8" rel="0.980781879394"/>
		<sw cost="15" num="9" rel="0.909545092557"/>
		<hw cost="30" num="0" rel="0.906682282168"/>
		<hw cost="11" num="1" rel="0.957441584303"/>
		<hw cost="16" num="2" rel="0.882389736836"/>
		<hw cost="23" num="3" rel="0.920317213042"/>
		<hw cost="21" num="4" rel="0.984673389164"/>
		<hw cost="27" num="5" rel="0.946449405148"/>
		<hw cost="27" num="6" rel="0.97550651059"/>
		<hw cost="10" num="7" rel="0.854893867028"/>
		<hw cost="16" num="8" rel="0.941699622249"/>
		<hw cost="28" num="9" rel="0.908713830028"/>
		<time hwnum="0" swnum="0" t="7"/>
		<time hwnum="1" swnum="0" t="7"/>
		<time hwnum="2" swnum="0" t="7"/>
		<time hwnum="3" swnum="0" t="3"/>
		<time hwnum="4" swnum="0" t="2"/>
		<time hwnum="5" swnum="0" t="8"/>
		<time hwnum="6" swnum="0" t="6"/>
		<time hwnum="7" swnum="0" t="3"/>
		<time hwnum="8" swnum="0" t="8"/>
		<time hwnum="9" swnum="0" t="5"/>
		<time hwnum="0" swnum="1" t="3"/>
		<time hwnum="1" swnum="1" t="1"/>
		<time hwnum="2" swnum="1" t="2"/>
		<time hwnum="3" swnum="1" t="6"/>
		<time hwnum="4" swnum="1" t="8"/>
		<time hwnum="5" swnum="1" t="4"/>
		<time hwnum="6" swnum="1" t="7"/>
		<time hwnum="7" swnum="1" t="8"/>
		<time hwnum="8" swnum="1" t="5"/>
		<time hwnum="9" swnum="1" t="3"/>
		<time hwnum="0" swnum="2" t="9"/>
		<time hwnum="1" swnum="2" t="9"/>
		<time hwnum="2" swnum="2" t="6"/>
		<time hwnum="3" swnum="2" t="4"/>
		<time hwnum="4" swnum="2" t="2"/>
		<time hwnum="5" swnum="2" t="6"/>
		<time hwnum="6" swnum="2" t="9"/>
		<time hwnum="7" swnum="2" t="6"/>
		<time hwnum="8" swnum="2" t="5"/>
		<time hwnum="9" swnum="2" t="8"/>
		<time hwnum="0" swnum="3" t="3"/>
		<time hwnum="1" swnum="3" t="7"/>
		<time hwnum="2" swnum="3" t="3"/>
		<time hwnum="3" swnum="3" t="3"/>
		<time hwnum="4" swnum="3" t="9"/>
		<time hwnum="5" swnum="3" t="10"/>
		<time hwnum="6" swnum="3" t="6"/>
		<time hwnum="7" swnum="3" t="3"/>
		<time hwnum="8" swnum="3" t="9"/>
		<time hwnum="9" swnum="3" t="7"/>
		<time hwnum="0" swnum="4" t="10"/>
		<time hwnum="1" swnum="4" t="8"/>
		<time hwnum="2" swnum="4" t="8"/>
		<time hwnum="3" swnum="4" t="5"/>
		<time hwnum="4" swnum="4" t="5"/>
		<time hwnum="5" swnum="4" t="7"/>
		<time hwnum="6" swnum="4" t="5"/>
		<time hwnum="7" swnum="4" t="4"/>
		<time hwnum="8" swnum="4" t="9"/>
		<time hwnum="9" swnum="4" t="1"/>
		<time hwnum="0" swnum="5" t="8"/>
		<time hwnum="1" swnum="5" t="9"/>
		<time hwnum="2" swnum="5" t="1"/>
		<time hwnum="3" swnum="5" t="8"/>
		<time hwnum="4" swnum="5" t="2"/>
		<time hwnum="5" swnum="5" t="9"/>
		<time hwnum="6" swnum="5" t="3"/>
		<time hwnum="7" swnum="5" t="5"/>
		<time hwnum="8" swnum="5" t="2"/>
		<time hwnum="9" swnum="5" t="9"/>
		<time hwnum="0" swnum="6" t="8"/>
		<time hwnum="1" swnum="6" t="7"/>
		<time hwnum="2" swnum="6" t="2"/>
		<time hwnum="3" swnum="6" t="2"/>
		<time hwnum="4" swnum="6" t="10"/>
		<time hwnum="5" swnum="6" t="10"/>
		<time hwnum="6" swnum="6" t="4"/>
		<time hwnum="7" swnum="6" t="1"/>
		<time hwnum="8" swnum="6" t="8"/>
		<time hwnum="9" swnum="6" t="6"/>
		<time hwnum="0" swnum="7" t="4"/>
		<time hwnum="1" swnum="7" t="9"/>
		<time hwnum="2" swnum="7" t="8"/>
		<time hwnum="3" swnum="7" t="9"/>
		<time hwnum="4" swnum="7" t="7"/>
		<time hwnum="5" swnum="7" t="8"/>
		<time hwnum="6" swnum="7" t="8"/>
		<time hwnum="7" swnum="7" t="3"/>
		<time hwnum="8" swnum="7" t="1"/>
		<time hwnum="9" swnum="7" t="6"/>
		<time hwnum="0" swnum="8" t="6"/>
		<time hwnum="1" swnum="8" t="5"/>
		<time hwnum="2" swnum="8" t="10"/>
		<time hwnum="3" swnum="8" t="10"/>
		<time hwnum="4" swnum="8" t="4"/>
		<time hwnum="5" swnum="8" t="5"/>
		<time hwnum="6" swnum="8" t="8"/>
		<time hwnum="7" swnum="8" t="5"/>
		<time hwnum="8" swnum="8" t="6"/>
		<time hwnum="9" swnum="8" t="8"/>
		<time hwnum="0" swnum="9" t="8"/>
		<time hwnum="1" swnum="9" t="10"/>
		<time hwnum="2" swnum="9" t="8"/>
		<time hwnum="3" swnum="9" t="1"/>
		<time hwnum="4" swnum="9" t="4"/>
		<time hwnum="5" swnum="9" t="9"/>
		<time hwnum="6" swnum="9" t="4"/>
		<time hwnum="7" swnum="9" t="7"/>
		<time hwnum="8" swnum="9" t="1"/>
		<time hwnum="9" swnum="9" t="5"/>
	</module>
	<module num="8" qall="0.99" qd="0.99" qrv="0.99" trecov="3" ttest="2" tvote="1">
		<tool name="none"/>
		<tool name="nvp01"/>
		<tool name="nvp11"/>
		<tool name="rb11"/>
		<sw cost="25" num="0" rel="0.855546416771"/>
		<sw cost="26" num="1" rel="0.893054742302"/>
		<sw cost="19" num="2" rel="0.982716452984"/>
		<sw cost="28" num="3" rel="0.911365863015"/>
		<sw cost="14" num="4" rel="0.899965414449"/>
		<sw cost="11" num="5" rel="0.909453762566"/>
		<sw cost="13" num="6" rel="0.946083115942"/>
		<sw cost="13" num="7" rel="0.878300475851"/>
		<sw cost="12" num="8" rel="0.869935584119"/>
		<sw cost="10" num="9" rel="0.989504199703"/>
		<hw cost="23" num="0" rel="0.926698189302"/>
		<hw cost="15" num="1" rel="0.915922668969"/>
		<hw cost="23" num="2" rel="0.89764785763"/>
		<hw cost="26" num="3" rel="0.855902751947"/>
		<hw cost="29" num="4" rel="0.874436602903"/>
		<hw cost="24" num="5" rel="0.862446927845"/>
		<hw cost="26" num="6" rel="0.891623067354"/>
		<hw cost="12" num="7" rel="0.881507879782"/>
		<hw cost="23" num="8" rel="0.889958127251"/>
		<hw cost="13" num="9" rel="0.949244239532"/>
		<time hwnum="0" swnum="0" t="5"/>
		<time hwnum="1" swnum="0" t="2"/>
		<time hwnum="2" swnum="0" t="4"/>
		<time hwnum="3" swnum="0" t="6"/>
		<time hwnum="4" swnum="0" t="7"/>
		<time hwnum="5" swnum="0" t="3"/>
		<time hwnum="6" swnum="0" t="4"/>
		<time hwnum="7" swnum="0" t="7"/>
		<time hwnum="8" swnum="0" t="6"/>
		<time hwnum="9" swnum="0" t="7"/>
		<time hwnum="0" swnum="1" t="6"/>
		<time hwnum="1" swnum="1" t="6"/>
		<time hwnum="2" swnum="1" t="7"/>
		<time hwnum="3" swnum="1" t="10"/>
		<time hwnum="4" swnum="1" t="6"/>
		<time hwnum="5" swnum="1" t="6"/>
		<time hwnum="6" swnum="1" t="7"/>
		<time hwnum="7" swnum="1" t="7"/>
		<time hwnum="8" swnum="1" t="1"/>
		<time hwnum="9" swnum="1" t="1"/>
		<time hwnum="0" swnum="2" t="3"/>
		<time hwnum="1" swnum="2" t="3"/>
		<time hwnum="2" swnum="2" t="7"/>
		<time hwnum="3" swnum="2" t="9"/>
		<time hwnum="4" swnum="2" t="1"/>
		<time hwnum="5" swnum="2" t="1"/>
		<time hwnum="6" swnum="2" t="1"/>
		<time hwnum="7" swnum="2" t="7"/>
		<time hwnum="8" swnum="2" t="6"/>
		<time hwnum="9" swnum="2" t="1"/>
		<time hwnum="0" swnum="3" t="2"/>
		<time hwnum="1" swnum="3" t="8"/>
		<time hwnum="2" swnum="3" t="6"/>
		<time hwnum="3" swnum="3" t="2"/>
		<time hwnum="4" swnum="3" t="9"/>
		<time hwnum="5" swnum="3" t="6"/>
		<time hwnum="6" swnum="3" t="2"/>
		<time hwnum="7" swnum="3" t="9"/>
		<time hwnum="8" swnum="3" t="9"/>
		<time hwnum="9" swnum="3" t="3"/>
		<time hwnum="0" swnum="4" t="3"/>
		<time hwnum="1" swnum="4" t="8"/>
		<time hwnum="2" swnum="4" t="7"/>
		<time hwnum="3" swnum="4" t="4"/>
		<time hwnum="4" swnum="4" t="2"/>
		<time hwnum="5" swnum="4" t="9"/>
		<time hwnum="6" swnum="4" t="7"/>
		<time hwnum="7" swnum="4" t="6"/>
		<time hwnum="8" swnum="4" t="8"/>
		<time hwnum="9" swnum="4" t="10"/>
		<time hwnum="0" swnum="5" t="2"/>
		<time hwnum="1" swnum="5" t="4"/>
		<time hwnum="2" swnum="5" t="9"/>
		<time hwnum="3" swnum="5" t="3"/>
		<time hwnum="4" swnum="5" t="7"/>
		<time hwnum="5" swnum="5" t="6"/>
		<time hwnum="6" swnum="5" t="8"/>
		<time hwnum="7" swnum="5" t="7"/>
		<time hwnum="8" swnum="5" t="6"/>
		<time hwnum="9" swnum="5" t="4"/>
		<time hwnum="0" swnum="6" t="8"/>
		<time hwnum="1" swnum="6" t="5"/>
		<time hwnum="2" swnum="6" t="1"/>
		<time hwnum="3" swnum="6" t="7"/>
		<time hwnum="4" swnum="6" t="6"/>
		<time hwnum="5" swnum="6" t="9"/>
		<time hwnum="6" swnum="6" t="9"/>
		<time hwnum="7" swnum="6" t="9"/>
		<time hwnum="8" swnum="6" t="5"/>
		<time hwnum="9" swnum="6" t="5"/>
		<time hwnum="0" swnum="7" t="8"/>
		<time hwnum="1" swnum="7" t="4"/>
		<time hwnum="2" swnum="7" t="6"/>
		<time hwnum="3" swnum="7" t="10"/>
		<time hwnum="4" swnum="7" t="1"/>
		<time hwnum="5" swnum="7" t="10"/>
		<time hwnum="6" swnum="7" t="3"/>
		<time hwnum="7" swnum="7" t="3"/>
		<time hwnum="8" swnum="7" t="9"/>
		<time hwnum="9" swnum="7" t="5"/>
		<time hwnum="0" swnum="8" t="1"/>
		<time hwnum="1" swnum="8" t="1"/>
		<time hwnum="2" swnum="8" t="8"/>
		<time hwnum="3" swnum="8" t="4"/>
		<time hwnum="4" swnum="8" t="2"/>
		<time hwnum="5" swnum="8" t="3"/>
		<time hwnum="6" swnum="8" t="9"/>
		<time hwnum="7" swnum="8" t="1"/>
		<time hwnum="8" swnum="8" t="6"/>
		<time hwnum="9" swnum="8" t="4"/>
		<time hwnum="0" swnum="9" t="3"/>
		<time hwnum="1" swnum="9" t="1"/>
		<time hwnum="2" swnum="9" t="8"/>
		<time hwnum="3" swnum="9" t="9"/>
		<time hwnum="4" swnum="9" t="8"/>
		<time hwnum="5" swnum="9" t="6"/>
		<time hwnum="6" swnum="9" t="8"/>
		<time hwnum="7" swnum="9" t="1"/>
		<time hwnum="8" swnum="9" t="9"/>
		<time hwnum="9" swnum="9" t="8"/>
	</module>
	<module num="9" qall="0.99" qd="0.99" qrv="0.99" trecov="3" ttest="2" tvote="1">
		<tool name="none"/>
		<tool name="nvp01"/>
		<tool name="nvp11"/>
		<tool name="rb11"/>
		<sw cost="16" num="0" rel="0.903777170348"/>
		<sw cost="18" num="1" rel="0.885938964962"/>
		<sw cost="20" num="2" rel="0.892287253295"/>
		<sw cost="18" num="3" rel="0.860551544629"/>
		<sw cost="25" num="4" rel="0.873137729454"/>
		<sw cost="26" num="5" rel="0.873239687209"/>
		<sw cost="13" num="6" rel="0.988779503778"/>
		<sw cost="13" num="7" rel="0.971705042361"/>
		<sw cost="26" num="8" rel="0.914169592476"/>
		<sw cost="30" num="9" rel="0.857016171984"/>
		<hw cost="23" num="0" rel="0.918018169106"/>
		<hw cost="28" num="1" rel="0.882932747803"/>
		<hw cost="12" num="2" rel="0.885971542722"/>
		<hw cost="20" num="3" rel="0.927215130382"/>
		<hw cost="21" num="4" rel="0.965065951708"/>
		<hw cost="11" num="5" rel="0.934837758074"/>
		<hw cost="12" num="6" rel="0.940158660039"/>
		<hw cost="15" num="7" rel="0.910448159481"/>
		<hw cost="14" num="8" rel="0.904149070069"/>
		<hw cost="24" num="9" rel="0.986059901496"/>
		<time hwnum="0" swnum="0" t="1"/>
		<time hwnum="1" swnum="0" t="3"/>
		<time hwnum="2" swnum="0" t="10"/>
		<time hwnum="3" swnum="0" t="3"/>
		<time hwnum="4" swnum="0" t="2"/>
		<time hwnum="5" swnum="0" t="1"/>
		<time hwnum="6" swnum="0" t="7"/>
		<time hwnum="7" swnum="0" t="1"/>
		<time hwnum="8" swnum="0" t="9"/>
		<time hwnum="9" swnum="0" t="4"/>
		<time hwnum="0" swnum="1" t="10"/>
		<time hwnum="1" swnum="1" t="4"/>
		<time hwnum="2" swnum="1" t="4"/>
		<time hwnum="3" swnum="1" t="3"/>
		<time hwnum="4" swnum="1" t="2"/>
		<time hwnum="5" swnum="1" t="5"/>
		<time hwnum="6" swnum="1" t="7"/>
		<time hwnum="7" swnum="1" t="1"/>
		<time hwnum="8" swnum="1" t="1"/>
		<time hwnum="9" swnum="1" t="8"/>
		<time hwnum="0" swnum="2" t="6"/>
		<time hwnum="1" swnum="2" t="9"/>
		<time hwnum="2" swnum="2" t="3"/>
		<time hwnum="3" swnum="2" t="10"/>
		<time hwnum="4" swnum="2" t="6"/>
		<time hwnum="5" swnum="2" t="7"/>
		<time hwnum="6" swnum="2" t="4"/>
		<time hwnum="7" swnum="2" t="9"/>
		<time hwnum="8" swnum="2" t="1"/>
		<time hwnum="9" swnum="2" t="2"/>
		<time hwnum="0" swnum="3" t="1"/>
		<time hwnum="1" swnum="3" t="4"/>
		<time hwnum="2" swnum="3" t="10"/>
		<time hwnum="3" swnum="3" t="7"/>
		<time hwnum="4" swnum="3" t="7"/>
		<time hwnum="5" swnum="3" t="7"/>
		<time hwnum="6" swnum="3" t="4"/>
		<time hwnum="7" swnum="3" t="10"/>
		<time hwnum="8" swnum="3" t="10"/>
		<time hwnum="9" swnum="3" t="7"/>
		<time hwnum="0" swnum="4" t="7"/>
		<time hwnum="1" swnum="4" t="2"/>
		<time hwnum="2" swnum="4" t="2"/>
		<time hwnum="3" swnum="4" t="3"/>
		<time hwnum="4" swnum="4" t="4"/>
		<time hwnum="5" swnum="4" t="9"/>
		<time hwnum="6" swnum="4" t="5"/>
		<time hwnum="7" swnum="4" t="3"/>
		<time hwnum="8" swnum="4" t="6"/>
		<time hwnum="9" swnum="4" t="6"/>
		<time hwnum="0" swnum="5" t="6"/>
		<time hwnum="1" swnum="5" t="4"/>
		<time hwnum="2" swnum="5" t="7"/>
		<time hwnum="3" swnum="5" t="8"/>
		<time hwnum="4" swnum="5" t="3"/>
		<time hwnum="5" swnum="5" t="5"/>
		<time hwnum="6" swnum="5" t="6"/>
		<time hwnum="7" swnum="5" t="5"/>
		<time hwnum="8" swnum="5" t="5"/>
		<time hwnum="9" swnum="5" t="5"/>
		<time hwnum="0" swnum="6" t="5"/>
		<time hwnum="1" swnum="6" t="6"/>
		<time hwnum="2" swnum="6" t="3"/>
		<time hwnum="3" swnum="6" t="9"/>
		<time hwnum="4" swnum="6" t="8"/>
		<time hwnum="5" swnum="6" t="9"/>
		<time hwnum="6" swnum="6" t="4"/>
		<time hwnum="7" swnum="6" t="2"/>
		<time hwnum="8" swnum="6" t="2"/>
		<time hwnum="9" swnum="6" t="6"/>
		<time hwnum="0" swnum="7" t="8"/>
		<time hwnum="1" swnum="7" t="1"/>
		<time hwnum="2" swnum="7" t="3"/>
		<time hwnum="3" swnum="7" t="5"/>
		<time hwnum="4" swnum="7" t="4"/>
		<time hwnum="5" swnum="7" t="4"/>
		<time hwnum="6" swnum="7" t="6"/>
		<time hwnum="7" swnum="7" t="6"/>
		<time hwnum="8" swnum="7" t="6"/>
		<time hwnum="9" swnum="7" t="5"/>
		<time hwnum="0" swnum="8" t="2"/>
		<time hwnum="1" swnum="8" t="7"/>
		<time hwnum="2" swnum="8" t="6"/>
		<time hwnum="3" swnum="8" t="1"/>
		<time hwnum="4" swnum="8" t="6"/>
		<time hwnum="5" swnum="8" t="7"/>
		<time hwnum="6" swnum="8" t="8"/>
		<time hwnum="7" swnum="8" t="3"/>
		<time hwnum="8" swnum="8" t="9"/>
		<time hwnum="9" swnum="8" t="4"/>
		<time hwnum="0" swnum="9" t="7"/>
		<time hwnum="1" swnum="9" t="10"/>
		<time hwnum="2" swnum="9" t="1"/>
		<time hwnum="3" swnum="9" t="3"/>
		<time hwnum="4" swnum="9" t="1"/>
		<time hwnum="5" swnum="9" t="8"/>
		<time hwnum="6" swnum="9" t="6"/>
		<time hwnum="7" swnum="9" t="3"/>
		<time hwnum="8" swnum="9" t="6"/>
		<time hwnum="9" swnum="9" t="7"/>
	</module>
	<module num="10" qall="0.99" qd="0.99" qrv="0.99" trecov="3" ttest="2" tvote="1">
		<tool name="none"/>
		<tool name="nvp01"/>
		<tool name="nvp11"/>
		<tool name="rb11"/>
		<sw cost="26" num="0" rel="0.988098220306"/>
		<sw cost="21" num="1" rel="0.853764384261"/>
		<sw cost="10" num="2" rel="0.939963439748"/>
		<sw cost="17" num="3" rel="0.931768430555"/>
		<sw cost="15" num="4" rel="0.887807207213"/>
		<sw cost="12" num="5" rel="0.862245423673"/>
		<sw cost="25" num="6" rel="0.873301424754"/>
		<sw cost="27" num="7" rel="0.889377527891"/>
		<sw cost="16" num="8" rel="0.989106905413"/>
		<sw cost="10" num="9" rel="0.870626619902"/>
		<hw cost="27" num="0" rel="0.922272215697"/>
		<hw cost="26" num="1" rel="0.862824007867"/>
		<hw cost="25" num="2" rel="0.860979208989"/>
		<hw cost="18" num="3" rel="0.899448918755"/>
		<hw cost="24" num="4" rel="0.858790764816"/>
		<hw cost="11" num="5" rel="0.902366789055"/>
		<hw cost="28" num="6" rel="0.903418214382"/>
		<hw cost="19" num="7" rel="0.856238756464"/>
		<hw cost="26" num="8" rel="0.945375402343"/>
		<hw cost="20" num="9" rel="0.891570422132"/>
		<time hwnum="0" swnum="0" t="1"/>
		<time hwnum="1" swnum="0" t="1"/>
		<time hwnum="2" swnum="0" t="5"/>
		<time hwnum="3" swnum="0" t="10"/>
		<time hwnum="4" swnum="0" t="6"/>
		<time hwnum="5" swnum="0" t="9"/>
		<time hwnum="6" swnum="0" t="3"/>
		<time hwnum="7" swnum="0" t="10"/>
		<time hwnum="8" swnum="0" t="10"/>
		<time hwnum="9" swnum="0" t="5"/>
		<time hwnum="0" swnum="1" t="4"/>
		<time hwnum="1" swnum="1" t="2"/>
		<time hwnum="2" swnum="1" t="1"/>
		<time hwnum="3" swnum="1" t="8"/>
		<time hwnum="4" swnum="1" t="10"/>
		<time hwnum="5" swnum="1" t="8"/>
		<time hwnum="6" swnum="1" t="5"/>
		<time hwnum="7" swnum="1" t="5"/>
		<time hwnum="8" swnum="1" t="2"/>
		<time hwnum="9" swnum="1" t="4"/>
		<time hwnum="0" swnum="2" t="8"/>
		<time hwnum="1" swnum="2" t="4"/>
		<time hwnum="2" swnum="2" t="9"/>
		<time hwnum="3" swnum="2" t="1"/>
		<time hwnum="4" swnum="2" t="1"/>
		<time hwnum="5" swnum="2" t="1"/>
		<time hwnum="6" swnum="2" t="5"/>
		<time hwnum="7" swnum="2" t="4"/>
		<time hwnum="8" swnum="2" t="4"/>
		<time hwnum="9" swnum="2" t="8"/>
		<time hwnum="0" swnum="3" t="7"/>
		<time hwnum="1" swnum="3" t="3"/>
		<time hwnum="2" swnum="3" t="9"/>
		<time hwnum="3" swnum="3" t="5"/>
		<time hwnum="4" swnum="3" t="3"/>
		<time hwnum="5" swnum="3" t="8"/>
		<time hwnum="6" swnum="3" t="10"/>
		<time hwnum="7" swnum="3" t="4"/>
		<time hwnum="8" swnum="3" t="9"/>
		<time hwnum="9" swnum="3" t="3"/>
		<time hwnum="0" swnum="4" t="6"/>
		<time hwnum="1" swnum="4" t="3"/>
		<time hwnum="2" swnum="4" t="3"/>
		<time hwnum="3" swnum="4" t="4"/>
		<time hwnum="4" swnum="4" t="5"/>
		<time hwnum="5" swnum="4" t="2"/>
		<time hwnum="6" swnum="4" t="6"/>
		<time hwnum="7" swnum="4" t="7"/>
		<time hwnum="8" swnum="4" t="10"/>
		<time hwnum="9" swnum="4" t="9"/>
		<time hwnum="0" swnum="5" t="5"/>
		<time hwnum="1" swnum="5" t="3"/>
		<time hwnum="2" swnum="5" t="3"/>
		<time hwnum="3" swnum="5" t="4"/>
		<time hwnum="4" swnum="5" t="6"/>
		<time hwnum="5" swnum="5" t="8"/>
		<time hwnum="6" swnum="5" t="6"/>
		<time hwnum="7" swnum="5" t="2"/>
		<time hwnum="8" swnum="5" t="7"/>
		<time hwnum="9" swnum="5" t="2"/>
		<time hwnum="0" swnum="6" t="1"/>
		<time hwnum="1" swnum="6" t="9"/>
		<time hwnum="2" swnum="6" t="5"/>
		<time hwnum="3" swnum="6" t="10"/>
		<time hwnum="4" swnum="6" t="7"/>
		<time hwnum="5" swnum="6" t="4"/>
		<time hwnum="6" swnum="6" t="4"/>
		<time hwnum="7" swnum="6" t="2"/>
		<time hwnum="8" swnum="6" t="1"/>
		<time hwnum="9" swnum="6" t="6"/>
		<time hwnum="0" swnum="7" t="9"/>
		<time hwnum="1" swnum="7" t="9"/>
		<time hwnum="2" swnum="7" t="3"/>
		<time hwnum="3" swnum="7" t="8"/>
		<time hwnum="4" swnum="7" t="5"/>
		<time hwnum="5" swnum="7" t="1"/>
		<time hwnum="6" swnum="7" t="2"/>
		<time hwnum="7" swnum="7" t="2"/>
		<time hwnum="8" swnum="7" t="10"/>
		<time hwnum="9" swnum="7" t="10"/>
		<time hwnum="0" swnum="8" t="2"/>
		<time hwnum="1" swnum="8" t="2"/>
		<time hwnum="2" swnum="8" t="2"/>
		<time hwnum="3" swnum="8" t="9"/>
		<time hwnum="4" swnum="8" t="3"/>
		<time hwnum="5" swnum="8" t="1"/>
		<time hwnum="6" swnum="8" t="6"/>
		<time hwnum="7" swnum="8" t="1"/>
		<time hwnum="8" swnum="8" t="3"/>
		<time hwnum="9" swnum="8" t="5"/>
		<time hwnum="0" swnum="9" t="5"/>
		<time hwnum="1" swnum="9" t="1"/>
		<time hwnum="2" swnum="9" t="3"/>
		<time hwnum="3" swnum="9" t="6"/>
		<time hwnum="4" swnum="9" t="4"/>
		<time hwnum="5" swnum="9" t="2"/>
		<time hwnum="6" swnum="9" t="3"/>
		<time hwnum="7" swnum="9" t="8"/>
		<time hwnum="8" swnum="9" t="3"/>
		<time hwnum="9" swnum="9" t="5"/>
	</module>
	<module num="11" qall="0.99" qd="0.99" qrv="0.99" trecov="3" ttest="2" tvote="1">
		<tool name="none"/>
		<tool name="nvp01"/>
		<tool name="nvp11"/>
		<tool name="rb11"/>
		<sw cost="29" num="0" rel="0.90462417122"/>
		<sw cost="30" num="1" rel="0.944793878138"/>
		<sw cost="17" num="2" rel="0.996113946369"/>
		<sw cost="18" num="3" rel="0.866338634706"/>
		<sw cost="23" num="4" rel="0.996704351114"/>
		<sw cost="27" num="5" rel="0.860027294415"/>
		<sw cost="14" num="6" rel="0.965660302418"/>
		<sw cost="27" num="7" rel="0.876512948204"/>
		<sw cost="12" num="8" rel="0.852519751996"/>
		<sw cost="29" num="9" rel="0.916185585215"/>
		<hw cost="12" num="0" rel="0.926591207662"/>
		<hw cost="14" num="1" rel="0.95680863402"/>
		<hw cost="22" num="2" rel="0.987814432964"/>
		<hw cost="29" num="3" rel="0.947087896572"/>
		<hw cost="14" num="4" rel="0.910043810629"/>
		<hw cost="18" num="5" rel="0.976263865525"/>
		<hw cost="26" num="6" rel="0.976796509153"/>
		<hw cost="26" num="7" rel="0.926225801278"/>
		<hw cost="26" num="8" rel="0.960141888164"/>
		<hw cost="17" num="9" rel="0.859410333968"/>
		<time hwnum="0" swnum="0" t="2"/>
		<time hwnum="1" swnum="0" t="6"/>
		<time hwnum="2" swnum="0" t="4"/>
		<time hwnum="3" swnum="0" t="1"/>
		<time hwnum="4" swnum="0" t="6"/>
		<time hwnum="5" swnum="0" t="8"/>
		<time hwnum="6" swnum="0" t="4"/>
		<time hwnum="7" swnum="0" t="5"/>
		<time hwnum="8" swnum="0" t="1"/>
		<time hwnum="9" swnum="0" t="10"/>
		<time hwnum="0" swnum="1" t="5"/>
		<time hwnum="1" swnum="1" t="3"/>
		<time hwnum="2" swnum="1" t="6"/>
		<time hwnum="3" swnum="1" t="4"/>
		<time hwnum="4" swnum="1" t="7"/>
		<time hwnum="5" swnum="1" t="1"/>
		<time hwnum="6" swnum="1" t="8"/>
		<time hwnum="7" swnum="1" t="8"/>
		<time hwnum="8" swnum="1" t="10"/>
		<time hwnum="9" swnum="1" t="4"/>
		<time hwnum="0" swnum="2" t="5"/>
		<time hwnum="1" swnum="2" t="5"/>
		<time hwnum="2" swnum="2" t="3"/>
		<time hwnum="3" swnum="2" t="8"/>
		<time hwnum="4" swnum="2" t="4"/>
		<time hwnum="5" swnum="2" t="9"/>
		<time hwnum="6" swnum="2" t="7"/>
		<time hwnum="7" swnum="2" t="6"/>
		<time hwnum="8" swnum="2" t="7"/>
		<time hwnum="9" swnum="2" t="1"/>
		<time hwnum="0" swnum="3" t="5"/>
		<time hwnum="1" swnum="3" t="3"/>
		<time hwnum="2" swnum="3" t="6"/>
		<time hwnum="3" swnum="3" t="1"/>
		<time hwnum="4" swnum="3" t="4"/>
		<time hwnum="5" swnum="3" t="4"/>
		<time hwnum="6" swnum="3" t="9"/>
		<time hwnum="7" swnum="3" t="1"/>
		<time hwnum="8" swnum="3" t="6"/>
		<time hwnum="9" swnum="3" t="9"/>
		<time hwnum="0" swnum="4" t="6"/>
		<time hwnum="1" swnum="4" t="8"/>
		<time hwnum="2" swnum="4" t="1"/>
		<time hwnum="3" swnum="4" t="9"/>
		<time hwnum="4" swnum="4" t="9"/>
		<time hwnum="5" swnum="4" t="1"/>
		<time hwnum="6" swnum="4" t="5"/>
		<time hwnum="7" swnum="4" t="1"/>
		<time hwnum="8" swnum="4" t="6"/>
		<time hwnum="9" swnum="4" t="4"/>
		<time hwnum="0" swnum="5" t="3"/>
		<time hwnum="1" swnum="5" t="6"/>
		<time hwnum="2" swnum="5" t="3"/>
		<time hwnum="3" swnum="5" t="7"/>
		<time hwnum="4" swnum="5" t="10"/>
		<time hwnum="5" swnum="5" t="3"/>
		<time hwnum="6" swnum="5" t="3"/>
		<time hwnum="7" swnum="5" t="5"/>
		<time hwnum="8" swnum="5" t="7"/>
		<time hwnum="9" swnum="5" t="9"/>
		<time hwnum="0" swnum="6" t="7"/>
		<time hwnum="1" swnum="6" t="7"/>
		<time hwnum="2" swnum="6" t="9"/>
		<time hwnum="3" swnum="6" t="10"/>
		<time hwnum="4" swnum="6" t="1"/>
		<time hwnum="5" swnum="6" t="4"/>
		<time hwnum="6" swnum="6" t="10"/>
		<time hwnum="7" swnum="6" t="4"/>
		<time hwnum="8" swnum="6" t="7"/>
		<time hwnum="9" swnum="6" t="4"/>
		<time hwnum="0" swnum="7" t="6"/>
		<time hwnum="1" swnum="7" t="6"/>
		<time hwnum="2" swnum="7" t="6"/>
		<time hwnum="3" swnum="7" t="1"/>
		<time hwnum="4" swnum="7" t="2"/>
		<time hwnum="5" swnum="7" t="7"/>
		<time hwnum="6" swnum="7" t="4"/>
		<time hwnum="7" swnum="7" t="1"/>
		<time hwnum="8" swnum="7" t="4"/>
		<time hwnum="9" swnum="7" t="6"/>
		<time hwnum="0" swnum="8" t="1"/>
		<time hwnum="1" swnum="8" t="5"/>
		<time hwnum="2" swnum="8" t="5"/>
		<time hwnum="3" swnum="8" t="4"/>
		<time hwnum="4" swnum="8" t="8"/>
		<time hwnum="5" swnum="8" t="3"/>
		<time hwnum="6" swnum="8" t="3"/>
		<time hwnum="7" swnum="8" t="3"/>
		<time hwnum="8" swnum="8" t="5"/>
		<time hwnum="9" swnum="8" t="5"/>
		<time hwnum="0" swnum="9" t="8"/>
		<time hwnum="1" swnum="9" t="8"/>
		<time hwnum="2" swnum="9" t="10"/>
		<time hwnum="3" swnum="9" t="1"/>
		<time hwnum="4" swnum="9" t="9"/>
		<time hwnum="5" swnum="9" t="5"/>
		<time hwnum="6" swnum="9" t="1"/>
		<time hwnum="7" swnum="9" t="2"/>
		<time hwnum="8" swnum="9" t="6"/>
		<time hwnum="9" swnum="9" t="9"/>
	</module>
	<module num="12" qall="0.99" qd="0.99" qrv="0.99" trecov="3" ttest="2" tvote="1">
		<tool name="none"/>
		<tool name="nvp01"/>
		<tool name="nvp11"/>
		<tool name="rb11"/>
		<sw cost="12" num="0" rel="0.993029135215"/>
		<sw cost="21" num="1" rel="0.964331872535"/>
		<sw cost="17" num="2" rel="0.878677569403"/>
		<sw cost="29" num="3" rel="0.853174686913"/>
		<sw cost="24" num="4" rel="0.981610063365"/>
		<sw cost="25" num="5" rel="0.972213301317"/>
		<sw cost="12" num="6" rel="0.852492316112"/>
		<sw cost="25" num="7" rel="0.941462320027"/>
		<sw cost="15" num="8" rel="0.860773935992"/>
		<sw cost="29" num="9" rel="0.964663868704"/>
		<hw cost="21" num="0" rel="0.851675959564"/>
		<hw cost="14" num="1" rel="0.923704096034"/>
		<hw cost="25" num="2" rel="0.924609460358"/>
		<hw cost="11" num="3" rel="0.890989363974"/>
		<hw cost="13" num="4" rel="0.877499871618"/>
		<hw cost="19" num="5" rel="0.856004253879"/>
		<hw cost="27" num="6" rel="0.863058738843"/>
		<hw cost="20" num="7" rel="0.942302186602"/>
		<hw cost="22" num="8" rel="0.964964706121"/>
		<hw cost="21" num="9" rel="0.950283675865"/>
		<time hwnum="0" swnum="0" t="2"/>
		<time hwnum="1" swnum="0" t="6"/>
		<time hwnum="2" swnum="0" t="6"/>
		<time hwnum="3" swnum="0" t="6"/>
		<time hwnum="4" swnum="0" t="7"/>
		<time hwnum="5" swnum="0" t="6"/>
		<time hwnum="6" swnum="0" t="8"/>
		<time hwnum="7" swnum="0" t="7"/>
		<time hwnum="8" swnum="0" t="4"/>
		<time hwnum="9" swnum="0" t="10"/>
		<time hwnum="0" swnum="1" t="4"/>
		<time hwnum="1" swnum="1" t="2"/>
		<time hwnum="2" swnum="1" t="4"/>
		<time hwnum="3" swnum="1" t="2"/>
		<time hwnum="4" swnum="1" t="3"/>
		<time hwnum="5" swnum="1" t="5"/>
		<time hwnum="6" swnum="1" t="8"/>
		<time hwnum="7" swnum="1" t="10"/>
		<time hwnum="8" swnum="1" t="1"/>
		<time hwnum="9" swnum="1" t="5"/>
		<time hwnum="0" swnum="2" t="1"/>
		<time hwnum="1" swnum="2" t="7"/>
		<time hwnum="2" swnum="2" t="4"/>
		<time hwnum="3" swnum="2" t="4"/>
		<time hwnum="4" swnum="2" t="4"/>
		<time hwnum="5" swnum="2" t="5"/>
		<time hwnum="6" swnum="2" t="1"/>
		<time hwnum="7" swnum="2" t="1"/>
		<time hwnum="8" swnum="2" t="5"/>
		<time hwnum="9" swnum="2" t="5"/>
		<time hwnum="0" swnum="3" t="2"/>
		<time hwnum="1" swnum="3" t="7"/>
		<time hwnum="2" swnum="3" t="5"/>
		<time hwnum="3" swnum="3" t="2"/>
		<time hwnum="4" swnum="3" t="10"/>
		<time hwnum="5" swnum="3" t="6"/>
		<time hwnum="6" swnum="3" t="2"/>
		<time hwnum="7" swnum="3" t="8"/>
		<time hwnum="8" swnum="3" t="1"/>
		<time hwnum="9" swnum="3" t="3"/>
		<time hwnum="0" swnum="4" t="10"/>
		<time hwnum="1" swnum="4" t="9"/>
		<time hwnum="2" swnum="4" t="8"/>
		<time hwnum="3" swnum="4" t="5"/>
		<time hwnum="4" swnum="4" t="8"/>
		<time hwnum="5" swnum="4" t="5"/>
		<time hwnum="6" swnum="4" t="5"/>
		<time hwnum="7" swnum="4" t="9"/>
		<time hwnum="8" swnum="4" t="1"/>
		<time hwnum="9" swnum="4" t="9"/>
		<time hwnum="0" swnum="5" t="6"/>
		<time hwnum="1" swnum="5" t="2"/>
		<time hwnum="2" swnum="5" t="3"/>
		<time hwnum="3" swnum="5" t="3"/>
		<time hwnum="4" swnum="5" t="5"/>
		<time hwnum="5" swnum="5" t="5"/>
		<time hwnum="6" swnum="5" t="4"/>
		<time hwnum="7" swnum="5" t="3"/>
		<time hwnum="8" swnum="5" t="2"/>
		<time hwnum="9" swnum="5" t="2"/>
		<time hwnum="0" swnum="6" t="9"/>
		<time hwnum="1" swnum="6" t="1"/>
		<time hwnum="2" swnum="6" t="6"/>
		<time hwnum="3" swnum="6" t="7"/>
		<time hwnum="4" swnum="6" t="1"/>
		<time hwnum="5" swnum="6" t="2"/>
		<time hwnum="6" swnum="6" t="7"/>
		<time hwnum="7" swnum="6" t="8"/>
		<time hwnum="8" swnum="6" t="2"/>
		<time hwnum="9" swnum="6" t="1"/>
		<time hwnum="0" swnum="7" t="5"/>
		<time hwnum="1" swnum="7" t="4"/>
		<time hwnum="2" swnum="7" t="3"/>
		<time hwnum="3" swnum="7" t="7"/>
		<time hwnum="4" swnum="7" t="6"/>
		<time hwnum="5" swnum="7" t="4"/>
		<time hwnum="6" swnum="7" t="6"/>
		<time hwnum="7" swnum="7" t="2"/>
		<time hwnum="8" swnum="7" t="6"/>
		<time hwnum="9" swnum="7" t="5"/>
		<time hwnum="0" swnum="8" t="10"/>
		<time hwnum="1" swnum="8" t="8"/>
		<time hwnum="2" swnum="8" t="1"/>
		<time hwnum="3" swnum="8" t="5"/>
		<time hwnum="4" swnum="8" t="4"/>
		<time hwnum="5" swnum="8" t="7"/>
		<time hwnum="6" swnum="8" t="5"/>
		<time hwnum="7" swnum="8" t="7"/>
		<time hwnum="8" swnum="8" t="2"/>
		<time hwnum="9" swnum="8" t="4"/>
		<time hwnum="0" swnum="9" t="7"/>
		<time hwnum="1" swnum="9" t="5"/>
		<time hwnum="2" swnum="9" t="10"/>
		<time hwnum="3" swnum="9" t="8"/>
		<time hwnum="4" swnum="9" t="3"/>
		<time hwnum="5" swnum="9" t="3"/>
		<time hwnum="6" swnum="9" t="3"/>
		<time hwnum="7" swnum="9" t="3"/>
		<time hwnum="8" swnum="9" t="6"/>
		<time hwnum="9" swnum="9" t="2"/>
	</module>
	<module num="13" qall="0.99" qd="0.99" qrv="0.99" trecov="3" ttest="2" tvote="1">
		<tool name="none"/>
		<tool name="nvp01"/>
		<tool name="nvp11"/>
		<tool name="rb11"/>
		<sw cost="21" num="0" rel="0.857116219523"/>
		<sw cost="26" num="1" rel="0.943850174992"/>
		<sw cost="19" num="2" rel="0.978346729367"/>
		<sw cost="11" num="3" rel="0.926002663964"/>
		<sw cost="17" num="4" rel="0.982668305979"/>
		<sw cost="21" num="5" rel="0.952980402451"/>
		<sw cost="23" num="6" rel="0.855351640775"/>
		<sw cost="16" num="7" rel="0.937230065307"/>
		<sw cost="25" num="8" rel="0.987772651642"/>
		<sw cost="24" num="9" rel="0.850243798717"/>
		<hw cost="27" num="0" rel="0.880773487179"/>
		<hw cost="17" num="1" rel="0.925190878115"/>
		<hw cost="17" num="2" rel="0.896772197058"/>
		<hw cost="14" num="3" rel="0.974504849724"/>
		<hw cost="17" num="4" rel="0.850458847282"/>
		<hw cost="19" num="5" rel="0.883044762516"/>
		<hw cost="16" num="6" rel="0.966798835757"/>
		<hw cost="20" num="7" rel="0.908410699891"/>
		<hw cost="24" num="8" rel="0.899303866003"/>
		<hw cost="19" num="9" rel="0.853638440761"/>
		<time hwnum="0" swnum="0" t="4"/>
		<time hwnum="1" swnum="0" t="9"/>
		<time hwnum="2" swnum="0" t="8"/>
		<time hwnum="3" swnum="0" t="1"/>
		<time hwnum="4" swnum="0" t="1"/>
		<time hwnum="5" swnum="0" t="4"/>
		<time hwnum="6" swnum="0" t="3"/>
		<time hwnum="7" swnum="0" t="4"/>
		<time hwnum="8" swnum="0" t="4"/>
		<time hwnum="9" swnum="0" t="10"/>
		<time hwnum="0" swnum="1" t="2"/>
		<time hwnum="1" swnum="1" t="9"/>
		<time hwnum="2" swnum="1" t="8"/>
		<time hwnum="3" swnum="1" t="5"/>
		<time hwnum="4" swnum="1" t="4"/>
		<time hwnum="5" swnum="1" t="6"/>
		<time hwnum="6" swnum="1" t="1"/>
		<time hwnum="7" swnum="1" t="10"/>
		<time hwnum="8" swnum="1" t="1"/>
		<time hwnum="9" swnum="1" t="8"/>
		<time hwnum="0" swnum="2" t="1"/>
		<time hwnum="1" swnum="2" t="4"/>
		<time hwnum="2" swnum="2" t="3"/>
		<time hwnum="3" swnum="2" t="3"/>
		<time hwnum="4" swnum="2" t="1"/>
		<time hwnum="5" swnum="2" t="10"/>
		<time hwnum="6" swnum="2" t="3"/>
		<time hwnum="7" swnum="2" t="8"/>
		<time hwnum="8" swnum="2" t="5"/>
		<time hwnum="9" swnum="2" t="10"/>
		<time hwnum="0" swnum="3" t="3"/>
		<time hwnum="1" swnum="3" t="6"/>
		<time hwnum="2" swnum="3" t="6"/>
		<time hwnum="3" swnum="3" t="4"/>
		<time hwnum="4" swnum="3" t="9"/>
		<time hwnum="5" swnum="3" t="4"/>
		<time hwnum="6" swnum="3" t="1"/>
		<time hwnum="7" swnum="3" t="4"/>
		<time hwnum="8" swnum="3" t="1"/>
		<time hwnum="9" swnum="3" t="1"/>
		<time hwnum="0" swnum="4" t="8"/>
		<time hwnum="1" swnum="4" t="1"/>
		<time hwnum="2" swnum="4" t="2"/>
		<time hwnum="3" swnum="4" t="6"/>
		<time hwnum="4" swnum="4" t="10"/>
		<time hwnum="5" swnum="4" t="3"/>
		<time hwnum="6" swnum="4" t="7"/>
		<time hwnum="7" swnum="4" t="8"/>
		<time hwnum="8" swnum="4" t="7"/>
		<time hwnum="9" swnum="4" t="6"/>
		<time hwnum="0" swnum="5" t="5"/>
		<time hwnum="1" swnum="5" t="3"/>
		<time hwnum="2" swnum="5" t="10"/>
		<time hwnum="3" swnum="5" t="10"/>
		<time hwnum="4" swnum="5" t="4"/>
		<time hwnum="5" swnum="5" t="8"/>
		<time hwnum="6" swnum="5" t="9"/>
		<time hwnum="7" swnum="5" t="9"/>
		<time hwnum="8" swnum="5" t="4"/>
		<time hwnum="9" swnum="5" t="2"/>
		<time hwnum="0" swnum="6" t="4"/>
		<time hwnum="1" swnum="6" t="2"/>
		<time hwnum="2" swnum="6" t="5"/>
		<time hwnum="3" swnum="6" t="6"/>
		<time hwnum="4" swnum="6" t="5"/>
		<time hwnum="5" swnum="6" t="2"/>
		<time hwnum="6" swnum="6" t="7"/>
		<time hwnum="7" swnum="6" t="9"/>
		<time hwnum="8" swnum="6" t="9"/>
		<time hwnum="9" swnum="6" t="5"/>
		<time hwnum="0" swnum="7" t="8"/>
		<time hwnum="1" swnum="7" t="9"/>
		<time hwnum="2" swnum="7" t="3"/>
		<time hwnum="3" swnum="7" t="4"/>
		<time hwnum="4" swnum="7" t="9"/>
		<time hwnum="5" swnum="7" t="2"/>
		<time hwnum="6" swnum="7" t="5"/>
		<time hwnum="7" swnum="7" t="4"/>
		<time hwnum="8" swnum="7" t="4"/>
		<time hwnum="9" swnum="7" t="9"/>
		<time hwnum="0" swnum="8" t="1"/>
		<time hwnum="1" swnum="8" t="3"/>
		<time hwnum="2" swnum="8" t="2"/>
		<time hwnum="3" swnum="8" t="10"/>
		<time hwnum="4" swnum="8" t="4"/>
		<time hwnum="5" swnum="8" t="10"/>
		<time hwnum="6" swnum="8" t="1"/>
		<time hwnum="7" swnum="8" t="1"/>
		<time hwnum="8" swnum="8" t="6"/>
		<time hwnum="9" swnum="8" t="9"/>
		<time hwnum="0" swnum="9" t="6"/>
		<time hwnum="1" swnum="9" t="10"/>
		<time hwnum="2" swnum="9" t="10"/>
		<time hwnum="3" swnum="9" t="1"/>
		<time hwnum="4" swnum="9" t="10"/>
		<time hwnum="5" swnum="9" t="9"/>
		<time hwnum="6" swnum="9" t="5"/>
		<time hwnum="7" swnum="9" t="3"/>
		<time hwnum="8" swnum="9" t="2"/>
		<time hwnum="9" swnum="9" t="3"/>
	</module>
	<module num="14" qall="0.99" qd="0.99" qrv="0.99" trecov="3" ttest="2" tvote="1">
		<tool name="none"/>
		<tool name="nvp01"/>
		<tool name="nvp11"/>
		<tool name="rb11"/>
		<sw cost="10" num="0" rel="0.924472686034"/>
		<sw cost="26" num="1" rel="0.931395519063"/>
		<sw cost="24" num="2" rel="0.964558353797"/>
		<sw cost="27" num="3" rel="0.955576896372"/>
		<sw cost="18" num="4" rel="0.895599632903"/>
		<sw cost="21" num="5" rel="0.956661754448"/>
		<sw cost="13" num="6" rel="0.893947966761"/>
		<sw cost="13" num="7" rel="0.934551045258"/>
		<sw cost="16" num="8" rel="0.852174225172"/>
		<sw cost="16" num="9" rel="0.853905326683"/>
		<hw cost="15" num="0" rel="0.904394595419"/>
		<hw cost="11" num="1" rel="0.956332384338"/>
		<hw cost="22" num="2" rel="0.938013959622"/>
		<hw cost="12" num="3" rel="0.893761508083"/>
		<hw cost="16" num="4" rel="0.891003188578"/>
		<hw cost="18" num="5" rel="0.914005202714"/>
		<hw cost="28" num="6" rel="0.92277832679"/>
		<hw cost="23" num="7" rel="0.950165569288"/>
		<hw cost="13" num="8" rel="0.902894186793"/>
		<hw cost="22" num="9" rel="0.952728692456"/>
		<time hwnum="0" swnum="0" t="6"/>
		<time hwnum="1" swnum="0" t="2"/>
		<time hwnum="2" swnum="0" t="6"/>
		<time hwnum="3" swnum="0" t="1"/>
		<time hwnum="4" swnum="0" t="4"/>
		<time hwnum="5" swnum="0" t="3"/>
		<time hwnum="6" swnum="0" t="1"/>
		<time hwnum="7" swnum="0" t="3"/>
		<time hwnum="8" swnum="0" t="8"/>
		<time hwnum="9" swnum="0" t="4"/>
		<time hwnum="0" swnum="1" t="2"/>
		<time hwnum="1" swnum="1" t="8"/>
		<time hwnum="2" swnum="1" t="5"/>
		<time hwnum="3" swnum="1" t="7"/>
		<time hwnum="4" swnum="1" t="7"/>
		<time hwnum="5" swnum="1" t="8"/>
		<time hwnum="6" swnum="1" t="1"/>
		<time hwnum="7" swnum="1" t="1"/>
		<time hwnum="8" swnum="1" t="2"/>
		<time hwnum="9" swnum="1" t="2"/>
		<time hwnum="0" swnum="2" t="5"/>
		<time hwnum="1" swnum="2" t="7"/>
		<time hwnum="2" swnum="2" t="3"/>
		<time hwnum="3" swnum="2" t="2"/>
		<time hwnum="4" swnum="2" t="9"/>
		<time hwnum="5" swnum="2" t="5"/>
		<time hwnum="6" swnum="2" t="3"/>
		<time hwnum="7" swnum="2" t="3"/>
		<time hwnum="8" swnum="2" t="8"/>
		<time hwnum="9" swnum="2" t="6"/>
		<time hwnum="0" swnum="3" t="8"/>
		<time hwnum="1" swnum="3" t="6"/>
		<time hwnum="2" swnum="3" t="6"/>
		<time hwnum="3" swnum="3" t="9"/>
		<time hwnum="4" swnum="3" t="2"/>
		<time hwnum="5" swnum="3" t="9"/>
		<time hwnum="6" swnum="3" t="3"/>
		<time hwnum="7" swnum="3" t="3"/>
		<time hwnum="8" swnum="3" t="2"/>
		<time hwnum="9" swnum="3" t="1"/>
		<time hwnum="0" swnum="4" t="5"/>
		<time hwnum="1" swnum="4" t="4"/>
		<time hwnum="2" swnum="4" t="7"/>
		<time hwnum="3" swnum="4" t="2"/>
		<time hwnum="4" swnum="4" t="10"/>
		<time hwnum="5" swnum="4" t="4"/>
		<time hwnum="6" swnum="4" t="3"/>
		<time hwnum="7" swnum="4" t="1"/>
		<time hwnum="8" swnum="4" t="3"/>
		<time hwnum="9" swnum="4" t="4"/>
		<time hwnum="0" swnum="5" t="5"/>
		<time hwnum="1" swnum="5" t="6"/>
		<time hwnum="2" swnum="5" t="7"/>
		<time hwnum="3" swnum="5" t="3"/>
		<time hwnum="4" swnum="5" t="8"/>
		<time hwnum="5" swnum="5" t="4"/>
		<time hwnum="6" swnum="5" t="5"/>
		<time hwnum="7" swnum="5" t="8"/>
		<time hwnum="8" swnum="5" t="3"/>
		<time hwnum="9" swnum="5" t="2"/>
		<time hwnum="0" swnum="6" t="1"/>
		<time hwnum="1" swnum="6" t="6"/>
		<time hwnum="2" swnum="6" t="5"/>
		<time hwnum="3" swnum="6" t="9"/>
		<time hwnum="4" swnum="6" t="1"/>
		<time hwnum="5" swnum="6" t="7"/>
		<time hwnum="6" swnum="6" t="5"/>
		<time hwnum="7" swnum="6" t="6"/>
		<time hwnum="8" swnum="6" t="3"/>
		<time hwnum="9" swnum="6" t="6"/>
		<time hwnum="0" swnum="7" t="5"/>
		<time hwnum="1" swnum="7" t="3"/>
		<time hwnum="2" swnum="7" t="8"/>
		<time hwnum="3" swnum="7" t="8"/>
		<time hwnum="4" swnum="7" t="10"/>
		<time hwnum="5" swnum="7" t="8"/>
		<time hwnum="6" swnum="7" t="2"/>
		<time hwnum="7" swnum="7" t="8"/>
		<time hwnum="8" swnum="7" t="3"/>
		<time hwnum="9" swnum="7" t="3"/>
		<time hwnum="0" swnum="8" t="4"/>
		<time hwnum="1" swnum="8" t="5"/>
		<time hwnum="2" swnum="8" t="3"/>
		<time hwnum="3" swnum="8" t="7"/>
		<time hwnum="4" swnum="8" t="8"/>
		<time hwnum="5" swnum="8" t="6"/>
		<time hwnum="6" swnum="8" t="8"/>
		<time hwnum="7" swnum="8" t="8"/>
		<time hwnum="8" swnum="8" t="6"/>
		<time hwnum="9" swnum="8" t="7"/>
		<time hwnum="0" swnum="9" t="1"/>
		<time hwnum="1" swnum="9" t="2"/>
		<time hwnum="2" swnum="9" t="2"/>
		<time hwnum="3" swnum="9" t="5"/>
		<time hwnum="4" swnum="9" t="7"/>
		<time hwnum="5" swnum="9" t="6"/>
		<time hwnum="6" swnum="9" t="7"/>
		<time hwnum="7" swnum="9" t="3"/>
		<time hwnum="8" swnum="9" t="8"/>
		<time hwnum="9" swnum="9" t="10"/>
	</module>
	<module num="15" qall="0.99" qd="0.99" qrv="0.99" trecov="3" ttest="2" tvote="1">
		<tool name="none"/>
		<tool name="nvp01"/>
		<tool name="nvp11"/>
		<tool name="rb11"/>
		<sw cost="18" num="0" rel="0.914823528103"/>
		<sw cost="10" num="1" rel="0.975227455694"/>
		<sw cost="26" num="2" rel="0.884338393011"/>
		<sw cost="14" num="3" rel="0.885460685409"/>
		<sw cost="10" num="4" rel="0.859840297454"/>
		<sw cost="30" num="5" rel="0.888869880647"/>
		<sw cost="26" num="6" rel="0.856260666794"/>
		<sw cost="24" num="7" rel="0.894707561683"/>
		<sw cost="19" num="8" rel="0.939473384932"/>
		<sw cost="22" num="9" rel="0.879355136804"/>
		<hw cost="29" num="0" rel="0.950561824824"/>
		<hw cost="14" num="1" rel="0.870599725777"/>
		<hw cost="30" num="2" rel="0.85281269589"/>
		<hw cost="16" num="3" rel="0.881750242428"/>
		<hw cost="24" num="4" rel="0.868826166551"/>
		<hw cost="10" num="5" rel="0.911337893024"/>
		<hw cost="25" num="6" rel="0.934837427055"/>
		<hw cost="10" num="7" rel="0.933859529654"/>
		<hw cost="28" num="8" rel="0.926930827579"/>
		<hw cost="29" num="9" rel="0.939956705528"/>
		<time hwnum="0" swnum="0" t="3"/>
		<time hwnum="1" swnum="0" t="8"/>
		<time hwnum="2" swnum="0" t="9"/>
		<time hwnum="3" swnum="0" t="3"/>
		<time hwnum="4" swnum="0" t="2"/>
		<time hwnum="5" swnum="0" t="4"/>
		<time hwnum="6" swnum="0" t="9"/>
		<time hwnum="7" swnum="0" t="8"/>
		<time hwnum="8" swnum="0" t="3"/>
		<time hwnum="9" swnum="0" t="4"/>
		<time hwnum="0" swnum="1" t="10"/>
		<time hwnum="1" swnum="1" t="9"/>
		<time hwnum="2" swnum="1" t="2"/>
		<time hwnum="3" swnum="1" t="4"/>
		<time hwnum="4" swnum="1" t="2"/>
		<time hwnum="5" swnum="1" t="9"/>
		<time hwnum="6" swnum="1" t="1"/>
		<time hwnum="7" swnum="1" t="5"/>
		<time hwnum="8" swnum="1" t="8"/>
		<time hwnum="9" swnum="1" t="2"/>
		<time hwnum="0" swnum="2" t="1"/>
		<time hwnum="1" swnum="2" t="1"/>
		<time hwnum="2" swnum="2" t="5"/>
		<time hwnum="3" swnum="2" t="5"/>
		<time hwnum="4" swnum="2" t="2"/>
		<time hwnum="5" swnum="2" t="4"/>
		<time hwnum="6" swnum="2" t="3"/>
		<time hwnum="7" swnum="2" t="8"/>
		<time hwnum="8" swnum="2" t="1"/>
		<time hwnum="9" swnum="2" t="3"/>
		<time hwnum="0" swnum="3" t="6"/>
		<time hwnum="1" swnum="3" t="8"/>
		<time hwnum="2" swnum="3" t="3"/>
		<time hwnum="3" swnum="3" t="4"/>
		<time hwnum="4" swnum="3" t="2"/>
		<time hwnum="5" swnum="3" t="6"/>
		<time hwnum="6" swnum="3" t="7"/>
		<time hwnum="7" swnum="3" t="2"/>
		<time hwnum="8" swnum="3" t="3"/>
		<time hwnum="9" swnum="3" t="1"/>
		<time hwnum="0" swnum="4" t="1"/>
		<time hwnum="1" swnum="4" t="3"/>
		<time hwnum="2" swnum="4" t="6"/>
		<time hwnum="3" swnum="4" t="5"/>
		<time hwnum="4" swnum="4" t="7"/>
		<time hwnum="5" swnum="4" t="1"/>
		<time hwnum="6" swnum="4" t="10"/>
		<time hwnum="7" swnum="4" t="3"/>
		<time hwnum="8" swnum="4" t="1"/>
		<time hwnum="9" swnum="4" t="9"/>
		<time hwnum="0" swnum="5" t="3"/>
		<time hwnum="1" swnum="5" t="9"/>
		<time hwnum="2" swnum="5" t="10"/>
		<time hwnum="3" swnum="5" t="1"/>
		<time hwnum="4" swnum="5" t="5"/>
		<time hwnum="5" swnum="5" t="2"/>
		<time hwnum="6" swnum="5" t="10"/>
		<time hwnum="7" swnum="5" t="10"/>
		<time hwnum="8" swnum="5" t="6"/>
		<time hwnum="9" swnum="5" t="4"/>
		<time hwnum="0" swnum="6" t="1"/>
		<time hwnum="1" swnum="6" t="6"/>
		<time hwnum="2" swnum="6" t="5"/>
		<time hwnum="3" swnum="6" t="6"/>
		<time hwnum="4" swnum="6" t="1"/>
		<time hwnum="5" swnum="6" t="7"/>
		<time hwnum="6" swnum="6" t="6"/>
		<time hwnum="7" swnum="6" t="6"/>
		<time hwnum="8" swnum="6" t="10"/>
		<time hwnum="9" swnum="6" t="3"/>
		<time hwnum="0" swnum="7" t="2"/>
		<time hwnum="1" swnum="7" t="6"/>
		<time hwnum="2" swnum="7" t="5"/>
		<time hwnum="3" swnum="7" t="1"/>
		<time hwnum="4" swnum="7" t="2"/>
		<time hwnum="5" swnum="7" t="8"/>
		<time hwnum="6" swnum="7" t="9"/>
		<time hwnum="7" swnum="7" t="5"/>
		<time hwnum="8" swnum="7" t="9"/>
		<time hwnum="9" swnum="7" t="1"/>
		<time hwnum="0" swnum="8" t="7"/>
		<time hwnum="1" swnum="8" t="4"/>
		<time hwnum="2" swnum="8" t="1"/>
		<time hwnum="3" swnum="8" t="2"/>
		<time hwnum="4" swnum="8" t="10"/>
		<time hwnum="5" swnum="8" t="3"/>
		<time hwnum="6" swnum="8" t="8"/>
		<time hwnum="7" swnum="8" t="1"/>
		<time hwnum="8" swnum="8" t="1"/>
		<time hwnum="9" swnum="8" t="4"/>
		<time hwnum="0" swnum="9" t="4"/>
		<time hwnum="1" swnum="9" t="8"/>
		<time hwnum="2" swnum="9" t="10"/>
		<time hwnum="3" swnum="9" t="8"/>
		<time hwnum="4" swnum="9" t="6"/>
		<time hwnum="5" swnum="9" t="6"/>
		<time hwnum="6" swnum="9" t="7"/>
		<time hwnum="7" swnum="9" t="10"/>
		<time hwnum="8" swnum="9" t="10"/>
		<time hwnum="9" swnum="9" t="2"/>
	</module>
	<module num="16" qall="0.99" qd="0.99" qrv="0.99" trecov="3" ttest="2" tvote="1">
		<tool name="none"/>
		<tool name="nvp01"/>
		<tool name="nvp11"/>
		<tool name="rb11"/>
		<sw cost="11" num="0" rel="0.95674134689"/>
		<sw cost="17" num="1" rel="0.866572133431"/>
		<sw cost="26" num="2" rel="0.961538769879"/>
		<sw cost="30" num="3" rel="0.850638058596"/>
		<sw cost="15" num="4" rel="0.920063709216"/>
		<sw cost="27" num="5" rel="0.919809776219"/>
		<sw cost="16" num="6" rel="0.869786784972"/>
		<sw cost="19" num="7" rel="0.896809669635"/>
		<sw cost="16" num="8" rel="0.850433294795"/>
		<sw cost="21" num="9" rel="0.935225417157"/>
		<hw cost="10" num="0" rel="0.925936982058"/>
		<hw cost="23" num="1" rel="0.870295194891"/>
		<hw cost="26" num="2" rel="0.982108060612"/>
		<hw cost="29" num="3" rel="0.915457412695"/>
		<hw cost="30" num="4" rel="0.993690153012"/>
		<hw cost="11" num="5" rel="0.989965497194"/>
		<hw cost="28" num="6" rel="0.914581823962"/>
		<hw cost="21" num="7" rel="0.884593153943"/>
		<hw cost="23" num="8" rel="0.950240097179"/>
		<hw cost="23" num="9" rel="0.896516320019"/>
		<time hwnum="0" swnum="0" t="10"/>
		<time hwnum="1" swnum="0" t="4"/>
		<time hwnum="2" swnum="0" t="10"/>
		<time hwnum="3" swnum="0" t="10"/>
		<time hwnum="4" swnum="0" t="7"/>
		<time hwnum="5" swnum="0" t="4"/>
		<time hwnum="6" swnum="0" t="2"/>
		<time hwnum="7" swnum="0" t="2"/>
		<time hwnum="8" swnum="0" t="4"/>
		<time hwnum="9" swnum="0" t="5"/>
		<time hwnum="0" swnum="1" t="9"/>
		<time hwnum="1" swnum="1" t="2"/>
		<time hwnum="2" swnum="1" t="9"/>
		<time hwnum="3" swnum="1" t="9"/>
		<time hwnum="4" swnum="1" t="6"/>
		<time hwnum="5" swnum="1" t="7"/>
		<time hwnum="6" swnum="1" t="10"/>
		<time hwnum="7" swnum="1" t="7"/>
		<time hwnum="8" swnum="1" t="6"/>
		<time hwnum="9" swnum="1" t="5"/>
		<time hwnum="0" swnum="2" t="1"/>
		<time hwnum="1" swnum="2" t="10"/>
		<time hwnum="2" swnum="2" t="8"/>
		<time hwnum="3" swnum="2" t="4"/>
		<time hwnum="4" swnum="2" t="6"/>
		<time hwnum="5" swnum="2" t="6"/>
		<time hwnum="6" swnum="2" t="2"/>
		<time hwnum="7" swnum="2" t="6"/>
		<time hwnum="8" swnum="2" t="2"/>
		<time hwnum="9" swnum="2" t="4"/>
		<time hwnum="0" swnum="3" t="8"/>
		<time hwnum="1" swnum="3" t="8"/>
		<time hwnum="2" swnum="3" t="7"/>
		<time hwnum="3" swnum="3" t="2"/>
		<time hwnum="4" swnum="3" t="1"/>
		<time hwnum="5" swnum="3" t="8"/>
		<time hwnum="6" swnum="3" t="6"/>
		<time hwnum="7" swnum="3" t="3"/>
		<time hwnum="8" swnum="3" t="8"/>
		<time hwnum="9" swnum="3" t="2"/>
		<time hwnum="0" swnum="4" t="3"/>
		<time hwnum="1" swnum="4" t="9"/>
		<time hwnum="2" swnum="4" t="1"/>
		<time hwnum="3" swnum="4" t="8"/>
		<time hwnum="4" swnum="4" t="1"/>
		<time hwnum="5" swnum="4" t="7"/>
		<time hwnum="6" swnum="4" t="9"/>
		<time hwnum="7" swnum="4" t="4"/>
		<time hwnum="8" swnum="4" t="2"/>
		<time hwnum="9" swnum="4" t="6"/>
		<time hwnum="0" swnum="5" t="6"/>
		<time hwnum="1" swnum="5" t="8"/>
		<time hwnum="2" swnum="5" t="5"/>
		<time hwnum="3" swnum="5" t="6"/>
		<time hwnum="4" swnum="5" t="5"/>
		<time hwnum="5" swnum="5" t="7"/>
		<time hwnum="6" swnum="5" t="7"/>
		<time hwnum="7" swnum="5" t="10"/>
		<time hwnum="8" swnum="5" t="2"/>
		<time hwnum="9" swnum="5" t="7"/>
		<time hwnum="0" swnum="6" t="1"/>
		<time hwnum="1" swnum="6" t="5"/>
		<time hwnum="2" swnum="6" t="9"/>
		<time hwnum="3" swnum="6" t="7"/>
		<time hwnum="4" swnum="6" t="10"/>
		<time hwnum="5" swnum="6" t="6"/>
		<time hwnum="6" swnum="6" t="1"/>
		<time hwnum="7" swnum="6" t="7"/>
		<time hwnum="8" swnum="6" t="2"/>
		<time hwnum="9" swnum="6" t="1"/>
		<time hwnum="0" swnum="7" t="5"/>
		<time hwnum="1" swnum="7" t="3"/>
		<time hwnum="2" swnum="7" t="6"/>
		<time hwnum="3" swnum="7" t="2"/>
		<time hwnum="4" swnum="7" t="8"/>
		<time hwnum="5" swnum="7" t="9"/>
		<time hwnum="6" swnum="7" t="4"/>
		<time hwnum="7" swnum="7" t="9"/>
		<time hwnum="8" swnum="7" t="8"/>
		<time hwnum="9" swnum="7" t="4"/>
		<time hwnum="0" swnum="8" t="5"/>
		<time hwnum="1" swnum="8" t="10"/>
		<time hwnum="2" swnum="8" t="10"/>
		<time hwnum="3" swnum="8" t="3"/>
		<time hwnum="4" swnum="8" t="2"/>
		<time hwnum="5" swnum="8" t="1"/>
		<time hwnum="6" swnum="8" t="3"/>
		<time hwnum="7" swnum="8" t="9"/>
		<time hwnum="8" swnum="8" t="5"/>
		<time hwnum="9" swnum="8" t="7"/>
		<time hwnum="0" swnum="9" t="7"/>
		<time hwnum="1" swnum="9" t="9"/>
		<time hwnum="2" swnum="9" t="8"/>
		<time hwnum="3" swnum="9" t="7"/>
		<time hwnum="4" swnum="9" t="10"/>
		<time hwnum="5" swnum="9" t="6"/>
		<time hwnum="6" swnum="9" t="10"/>
		<time hwnum="7" swnum="9" t="10"/>
		<time hwnum="8" swnum="9" t="5"/>
		<time hwnum="9" swnum="9" t="5"/>
	</module>
	<module num="17" qall="0.99" qd="0.99" qrv="0.99" trecov="3" ttest="2" tvote="1">
		<tool name="none"/>
		<tool name="nvp01"/>
		<tool name="nvp11"/>
		<tool name="rb11"/>
		<sw cost="22" num="0" rel="0.986231481639"/>
		<sw cost="21" num="1" rel="0.930143260038"/>
		<sw cost="29" num="2" rel="0.871212042451"/>
		<sw cost="21" num="3" rel="0.910687238039"/>
		<sw cost="22" num="4" rel="0.9571970716"/>
		<sw cost="15" num="5" rel="0.976191921866"/>
		<sw cost="27" num="6" rel="0.98169218085"/>
		<sw cost="30" num="7" rel="0.888064236175"/>
		<sw cost="15" num="8" rel="0.928152225385"/>
		<sw cost="19" num="9" rel="0.906066973794"/>
		<hw cost="30" num="0" rel="0.986558658262"/>
		<hw cost="30" num="1" rel="0.896912558541"/>
		<hw cost="30" num="2" rel="0.860574971614"/>
		<hw cost="20" num="3" rel="0.903277226138"/>
		<hw cost="25" num="4" rel="0.979040619089"/>
		<hw cost="15" num="5" rel="0.930399670872"/>
		<hw cost="11" num="6" rel="0.974706988666"/>
		<hw cost="28" num="7" rel="0.876175774974"/>
		<hw cost="12" num="8" rel="0.878931957179"/>
		<hw cost="24" num="9" rel="0.992247070769"/>
		<time hwnum="0" swnum="0" t="4"/>
		<time hwnum="1" swnum="0" t="6"/>
		<time hwnum="2" swnum="0" t="10"/>
		<time hwnum="3" swnum="0" t="8"/>
		<time hwnum="4" swnum="0" t="6"/>
		<time hwnum="5" swnum="0" t="6"/>
		<time hwnum="6" swnum="0" t="7"/>
		<time hwnum="7" swnum="0" t="2"/>
		<time hwnum="8" swnum="0" t="3"/>
		<time hwnum="9" swnum="0" t="3"/>
		<time hwnum="0" swnum="1" t="2"/>
		<time hwnum="1" swnum="1" t="5"/>
		<time hwnum="2" swnum="1" t="6"/>
		<time hwnum="3" swnum="1" t="1"/>
		<time hwnum="4" swnum="1" t="6"/>
		<time hwnum="5" swnum="1" t="5"/>
		<time hwnum="6" swnum="1" t="7"/>
		<time hwnum="7" swnum="1" t="9"/>
		<time hwnum="8" swnum="1" t="8"/>
		<time hwnum="9" swnum="1" t="7"/>
		<time hwnum="0" swnum="2" t="10"/>
		<time hwnum="1" swnum="2" t="1"/>
		<time hwnum="2" swnum="2" t="1"/>
		<time hwnum="3" swnum="2" t="3"/>
		<time hwnum="4" swnum="2" t="3"/>
		<time hwnum="5" swnum="2" t="2"/>
		<time hwnum="6" swnum="2" t="5"/>
		<time hwnum="7" swnum="2" t="8"/>
		<time hwnum="8" swnum="2" t="4"/>
		<time hwnum="9" swnum="2" t="1"/>
		<time hwnum="0" swnum="3" t="2"/>
		<time hwnum="1" swnum="3" t="6"/>
		<time hwnum="2" swnum="3" t="2"/>
		<time hwnum="3" swnum="3" t="8"/>
		<time hwnum="4" swnum="3" t="10"/>
		<time hwnum="5" swnum="3" t="6"/>
		<time hwnum="6" swnum="3" t="2"/>
		<time hwnum="7" swnum="3" t="10"/>
		<time hwnum="8" swnum="3" t="8"/>
		<time hwnum="9" swnum="3" t="7"/>
		<time hwnum="0" swnum="4" t="4"/>
		<time hwnum="1" swnum="4" t="6"/>
		<time hwnum="2" swnum="4" t="8"/>
		<time hwnum="3" swnum="4" t="2"/>
		<time hwnum="4" swnum="4" t="6"/>
		<time hwnum="5" swnum="4" t="1"/>
		<time hwnum="6" swnum="4" t="5"/>
		<time hwnum="7" swnum="4" t="9"/>
		<time hwnum="8" swnum="4" t="2"/>
		<time hwnum="9" swnum="4" t="5"/>
		<time hwnum="0" swnum="5" t="8"/>
		<time hwnum="1" swnum="5" t="10"/>
		<time hwnum="2" swnum="5" t="1"/>
		<time hwnum="3" swnum="5" t="2"/>
		<time hwnum="4" swnum="5" t="7"/>
		<time hwnum="5" swnum="5" t="5"/>
		<time hwnum="6" swnum="5" t="5"/>
		<time hwnum="7" swnum="5" t="2"/>
		<time hwnum="8" swnum="5" t="2"/>
		<time hwnum="9" swnum="5" t="7"/>
		<time hwnum="0" swnum="6" t="7"/>
		<time hwnum="1" swnum="6" t="6"/>
		<time hwnum="2" swnum="6" t="6"/>
		<time hwnum="3" swnum="6" t="6"/>
		<time hwnum="4" swnum="6" t="8"/>
		<time hwnum="5" swnum="6" t="2"/>
		<time hwnum="6" swnum="6" t="5"/>
		<time hwnum="7" swnum="6" t="7"/>
		<time hwnum="8" swnum="6" t="3"/>
		<time hwnum="9" swnum="6" t="8"/>
		<time hwnum="0" swnum="7" t="10"/>
		<time hwnum="1" swnum="7" t="1"/>
		<time hwnum="2" swnum="7" t="1"/>
		<time hwnum="3" swnum="7" t="9"/>
		<time hwnum="4" swnum="7" t="6"/>
		<time hwnum="5" swnum="7" t="6"/>
		<time hwnum="6" swnum="7" t="9"/>
		<time hwnum="7" swnum="7" t="2"/>
		<time hwnum="8" swnum="7" t="5"/>
		<time hwnum="9" swnum="7" t="6"/>
		<time hwnum="0" swnum="8" t="2"/>
		<time hwnum="1" swnum="8" t="2"/>
		<time hwnum="2" swnum="8" t="5"/>
		<time hwnum="3" swnum="8" t="9"/>
		<time hwnum="4" swnum="8" t="4"/>
		<time hwnum="5" swnum="8" t="3"/>
		<time hwnum="6" swnum="8" t="8"/>
		<time hwnum="7" swnum="8" t="10"/>
		<time hwnum="8" swnum="8" t="7"/>
		<time hwnum="9" swnum="8" t="1"/>
		<time hwnum="0" swnum="9" t="10"/>
		<time hwnum="1" swnum="9" t="7"/>
		<time hwnum="2" swnum="9" t="3"/>
		<time hwnum="3" swnum="9" t="7"/>
		<time hwnum="4" swnum="9" t="5"/>
		<time hwnum="5" swnum="9" t="7"/>
		<time hwnum="6" swnum="9" t="2"/>
		<time hwnum="7" swnum="9" t="7"/>
		<time hwnum="8" swnum="9" t="2"/>
		<time hwnum="9" swnum="9" t="3"/>
	</module>
	<module num="18" qall="0.99" qd="0.99" qrv="0.99" trecov="3" ttest="2" tvote="1">
		<tool name="none"/>
		<tool name="nvp01"/>
		<tool name="nvp11"/>
		<tool name="rb11"/>
		<sw cost="25" num="0" rel="0.953783583694"/>
		<sw cost="20" num="1" rel="0.910336666171"/>
		<sw cost="15" num="2" rel="0.866490312617"/>
		<sw cost="29" num="3" rel="0.886956810622"/>
		<sw cost="16" num="4" rel="0.88652990401"/>
		<sw cost="14" num="5" rel="0.860657087855"/>
		<sw cost="27" num="6" rel="0.970326815886"/>
		<sw cost="17" num="7" rel="0.875084776477"/>
		<sw cost="10" num="8" rel="0.912053566492"/>
		<sw cost="20" num="9" rel="0.964893947583"/>
		<hw cost="29" num="0" rel="0.970145958082"/>
		<hw cost="10" num="1" rel="0.905016445668"/>
		<hw cost="12" num="2" rel="0.940687519202"/>
		<hw cost="30" num="3" rel="0.878334503448"/>
		<hw cost="14" num="4" rel="0.912263427678"/>
		<hw cost="25" num="5" rel="0.850512818985"/>
		<hw cost="29" num="6" rel="0.908637286311"/>
		<hw cost="22" num="7" rel="0.948191375195"/>
		<hw cost="16" num="8" rel="0.958106330167"/>
		<hw cost="17" num="9" rel="0.953528373762"/>
		<time hwnum="0" swnum="0" t="8"/>
		<time hwnum="1" swnum="0" t="4"/>
		<time hwnum="2" swnum="0" t="1"/>
		<time hwnum="3" swnum="0" t="9"/>
		<time hwnum="4" swnum="0" t="8"/>
		<time hwnum="5" swnum="0" t="6"/>
		<time hwnum="6" swnum="0" t="4"/>
		<time hwnum="7" swnum="0" t="3"/>
		<time hwnum="8" swnum="0" t="4"/>
		<time hwnum="9" swnum="0" t="10"/>
		<time hwnum="0" swnum="1" t="10"/>
		<time hwnum="1" swnum="1" t="5"/>
		<time hwnum="2" swnum="1" t="2"/>
		<time hwnum="3" swnum="1" t="4"/>
		<time hwnum="4" swnum="1" t="9"/>
		<time hwnum="5" swnum="1" t="5"/>
		<time hwnum="6" swnum="1" t="7"/>
		<time hwnum="7" swnum="1" t="4"/>
		<time hwnum="8" swnum="1" t="2"/>
		<time hwnum="9" swnum="1" t="9"/>
		<time hwnum="0" swnum="2" t="1"/>
		<time hwnum="1" swnum="2" t="10"/>
		<time hwnum="2" swnum="2" t="6"/>
		<time hwnum="3" swnum="2" t="9"/>
		<time hwnum="4" swnum="2" t="6"/>
		<time hwnum="5" swnum="2" t="3"/>
		<time hwnum="6" swnum="2" t="8"/>
		<time hwnum="7" swnum="2" t="6"/>
		<time hwnum="8" swnum="2" t="1"/>
		<time hwnum="9" swnum="2" t="6"/>
		<time hwnum="0" swnum="3" t="4"/>
		<time hwnum="1" swnum="3" t="9"/>
		<time hwnum="2" swnum="3" t="8"/>
		<time hwnum="3" swnum="3" t="4"/>
		<time hwnum="4" swnum="3" t="2"/>
		<time hwnum="5" swnum="3" t="1"/>
		<time hwnum="6" swnum="3" t="6"/>
		<time hwnum="7" swnum="3" t="7"/>
		<time hwnum="8" swnum="3" t="2"/>
		<time hwnum="9" swnum="3" t="5"/>
		<time hwnum="0" swnum="4" t="1"/>
		<time hwnum="1" swnum="4" t="6"/>
		<time hwnum="2" swnum="4" t="6"/>
		<time hwnum="3" swnum="4" t="1"/>
		<time hwnum="4" swnum="4" t="8"/>
		<time hwnum="5" swnum="4" t="5"/>
		<time hwnum="6" swnum="4" t="6"/>
		<time hwnum="7" swnum="4" t="4"/>
		<time hwnum="8" swnum="4" t="8"/>
		<time hwnum="9" swnum="4" t="2"/>
		<time hwnum="0" swnum="5" t="3"/>
		<time hwnum="1" swnum="5" t="2"/>
		<time hwnum="2" swnum="5" t="6"/>
		<time hwnum="3" swnum="5" t="7"/>
		<time hwnum="4" swnum="5" t="1"/>
		<time hwnum="5" swnum="5" t="4"/>
		<time hwnum="6" swnum="5" t="9"/>
		<time hwnum="7" swnum="5" t="9"/>
		<time hwnum="8" swnum="5" t="10"/>
		<time hwnum="9" swnum="5" t="4"/>
		<time hwnum="0" swnum="6" t="7"/>
		<time hwnum="1" swnum="6" t="10"/>
		<time hwnum="2" swnum="6" t="3"/>
		<time hwnum="3" swnum="6" t="3"/>
		<time hwnum="4" swnum="6" t="3"/>
		<time hwnum="5" swnum="6" t="9"/>
		<time hwnum="6" swnum="6" t="7"/>
		<time hwnum="7" swnum="6" t="9"/>
		<time hwnum="8" swnum="6" t="1"/>
		<time hwnum="9" swnum="6" t="6"/>
		<time hwnum="0" swnum="7" t="1"/>
		<time hwnum="1" swnum="7" t="8"/>
		<time hwnum="2" swnum="7" t="4"/>
		<time hwnum="3" swnum="7" t="2"/>
		<time hwnum="4" swnum="7" t="5"/>
		<time hwnum="5" swnum="7" t="9"/>
		<time hwnum="6" swnum="7" t="9"/>
		<time hwnum="7" swnum="7" t="10"/>
		<time hwnum="8" swnum="7" t="2"/>
		<time hwnum="9" swnum="7" t="4"/>
		<time hwnum="0" swnum="8" t="8"/>
		<time hwnum="1" swnum="8" t="4"/>
		<time hwnum="2" swnum="8" t="8"/>
		<time hwnum="3" swnum="8" t="7"/>
		<time hwnum="4" swnum="8" t="3"/>
		<time hwnum="5" swnum="8" t="3"/>
		<time hwnum="6" swnum="8" t="9"/>
		<time hwnum="7" swnum="8" t="3"/>
		<time hwnum="8" swnum="8" t="9"/>
		<time hwnum="9" swnum="8" t="2"/>
		<time hwnum="0" swnum="9" t="10"/>
		<time hwnum="1" swnum="9" t="7"/>
		<time hwnum="2" swnum="9" t="1"/>
		<time hwnum="3" swnum="9" t="9"/>
		<time hwnum="4" swnum="9" t="3"/>
		<time hwnum="5" swnum="9" t="8"/>
		<time hwnum="6" swnum="9" t="5"/>
		<time hwnum="7" swnum="9" t="2"/>
		<time hwnum="8" swnum="9" t="7"/>
		<time hwnum="9" swnum="9" t="6"/>
	</module>
	<module num="19" qall="0.99" qd="0.99" qrv="0.99" trecov="3" ttest="2" tvote="1">
		<tool name="none"/>
		<tool name="nvp01"/>
		<tool name="nvp11"/>
		<tool name="rb11"/>
		<sw cost="30" num="0" rel="0.994085006014"/>
		<sw cost="28" num="1" rel="0.92098274609"/>
		<sw cost="29" num="2" rel="0.908751728951"/>
		<sw cost="26" num="3" rel="0.90776526805"/>
		<sw cost="16" num="4" rel="0.96661732926"/>
		<sw cost="16" num="5" rel="0.938970519703"/>
		<sw cost="26" num="6" rel="0.918650001722"/>
		<sw cost="18" num="7" rel="0.992496897188"/>
		<sw cost="14" num="8" rel="0.856238427945"/>
		<sw cost="19" num="9" rel="0.899590697273"/>
		<hw cost="14" num="0" rel="0.939328323272"/>
		<hw cost="14" num="1" rel="0.944903758598"/>
		<hw cost="28" num="2" rel="0.889301802344"/>
		<hw cost="29" num="3" rel="0.991248529991"/>
		<hw cost="16" num="4" rel="0.908584632303"/>
		<hw cost="30" num="5" rel="0.93767691091"/>
		<hw cost="22" num="6" rel="0.909728871459"/>
		<hw cost="14" num="7" rel="0.90886749641"/>
		<hw cost="18" num="8" rel="0.988161615109"/>
		<hw cost="24" num="9" rel="0.980887411338"/>
		<time hwnum="0" swnum="0" t="7"/>
		<time hwnum="1" swnum="0" t="9"/>
		<time hwnum="2" swnum="0" t="2"/>
		<time hwnum="3" swnum="0" t="8"/>
		<time hwnum="4" swnum="0" t="2"/>
		<time hwnum="5" swnum="0" t="6"/>
		<time hwnum="6" swnum="0" t="9"/>
		<time hwnum="7" swnum="0" t="10"/>
		<time hwnum="8" swnum="0" t="10"/>
		<time hwnum="9" swnum="0" t="6"/>
		<time hwnum="0" swnum="1" t="4"/>
		<time hwnum="1" swnum="1" t="6"/>
		<time hwnum="2" swnum="1" t="10"/>
		<time hwnum="3" swnum="1" t="7"/>
		<time hwnum="4" swnum="1" t="8"/>
		<time hwnum="5" swnum="1" t="6"/>
		<time hwnum="6" swnum="1" t="2"/>
		<time hwnum="7" swnum="1" t="10"/>
		<time hwnum="8" swnum="1" t="8"/>
		<time hwnum="9" swnum="1" t="10"/>
		<time hwnum="0" swnum="2" t="1"/>
		<time hwnum="1" swnum="2" t="9"/>
		<time hwnum="2" swnum="2" t="6"/>
		<time hwnum="3" swnum="2" t="6"/>
		<time hwnum="4" swnum="2" t="5"/>
		<time hwnum="5" swnum="2" t="9"/>
		<time hwnum="6" swnum="2" t="7"/>
		<time hwnum="7" swnum="2" t="5"/>
		<time hwnum="8" swnum="2" t="5"/>
		<time hwnum="9" swnum="2" t="5"/>
		<time hwnum="0" swnum="3" t="6"/>
		<time hwnum="1" swnum="3" t="5"/>
		<time hwnum="2" swnum="3" t="10"/>
		<time hwnum="3" swnum="3" t="5"/>
		<time hwnum="4" swnum="3" t="1"/>
		<time hwnum="5" swnum="3" t="3"/>
		<time hwnum="6" swnum="3" t="6"/>
		<time hwnum="7" swnum="3" t="10"/>
		<time hwnum="8" swnum="3" t="3"/>
		<time hwnum="9" swnum="3" t="6"/>
		<time hwnum="0" swnum="4" t="8"/>
		<time hwnum="1" swnum="4" t="4"/>
		<time hwnum="2" swnum="4" t="1"/>
		<time hwnum="3" swnum="4" t="10"/>
		<time hwnum="4" swnum="4" t="10"/>
		<time hwnum="5" swnum="4" t="6"/>
		<time hwnum="6" swnum="4" t="5"/>
		<time hwnum="7" swnum="4" t="2"/>
		<time hwnum="8" swnum="4" t="6"/>
		<time hwnum="9" swnum="4" t="9"/>
		<time hwnum="0" swnum="5" t="5"/>
		<time hwnum="1" swnum="5" t="4"/>
		<time hwnum="2" swnum="5" t="9"/>
		<time hwnum="3" swnum="5" t="4"/>
		<time hwnum="4" swnum="5" t="6"/>
		<time hwnum="5" swnum="5" t="2"/>
		<time hwnum="6" swnum="5" t="7"/>
		<time hwnum="7" swnum="5" t="1"/>
		<time hwnum="8" swnum="5" t="1"/>
		<time hwnum="9" swnum="5" t="5"/>
		<time hwnum="0" swnum="6" t="2"/>
		<time hwnum="1" swnum="6" t="10"/>
		<time hwnum="2" swnum="6" t="3"/>
		<time hwnum="3" swnum="6" t="9"/>
		<time hwnum="4" swnum="6" t="10"/>
		<time hwnum="5" swnum="6" t="10"/>
		<time hwnum="6" swnum="6" t="10"/>
		<time hwnum="7" swnum="6" t="8"/>
		<time hwnum="8" swnum="6" t="5"/>
		<time hwnum="9" swnum="6" t="2"/>
		<time hwnum="0" swnum="7" t="10"/>
		<time hwnum="1" swnum="7" t="7"/>
		<time hwnum="2" swnum="7" t="8"/>
		<time hwnum="3" swnum="7" t="7"/>
		<time hwnum="4" swnum="7" t="1"/>
		<time hwnum="5" swnum="7" t="5"/>
		<time hwnum="6" swnum="7" t="5"/>
		<time hwnum="7" swnum="7" t="2"/>
		<time hwnum="8" swnum="7" t="5"/>
		<time hwnum="9" swnum="7" t="10"/>
		<time hwnum="0" swnum="8" t="1"/>
		<time hwnum="1" swnum="8" t="6"/>
		<time hwnum="2" swnum="8" t="3"/>
		<time hwnum="3" swnum="8" t="5"/>
		<time hwnum="4" swnum="8" t="3"/>
		<time hwnum="5" swnum="8" t="3"/>
		<time hwnum="6" swnum="8" t="5"/>
		<time hwnum="7" swnum="8" t="10"/>
		<time hwnum="8" swnum="8" t="7"/>
		<time hwnum="9" swnum="8" t="5"/>
		<time hwnum="0" swnum="9" t="1"/>
		<time hwnum="1" swnum="9" t="4"/>
		<time hwnum="2" swnum="9" t="2"/>
		<time hwnum="3" swnum="9" t="5"/>
		<time hwnum="4" swnum="9" t="2"/>
		<time hwnum="5" swnum="9" t="1"/>
		<time hwnum="6" swnum="9" t="7"/>
		<time hwnum="7" swnum="9" t="1"/>
		<time hwnum="8" swnum="9" t="8"/>
		<time hwnum="9" swnum="9" t="5"/>
	</module>
	<link dst="2" src="0" vol="7"/>
	<link dst="3" src="0" vol="5"/>
	<link dst="4" src="0" vol="1"/>
	<link dst="7" src="0" vol="1"/>
	<link dst="13" src="0" vol="8"/>
	<link dst="16" src="0" vol="2"/>
	<link dst="18" src="0" vol="2"/>
	<link dst="6" src="1" vol="3"/>
	<link dst="8" src="1" vol="10"/>
	<link dst="11" src="1" vol="3"/>
	<link dst="12" src="1" vol="8"/>
	<link dst="13" src="1" vol="9"/>
	<link dst="14" src="1" vol="4"/>
	<link dst="16" src="1" vol="1"/>
	<link dst="19" src="1" vol="1"/>
	<link dst="3" src="2" vol="5"/>
	<link dst="5" src="2" vol="10"/>
	<link dst="7" src="2" vol="3"/>
	<link dst="8" src="2" vol="2"/>
	<link dst="9" src="2" vol="7"/>
	<link dst="13" src="2" vol="3"/>
	<link dst="17" src="2" vol="1"/>
	<link dst="4" src="3" vol="2"/>
	<link dst="5" src="3" vol="6"/>
	<link dst="7" src="3" vol="6"/>
	<link dst="8" src="3" vol="9"/>
	<link dst="9" src="3" vol="4"/>
	<link dst="10" src="3" vol="10"/>
	<link dst="11" src="3" vol="1"/>
	<link dst="17" src="3" vol="6"/>
	<link dst="18" src="3" vol="10"/>
	<link dst="19" src="3" vol="7"/>
	<link dst="6" src="4" vol="1"/>
	<link dst="7" src="4" vol="5"/>
	<link dst="9" src="4" vol="3"/>
	<link dst="11" src="4" vol="4"/>
	<link dst="14" src="4" vol="10"/>
	<link dst="15" src="4" vol="9"/>
	<link dst="16" src="4" vol="7"/>
	<link dst="17" src="4" vol="5"/>
	<link dst="18" src="4" vol="4"/>
	<link dst="8" src="5" vol="7"/>
	<link dst="10" src="5" vol="1"/>
	<link dst="13" src="5" vol="3"/>
	<link dst="14" src="5" vol="3"/>
	<link dst="19" src="5" vol="3"/>
	<link dst="7" src="6" vol="4"/>
	<link dst="9" src="6" vol="7"/>
	<link dst="10" src="6" vol="4"/>
	<link dst="11" src="6" vol="2"/>
	<link dst="18" src="6" vol="5"/>
	<link dst="19" src="6" vol="8"/>
	<link dst="8" src="7" vol="4"/>
	<link dst="9" src="7" vol="10"/>
	<link dst="10" src="7" vol="4"/>
	<link dst="11" src="7" vol="4"/>
	<link dst="12" src="7" vol="10"/>
	<link dst="13" src="7" vol="1"/>
	<link dst="14" src="7" vol="9"/>
	<link dst="15" src="7" vol="8"/>
	<link dst="16" src="7" vol="2"/>
	<link dst="17" src="7" vol="3"/>
	<link dst="19" src="7" vol="4"/>
	<link dst="10" src="8" vol="4"/>
	<link dst="13" src="8" vol="1"/>
	<link dst="14" src="8" vol="8"/>
	<link dst="15" src="8" vol="6"/>
	<link dst="17" src="8" vol="1"/>
	<link dst="19" src="8" vol="6"/>
	<link dst="11" src="9" vol="8"/>
	<link dst="14" src="9" vol="1"/>
	<link dst="15" src="9" vol="10"/>
	<link dst="18" src="9" vol="1"/>
	<link dst="19" src="9" vol="9"/>
	<link dst="11" src="10" vol="5"/>
	<link dst="14" src="10" vol="4"/>
	<link dst="15" src="10" vol="3"/>
	<link dst="17" src="10" vol="10"/>
	<link dst="13" src="11" vol="6"/>
	<link dst="15" src="11" vol="6"/>
	<link dst="13" src="12" vol="4"/>
	<link dst="15" src="12" vol="3"/>
	<link dst="16" src="12" vol="1"/>
	<link dst="18" src="12" vol="5"/>
	<link dst="19" src="12" vol="6"/>
	<link dst="15" src="13" vol="1"/>
	<link dst="17" src="13" vol="9"/>
	<link dst="18" src="13" vol="9"/>
	<link dst="19" src="13" vol="2"/>
	<link dst="16" src="14" vol="7"/>
	<link dst="17" src="14" vol="6"/>
	<link dst="19" src="15" vol="6"/>
	<link dst="17" src="16" vol="2"/>
	<link dst="18" src="16" vol="5"/>
	<link dst="19" src="16" vol="1"/>
	<link dst="19" src="17" vol="9"/>
</system>
