<?xml version="1.0" ?>
<results>
	<task id="t0" processor="p0" time="156"/>
	<task id="t1_rcv" processor="p1_1" time="164"/>
	<task id="t1_1" processor="p1_1" time="238"/>
	<task id="t1_snd" processor="p1_1" time="351"/>
	<task id="t1_2" processor="p1_2" time="294"/>
	<task id="t1_3" processor="p1_3" time="238"/>
	<task id="t2" processor="p2" time="424"/>
	<task id="t3_rcv" processor="p3_1" time="450"/>
	<task id="t3_1" processor="p3_1" time="539"/>
	<task id="t3_snd" processor="p3_1" time="742"/>
	<task id="t3_2" processor="p3_2" time="577"/>
	<task id="t3_3" processor="p3_3" time="615"/>
	<task id="t4" processor="p4" time="499"/>
	<task id="t5_rcv" processor="p5_1" time="761"/>
	<task id="t5_1" processor="p5_1" time="823"/>
	<task id="t5_snd" processor="p5_1" time="933"/>
	<task id="t5_2" processor="p5_2" time="857"/>
	<task id="t6" processor="p6" time="539"/>
	<task id="t7" processor="p7" time="661"/>
	<task id="t8_rcv" processor="p8_1" time="704"/>
	<task id="t8_1" processor="p8_1" time="761"/>
	<task id="t8_snd" processor="p8_1" time="888"/>
	<task id="t8_2" processor="p8_2" time="792"/>
	<task id="t9_rcv" processor="p9_1" time="979"/>
	<task id="t9_1" processor="p9_1" time="1008"/>
	<task id="t9_snd" processor="p9_1" time="1092"/>
	<task id="t9_2" processor="p9_2" time="1033"/>
	<task id="t9_3" processor="p9_3" time="1058"/>
	<task id="t10_rcv" processor="p10_1" time="823"/>
	<task id="t10_1" processor="p10_1" time="888"/>
	<task id="t10_snd" processor="p10_1" time="990"/>
	<task id="t10_2" processor="p10_2" time="899"/>
	<task id="t11" processor="p11" time="1008"/>
	<task id="t12" processor="p12" time="1067"/>
	<task id="t13_rcv" processor="p13_1" time="1136"/>
	<task id="t13_1" processor="p13_1" time="1182"/>
	<task id="t13_snd" processor="p13_1" time="1196"/>
	<task id="t13_2" processor="p13_2" time="1189"/>
	<task id="t14_rcv" processor="p14_1" time="1182"/>
	<task id="t14_1" processor="p14_1" time="1242"/>
	<task id="t14_snd" processor="p14_1" time="1272"/>
	<task id="t14_2" processor="p14_2" time="1257"/>
	<task id="t15" processor="p15" time="1329"/>
	<task id="t16_rcv" processor="p16_1" time="1226"/>
	<task id="t16_1" processor="p16_1" time="1284"/>
	<task id="t16_snd" processor="p16_1" time="1286"/>
	<task id="t16_2" processor="p16_2" time="1285"/>
	<task id="t17" processor="p17" time="1294"/>
	<task id="t18" processor="p18" time="1354"/>
	<task id="t19_rcv" processor="p19_1" time="1432"/>
	<task id="t19_1" processor="p19_1" time="1446"/>
	<task id="t19_snd" processor="p19_1" time="1447"/>
	<task id="t19_2" processor="p19_2" time="1432"/>
	<task id="t19_3" processor="p19_3" time="1443"/>
</results>
