<?xml version="1.0" ?>
<schedule>
	<task id="t0" num="0" processor="p0" time="67"/>
	<task id="t1_rcv" num="0" processor="p1_1" time="0"/>
	<task id="t1_1" num="1" processor="p1_1" time="21"/>
	<task id="t1_2" num="0" processor="p1_2" time="30"/>
	<task id="t1_3" num="0" processor="p1_3" time="18"/>
	<task id="t1_snd" num="2" processor="p1_1" time="1"/>
	<task id="t2" num="0" processor="p2" time="25"/>
	<task id="t3_rcv" num="0" processor="p3_1" time="0"/>
	<task id="t3_1" num="1" processor="p3_1" time="16"/>
	<task id="t3_2" num="0" processor="p3_2" time="14"/>
	<task id="t3_3" num="0" processor="p3_3" time="20"/>
	<task id="t3_snd" num="2" processor="p3_1" time="1"/>
	<task id="t4" num="0" processor="p4" time="77"/>
	<task id="t5_rcv" num="0" processor="p5_1" time="0"/>
	<task id="t5_1" num="1" processor="p5_1" time="60"/>
	<task id="t5_2" num="0" processor="p5_2" time="60"/>
	<task id="t5_snd" num="2" processor="p5_1" time="0"/>
	<task id="t6" num="0" processor="p6" time="13"/>
	<task id="t7" num="0" processor="p7" time="58"/>
	<task id="t8_rcv" num="0" processor="p8_1" time="0"/>
	<task id="t8_1" num="1" processor="p8_1" time="38"/>
	<task id="t8_2" num="0" processor="p8_2" time="38"/>
	<task id="t8_snd" num="2" processor="p8_1" time="0"/>
	<task id="t9_rcv" num="0" processor="p9_1" time="0"/>
	<task id="t9_1" num="1" processor="p9_1" time="14"/>
	<task id="t9_2" num="0" processor="p9_2" time="24"/>
	<task id="t9_3" num="0" processor="p9_3" time="28"/>
	<task id="t9_snd" num="2" processor="p9_1" time="1"/>
	<task id="t10_rcv" num="0" processor="p10_1" time="0"/>
	<task id="t10_1" num="1" processor="p10_1" time="63"/>
	<task id="t10_2" num="0" processor="p10_2" time="63"/>
	<task id="t10_snd" num="2" processor="p10_1" time="0"/>
	<task id="t11" num="0" processor="p11" time="16"/>
	<task id="t12" num="0" processor="p12" time="56"/>
	<task id="t13_rcv" num="0" processor="p13_1" time="0"/>
	<task id="t13_1" num="1" processor="p13_1" time="45"/>
	<task id="t13_2" num="0" processor="p13_2" time="45"/>
	<task id="t13_snd" num="2" processor="p13_1" time="0"/>
	<task id="t14_rcv" num="0" processor="p14_1" time="0"/>
	<task id="t14_1" num="1" processor="p14_1" time="60"/>
	<task id="t14_2" num="0" processor="p14_2" time="60"/>
	<task id="t14_snd" num="2" processor="p14_1" time="0"/>
	<task id="t15" num="0" processor="p15" time="65"/>
	<task id="t16_rcv" num="0" processor="p16_1" time="0"/>
	<task id="t16_1" num="1" processor="p16_1" time="58"/>
	<task id="t16_2" num="0" processor="p16_2" time="58"/>
	<task id="t16_snd" num="2" processor="p16_1" time="0"/>
	<task id="t17" num="0" processor="p17" time="25"/>
	<task id="t18" num="0" processor="p18" time="23"/>
	<task id="t19_rcv" num="0" processor="p19_1" time="0"/>
	<task id="t19_1" num="1" processor="p19_1" time="14"/>
	<task id="t19_2" num="0" processor="p19_2" time="26"/>
	<task id="t19_3" num="0" processor="p19_3" time="11"/>
	<task id="t19_snd" num="2" processor="p19_1" time="1"/>
	<link dst="t1_2" src="t1_rcv" vol="4"/>
	<link dst="t1_3" src="t1_rcv" vol="4"/>
	<link dst="t1_snd" src="t1_2" vol="56"/>
	<link dst="t1_snd" src="t1_3" vol="56"/>
	<link dst="t3_2" src="t3_rcv" vol="13"/>
	<link dst="t3_3" src="t3_rcv" vol="13"/>
	<link dst="t3_snd" src="t3_2" vol="38"/>
	<link dst="t3_snd" src="t3_3" vol="38"/>
	<link dst="t5_2" src="t5_rcv" vol="19"/>
	<link dst="t5_snd" src="t5_2" vol="34"/>
	<link dst="t8_2" src="t8_rcv" vol="43"/>
	<link dst="t8_snd" src="t8_2" vol="31"/>
	<link dst="t9_2" src="t9_rcv" vol="23"/>
	<link dst="t9_3" src="t9_rcv" vol="23"/>
	<link dst="t9_snd" src="t9_2" vol="25"/>
	<link dst="t9_snd" src="t9_3" vol="25"/>
	<link dst="t10_2" src="t10_rcv" vol="31"/>
	<link dst="t10_snd" src="t10_2" vol="11"/>
	<link dst="t13_2" src="t13_rcv" vol="44"/>
	<link dst="t13_snd" src="t13_2" vol="7"/>
	<link dst="t14_2" src="t14_rcv" vol="46"/>
	<link dst="t14_snd" src="t14_2" vol="15"/>
	<link dst="t16_2" src="t16_rcv" vol="30"/>
	<link dst="t16_snd" src="t16_2" vol="1"/>
	<link dst="t19_2" src="t19_rcv" vol="39"/>
	<link dst="t19_3" src="t19_rcv" vol="39"/>
	<link dst="t19_snd" src="t19_2" vol="0"/>
	<link dst="t19_snd" src="t19_3" vol="0"/>
	<link dst="t1_rcv" src="t0" vol="4"/>
	<link dst="t2" src="t0" vol="8"/>
	<link dst="t4" src="t0" vol="6"/>
	<link dst="t6" src="t0" vol="7"/>
	<link dst="t8_rcv" src="t0" vol="10"/>
	<link dst="t9_rcv" src="t0" vol="10"/>
	<link dst="t10_rcv" src="t0" vol="1"/>
	<link dst="t11" src="t0" vol="9"/>
	<link dst="t13_rcv" src="t0" vol="8"/>
	<link dst="t14_rcv" src="t0" vol="8"/>
	<link dst="t15" src="t0" vol="5"/>
	<link dst="t18" src="t0" vol="6"/>
	<link dst="t19_rcv" src="t0" vol="7"/>
	<link dst="t2" src="t1_snd" vol="4"/>
	<link dst="t3_rcv" src="t1_snd" vol="8"/>
	<link dst="t6" src="t1_snd" vol="8"/>
	<link dst="t7" src="t1_snd" vol="6"/>
	<link dst="t8_rcv" src="t1_snd" vol="4"/>
	<link dst="t10_rcv" src="t1_snd" vol="8"/>
	<link dst="t11" src="t1_snd" vol="5"/>
	<link dst="t12" src="t1_snd" vol="7"/>
	<link dst="t16_rcv" src="t1_snd" vol="2"/>
	<link dst="t17" src="t1_snd" vol="4"/>
	<link dst="t3_rcv" src="t2" vol="5"/>
	<link dst="t4" src="t2" vol="6"/>
	<link dst="t5_rcv" src="t2" vol="9"/>
	<link dst="t6" src="t2" vol="2"/>
	<link dst="t7" src="t2" vol="1"/>
	<link dst="t8_rcv" src="t2" vol="10"/>
	<link dst="t10_rcv" src="t2" vol="6"/>
	<link dst="t11" src="t2" vol="9"/>
	<link dst="t12" src="t2" vol="6"/>
	<link dst="t15" src="t2" vol="10"/>
	<link dst="t18" src="t2" vol="9"/>
	<link dst="t5_rcv" src="t3_snd" vol="5"/>
	<link dst="t10_rcv" src="t3_snd" vol="3"/>
	<link dst="t11" src="t3_snd" vol="2"/>
	<link dst="t14_rcv" src="t3_snd" vol="7"/>
	<link dst="t17" src="t3_snd" vol="9"/>
	<link dst="t18" src="t3_snd" vol="9"/>
	<link dst="t19_rcv" src="t3_snd" vol="3"/>
	<link dst="t5_rcv" src="t4" vol="5"/>
	<link dst="t6" src="t4" vol="6"/>
	<link dst="t8_rcv" src="t4" vol="9"/>
	<link dst="t10_rcv" src="t4" vol="5"/>
	<link dst="t12" src="t4" vol="4"/>
	<link dst="t14_rcv" src="t4" vol="3"/>
	<link dst="t15" src="t4" vol="6"/>
	<link dst="t17" src="t4" vol="5"/>
	<link dst="t18" src="t4" vol="6"/>
	<link dst="t9_rcv" src="t5_snd" vol="4"/>
	<link dst="t11" src="t5_snd" vol="3"/>
	<link dst="t12" src="t5_snd" vol="1"/>
	<link dst="t13_rcv" src="t5_snd" vol="1"/>
	<link dst="t14_rcv" src="t5_snd" vol="9"/>
	<link dst="t16_rcv" src="t5_snd" vol="1"/>
	<link dst="t18" src="t5_snd" vol="9"/>
	<link dst="t19_rcv" src="t5_snd" vol="6"/>
	<link dst="t7" src="t6" vol="9"/>
	<link dst="t9_rcv" src="t6" vol="9"/>
	<link dst="t10_rcv" src="t6" vol="6"/>
	<link dst="t12" src="t6" vol="8"/>
	<link dst="t16_rcv" src="t6" vol="8"/>
	<link dst="t8_rcv" src="t7" vol="10"/>
	<link dst="t10_rcv" src="t7" vol="2"/>
	<link dst="t11" src="t7" vol="4"/>
	<link dst="t12" src="t7" vol="2"/>
	<link dst="t13_rcv" src="t7" vol="10"/>
	<link dst="t14_rcv" src="t7" vol="8"/>
	<link dst="t15" src="t7" vol="10"/>
	<link dst="t13_rcv" src="t8_snd" vol="10"/>
	<link dst="t15" src="t8_snd" vol="9"/>
	<link dst="t16_rcv" src="t8_snd" vol="3"/>
	<link dst="t19_rcv" src="t8_snd" vol="9"/>
	<link dst="t13_rcv" src="t9_snd" vol="8"/>
	<link dst="t14_rcv" src="t9_snd" vol="9"/>
	<link dst="t16_rcv" src="t9_snd" vol="1"/>
	<link dst="t17" src="t9_snd" vol="1"/>
	<link dst="t18" src="t9_snd" vol="6"/>
	<link dst="t13_rcv" src="t10_snd" vol="7"/>
	<link dst="t16_rcv" src="t10_snd" vol="4"/>
	<link dst="t12" src="t11" vol="2"/>
	<link dst="t14_rcv" src="t11" vol="1"/>
	<link dst="t15" src="t11" vol="4"/>
	<link dst="t16_rcv" src="t11" vol="4"/>
	<link dst="t19_rcv" src="t11" vol="7"/>
	<link dst="t14_rcv" src="t12" vol="1"/>
	<link dst="t18" src="t12" vol="8"/>
	<link dst="t16_rcv" src="t13_snd" vol="7"/>
	<link dst="t15" src="t14_snd" vol="3"/>
	<link dst="t17" src="t14_snd" vol="1"/>
	<link dst="t18" src="t14_snd" vol="7"/>
	<link dst="t19_rcv" src="t14_snd" vol="4"/>
	<link dst="t18" src="t15" vol="4"/>
	<link dst="t19_rcv" src="t16_snd" vol="1"/>
	<link dst="t18" src="t17" vol="8"/>
	<link dst="t19_rcv" src="t18" vol="2"/>
</schedule>
