<?xml version="1.0" ?>
<schedule>
	<task id="t0" num="0" processor="p0" time="1"/>
	<task id="t1" num="0" processor="p1" time="2"/>
	<task id="t2" num="0" processor="p2" time="6"/>
	<task id="t3" num="0" processor="p3" time="5"/>
	<task id="t4" num="0" processor="p4" time="2"/>
	<task id="t5" num="0" processor="p5" time="1"/>
	<link dst="t1" src="t0" vol="1"/>
	<link dst="t2" src="t0" vol="2"/>
	<link dst="t3" src="t1" vol="3"/>
	<link dst="t3" src="t2" vol="1"/>
	<link dst="t4" src="t3" vol="5"/>
	<link dst="t5" src="t4" vol="2"/>
</schedule>
