<?xml version="1.0" ?>
<schedule>
	<task id="t0" num="0" processor="p0" time="5"/>
	<task id="t1" num="0" processor="p1" time="2"/>
	<task id="t2" num="0" processor="p2" time="1"/>
	<task id="t3" num="0" processor="p3" time="3"/>
	<task id="t4" num="0" processor="p4" time="1"/>
	<task id="t5_rcv" num="0" processor="p5_1" time="0"/>
	<task id="t5_1" num="1" processor="p5_1" time="18"/>
	<task id="t5_2" num="0" processor="p5_2" time="22"/>
	<task id="t5_snd" num="2" processor="p5_1" time="0"/>
	<link dst="t5_2" src="t5_rcv" vol="2"/>
	<link dst="t5_snd" src="t5_2" vol="0"/>
	<link dst="t1" src="t0" vol="1"/>
	<link dst="t2" src="t0" vol="2"/>
	<link dst="t3" src="t1" vol="3"/>
	<link dst="t3" src="t2" vol="1"/>
	<link dst="t4" src="t3" vol="5"/>
	<link dst="t5_rcv" src="t4" vol="2"/>
</schedule>
