<?xml version="1.0" ?>
<system limitcost="1000">
	<module num="0" qall="0.997" qd="0.996" qrv="0.995" trecov="3" ttest="2" tvote="1">
		<tool name="none"/>
		<tool name="nvp01"/>
		<tool name="nvp11"/>
		<tool name="rb11"/>
		<sw cost="15" num="0" rel="0.972503810209"/>
		<sw cost="23" num="1" rel="0.978820279395"/>
		<sw cost="16" num="2" rel="0.964626025794"/>
		<sw cost="17" num="3" rel="0.862076444607"/>
		<sw cost="6" num="4" rel="0.978162357788"/>
		<hw cost="26" num="0" rel="0.91494219357"/>
		<hw cost="33" num="1" rel="0.902859757382"/>
		<hw cost="18" num="2" rel="0.9857264352"/>
		<hw cost="31" num="3" rel="0.978239302331"/>
		<hw cost="26" num="4" rel="0.985103290751"/>
		<time hwnum="0" swnum="0" t="6"/>
		<time hwnum="1" swnum="0" t="7"/>
		<time hwnum="2" swnum="0" t="6"/>
		<time hwnum="3" swnum="0" t="1"/>
		<time hwnum="4" swnum="0" t="10"/>
		<time hwnum="0" swnum="1" t="3"/>
		<time hwnum="1" swnum="1" t="9"/>
		<time hwnum="2" swnum="1" t="6"/>
		<time hwnum="3" swnum="1" t="8"/>
		<time hwnum="4" swnum="1" t="2"/>
		<time hwnum="0" swnum="2" t="3"/>
		<time hwnum="1" swnum="2" t="7"/>
		<time hwnum="2" swnum="2" t="3"/>
		<time hwnum="3" swnum="2" t="5"/>
		<time hwnum="4" swnum="2" t="4"/>
		<time hwnum="0" swnum="3" t="3"/>
		<time hwnum="1" swnum="3" t="5"/>
		<time hwnum="2" swnum="3" t="2"/>
		<time hwnum="3" swnum="3" t="3"/>
		<time hwnum="4" swnum="3" t="7"/>
		<time hwnum="0" swnum="4" t="6"/>
		<time hwnum="1" swnum="4" t="3"/>
		<time hwnum="2" swnum="4" t="10"/>
		<time hwnum="3" swnum="4" t="2"/>
		<time hwnum="4" swnum="4" t="5"/>
	</module>
	<module num="1" qall="0.997" qd="0.996" qrv="0.995" trecov="3" ttest="2" tvote="1">
		<tool name="none"/>
		<tool name="nvp01"/>
		<tool name="nvp11"/>
		<tool name="rb11"/>
		<sw cost="12" num="0" rel="0.944664670779"/>
		<sw cost="18" num="1" rel="0.948191679474"/>
		<sw cost="10" num="2" rel="0.887587798905"/>
		<sw cost="19" num="3" rel="0.90412037062"/>
		<sw cost="8" num="4" rel="0.907357429552"/>
		<hw cost="31" num="0" rel="0.982957998492"/>
		<hw cost="18" num="1" rel="0.973768554328"/>
		<hw cost="11" num="2" rel="0.851470008788"/>
		<hw cost="11" num="3" rel="0.952831961481"/>
		<hw cost="12" num="4" rel="0.949228477502"/>
		<time hwnum="0" swnum="0" t="4"/>
		<time hwnum="1" swnum="0" t="8"/>
		<time hwnum="2" swnum="0" t="2"/>
		<time hwnum="3" swnum="0" t="10"/>
		<time hwnum="4" swnum="0" t="10"/>
		<time hwnum="0" swnum="1" t="9"/>
		<time hwnum="1" swnum="1" t="3"/>
		<time hwnum="2" swnum="1" t="4"/>
		<time hwnum="3" swnum="1" t="9"/>
		<time hwnum="4" swnum="1" t="3"/>
		<time hwnum="0" swnum="2" t="7"/>
		<time hwnum="1" swnum="2" t="6"/>
		<time hwnum="2" swnum="2" t="4"/>
		<time hwnum="3" swnum="2" t="5"/>
		<time hwnum="4" swnum="2" t="8"/>
		<time hwnum="0" swnum="3" t="1"/>
		<time hwnum="1" swnum="3" t="10"/>
		<time hwnum="2" swnum="3" t="4"/>
		<time hwnum="3" swnum="3" t="9"/>
		<time hwnum="4" swnum="3" t="4"/>
		<time hwnum="0" swnum="4" t="10"/>
		<time hwnum="1" swnum="4" t="5"/>
		<time hwnum="2" swnum="4" t="4"/>
		<time hwnum="3" swnum="4" t="7"/>
		<time hwnum="4" swnum="4" t="9"/>
	</module>
	<module num="2" qall="0.997" qd="0.996" qrv="0.995" trecov="3" ttest="2" tvote="1">
		<tool name="none"/>
		<tool name="nvp01"/>
		<tool name="nvp11"/>
		<tool name="rb11"/>
		<sw cost="13" num="0" rel="0.903178819648"/>
		<sw cost="6" num="1" rel="0.894036196162"/>
		<sw cost="14" num="2" rel="0.86556723958"/>
		<sw cost="14" num="3" rel="0.926812773065"/>
		<sw cost="9" num="4" rel="0.985632655343"/>
		<hw cost="6" num="0" rel="0.865101371625"/>
		<hw cost="22" num="1" rel="0.922027727115"/>
		<hw cost="32" num="2" rel="0.882090516906"/>
		<hw cost="14" num="3" rel="0.968842262974"/>
		<hw cost="17" num="4" rel="0.931061073841"/>
		<time hwnum="0" swnum="0" t="5"/>
		<time hwnum="1" swnum="0" t="10"/>
		<time hwnum="2" swnum="0" t="5"/>
		<time hwnum="3" swnum="0" t="10"/>
		<time hwnum="4" swnum="0" t="1"/>
		<time hwnum="0" swnum="1" t="1"/>
		<time hwnum="1" swnum="1" t="10"/>
		<time hwnum="2" swnum="1" t="3"/>
		<time hwnum="3" swnum="1" t="3"/>
		<time hwnum="4" swnum="1" t="1"/>
		<time hwnum="0" swnum="2" t="4"/>
		<time hwnum="1" swnum="2" t="10"/>
		<time hwnum="2" swnum="2" t="5"/>
		<time hwnum="3" swnum="2" t="8"/>
		<time hwnum="4" swnum="2" t="2"/>
		<time hwnum="0" swnum="3" t="7"/>
		<time hwnum="1" swnum="3" t="9"/>
		<time hwnum="2" swnum="3" t="8"/>
		<time hwnum="3" swnum="3" t="8"/>
		<time hwnum="4" swnum="3" t="9"/>
		<time hwnum="0" swnum="4" t="10"/>
		<time hwnum="1" swnum="4" t="10"/>
		<time hwnum="2" swnum="4" t="3"/>
		<time hwnum="3" swnum="4" t="10"/>
		<time hwnum="4" swnum="4" t="10"/>
	</module>
	<module num="3" qall="0.997" qd="0.996" qrv="0.995" trecov="3" ttest="2" tvote="1">
		<tool name="none"/>
		<tool name="nvp01"/>
		<tool name="nvp11"/>
		<tool name="rb11"/>
		<sw cost="35" num="0" rel="0.960900286473"/>
		<sw cost="27" num="1" rel="0.986284062013"/>
		<sw cost="28" num="2" rel="0.939798678384"/>
		<sw cost="18" num="3" rel="0.90821744198"/>
		<sw cost="31" num="4" rel="0.946422568121"/>
		<hw cost="11" num="0" rel="0.894995696901"/>
		<hw cost="14" num="1" rel="0.962804424845"/>
		<hw cost="23" num="2" rel="0.945959180385"/>
		<hw cost="20" num="3" rel="0.910955861525"/>
		<hw cost="12" num="4" rel="0.863427844695"/>
		<time hwnum="0" swnum="0" t="10"/>
		<time hwnum="1" swnum="0" t="9"/>
		<time hwnum="2" swnum="0" t="7"/>
		<time hwnum="3" swnum="0" t="10"/>
		<time hwnum="4" swnum="0" t="10"/>
		<time hwnum="0" swnum="1" t="4"/>
		<time hwnum="1" swnum="1" t="5"/>
		<time hwnum="2" swnum="1" t="4"/>
		<time hwnum="3" swnum="1" t="9"/>
		<time hwnum="4" swnum="1" t="9"/>
		<time hwnum="0" swnum="2" t="4"/>
		<time hwnum="1" swnum="2" t="10"/>
		<time hwnum="2" swnum="2" t="4"/>
		<time hwnum="3" swnum="2" t="8"/>
		<time hwnum="4" swnum="2" t="4"/>
		<time hwnum="0" swnum="3" t="4"/>
		<time hwnum="1" swnum="3" t="1"/>
		<time hwnum="2" swnum="3" t="6"/>
		<time hwnum="3" swnum="3" t="10"/>
		<time hwnum="4" swnum="3" t="9"/>
		<time hwnum="0" swnum="4" t="9"/>
		<time hwnum="1" swnum="4" t="7"/>
		<time hwnum="2" swnum="4" t="8"/>
		<time hwnum="3" swnum="4" t="1"/>
		<time hwnum="4" swnum="4" t="7"/>
	</module>
	<module num="4" qall="0.997" qd="0.996" qrv="0.995" trecov="3" ttest="2" tvote="1">
		<tool name="none"/>
		<tool name="nvp01"/>
		<tool name="nvp11"/>
		<tool name="rb11"/>
		<sw cost="7" num="0" rel="0.907366180156"/>
		<sw cost="30" num="1" rel="0.894681846514"/>
		<sw cost="26" num="2" rel="0.921799832189"/>
		<sw cost="23" num="3" rel="0.99551206763"/>
		<sw cost="22" num="4" rel="0.908003337116"/>
		<hw cost="16" num="0" rel="0.850620002271"/>
		<hw cost="19" num="1" rel="0.989954248756"/>
		<hw cost="6" num="2" rel="0.92918186774"/>
		<hw cost="30" num="3" rel="0.910068530933"/>
		<hw cost="32" num="4" rel="0.897037772381"/>
		<time hwnum="0" swnum="0" t="7"/>
		<time hwnum="1" swnum="0" t="4"/>
		<time hwnum="2" swnum="0" t="5"/>
		<time hwnum="3" swnum="0" t="10"/>
		<time hwnum="4" swnum="0" t="4"/>
		<time hwnum="0" swnum="1" t="5"/>
		<time hwnum="1" swnum="1" t="1"/>
		<time hwnum="2" swnum="1" t="7"/>
		<time hwnum="3" swnum="1" t="8"/>
		<time hwnum="4" swnum="1" t="5"/>
		<time hwnum="0" swnum="2" t="4"/>
		<time hwnum="1" swnum="2" t="7"/>
		<time hwnum="2" swnum="2" t="2"/>
		<time hwnum="3" swnum="2" t="8"/>
		<time hwnum="4" swnum="2" t="4"/>
		<time hwnum="0" swnum="3" t="8"/>
		<time hwnum="1" swnum="3" t="9"/>
		<time hwnum="2" swnum="3" t="1"/>
		<time hwnum="3" swnum="3" t="3"/>
		<time hwnum="4" swnum="3" t="8"/>
		<time hwnum="0" swnum="4" t="5"/>
		<time hwnum="1" swnum="4" t="3"/>
		<time hwnum="2" swnum="4" t="3"/>
		<time hwnum="3" swnum="4" t="2"/>
		<time hwnum="4" swnum="4" t="7"/>
	</module>
	<module num="5" qall="0.997" qd="0.996" qrv="0.995" trecov="3" ttest="2" tvote="1">
		<tool name="none"/>
		<tool name="nvp01"/>
		<tool name="nvp11"/>
		<tool name="rb11"/>
		<sw cost="24" num="0" rel="0.966087389011"/>
		<sw cost="33" num="1" rel="0.968737717968"/>
		<sw cost="12" num="2" rel="0.922633890045"/>
		<sw cost="28" num="3" rel="0.927000502671"/>
		<sw cost="10" num="4" rel="0.888937131147"/>
		<hw cost="24" num="0" rel="0.996117547103"/>
		<hw cost="33" num="1" rel="0.916297083335"/>
		<hw cost="11" num="2" rel="0.928357804891"/>
		<hw cost="30" num="3" rel="0.939409305665"/>
		<hw cost="22" num="4" rel="0.918309887259"/>
		<time hwnum="0" swnum="0" t="4"/>
		<time hwnum="1" swnum="0" t="10"/>
		<time hwnum="2" swnum="0" t="5"/>
		<time hwnum="3" swnum="0" t="5"/>
		<time hwnum="4" swnum="0" t="3"/>
		<time hwnum="0" swnum="1" t="10"/>
		<time hwnum="1" swnum="1" t="10"/>
		<time hwnum="2" swnum="1" t="6"/>
		<time hwnum="3" swnum="1" t="8"/>
		<time hwnum="4" swnum="1" t="5"/>
		<time hwnum="0" swnum="2" t="4"/>
		<time hwnum="1" swnum="2" t="8"/>
		<time hwnum="2" swnum="2" t="4"/>
		<time hwnum="3" swnum="2" t="1"/>
		<time hwnum="4" swnum="2" t="8"/>
		<time hwnum="0" swnum="3" t="5"/>
		<time hwnum="1" swnum="3" t="10"/>
		<time hwnum="2" swnum="3" t="4"/>
		<time hwnum="3" swnum="3" t="8"/>
		<time hwnum="4" swnum="3" t="7"/>
		<time hwnum="0" swnum="4" t="5"/>
		<time hwnum="1" swnum="4" t="8"/>
		<time hwnum="2" swnum="4" t="8"/>
		<time hwnum="3" swnum="4" t="10"/>
		<time hwnum="4" swnum="4" t="3"/>
	</module>
	<module num="6" qall="0.997" qd="0.996" qrv="0.995" trecov="3" ttest="2" tvote="1">
		<tool name="none"/>
		<tool name="nvp01"/>
		<tool name="nvp11"/>
		<tool name="rb11"/>
		<sw cost="32" num="0" rel="0.86011187233"/>
		<sw cost="19" num="1" rel="0.913580992353"/>
		<sw cost="21" num="2" rel="0.970171878482"/>
		<sw cost="26" num="3" rel="0.932726351569"/>
		<sw cost="5" num="4" rel="0.996178510612"/>
		<hw cost="9" num="0" rel="0.897730841351"/>
		<hw cost="23" num="1" rel="0.936096171339"/>
		<hw cost="9" num="2" rel="0.863201830287"/>
		<hw cost="25" num="3" rel="0.876767796088"/>
		<hw cost="25" num="4" rel="0.911113103966"/>
		<time hwnum="0" swnum="0" t="9"/>
		<time hwnum="1" swnum="0" t="8"/>
		<time hwnum="2" swnum="0" t="1"/>
		<time hwnum="3" swnum="0" t="2"/>
		<time hwnum="4" swnum="0" t="3"/>
		<time hwnum="0" swnum="1" t="4"/>
		<time hwnum="1" swnum="1" t="10"/>
		<time hwnum="2" swnum="1" t="5"/>
		<time hwnum="3" swnum="1" t="3"/>
		<time hwnum="4" swnum="1" t="10"/>
		<time hwnum="0" swnum="2" t="5"/>
		<time hwnum="1" swnum="2" t="5"/>
		<time hwnum="2" swnum="2" t="5"/>
		<time hwnum="3" swnum="2" t="5"/>
		<time hwnum="4" swnum="2" t="5"/>
		<time hwnum="0" swnum="3" t="9"/>
		<time hwnum="1" swnum="3" t="6"/>
		<time hwnum="2" swnum="3" t="5"/>
		<time hwnum="3" swnum="3" t="9"/>
		<time hwnum="4" swnum="3" t="4"/>
		<time hwnum="0" swnum="4" t="8"/>
		<time hwnum="1" swnum="4" t="3"/>
		<time hwnum="2" swnum="4" t="9"/>
		<time hwnum="3" swnum="4" t="7"/>
		<time hwnum="4" swnum="4" t="2"/>
	</module>
	<module num="7" qall="0.997" qd="0.996" qrv="0.995" trecov="3" ttest="2" tvote="1">
		<tool name="none"/>
		<tool name="nvp01"/>
		<tool name="nvp11"/>
		<tool name="rb11"/>
		<sw cost="24" num="0" rel="0.94209007259"/>
		<sw cost="23" num="1" rel="0.927524683864"/>
		<sw cost="13" num="2" rel="0.855040435564"/>
		<sw cost="17" num="3" rel="0.877799057737"/>
		<sw cost="6" num="4" rel="0.966282904727"/>
		<hw cost="15" num="0" rel="0.906457522133"/>
		<hw cost="10" num="1" rel="0.923491528272"/>
		<hw cost="27" num="2" rel="0.86599095154"/>
		<hw cost="17" num="3" rel="0.922933898843"/>
		<hw cost="23" num="4" rel="0.87193238504"/>
		<time hwnum="0" swnum="0" t="10"/>
		<time hwnum="1" swnum="0" t="5"/>
		<time hwnum="2" swnum="0" t="3"/>
		<time hwnum="3" swnum="0" t="1"/>
		<time hwnum="4" swnum="0" t="2"/>
		<time hwnum="0" swnum="1" t="5"/>
		<time hwnum="1" swnum="1" t="7"/>
		<time hwnum="2" swnum="1" t="6"/>
		<time hwnum="3" swnum="1" t="4"/>
		<time hwnum="4" swnum="1" t="10"/>
		<time hwnum="0" swnum="2" t="7"/>
		<time hwnum="1" swnum="2" t="7"/>
		<time hwnum="2" swnum="2" t="3"/>
		<time hwnum="3" swnum="2" t="2"/>
		<time hwnum="4" swnum="2" t="2"/>
		<time hwnum="0" swnum="3" t="3"/>
		<time hwnum="1" swnum="3" t="9"/>
		<time hwnum="2" swnum="3" t="7"/>
		<time hwnum="3" swnum="3" t="5"/>
		<time hwnum="4" swnum="3" t="5"/>
		<time hwnum="0" swnum="4" t="4"/>
		<time hwnum="1" swnum="4" t="7"/>
		<time hwnum="2" swnum="4" t="6"/>
		<time hwnum="3" swnum="4" t="4"/>
		<time hwnum="4" swnum="4" t="6"/>
	</module>
	<link dst="3" src="0" vol="5"/>
	<link dst="4" src="0" vol="3"/>
	<link dst="5" src="0" vol="1"/>
	<link dst="6" src="0" vol="10"/>
	<link dst="3" src="1" vol="2"/>
	<link dst="6" src="1" vol="2"/>
	<link dst="3" src="2" vol="9"/>
	<link dst="5" src="3" vol="7"/>
	<link dst="5" src="4" vol="6"/>
	<link dst="6" src="4" vol="9"/>
	<link dst="7" src="4" vol="9"/>
	<link dst="7" src="5" vol="8"/>
	<link dst="7" src="6" vol="9"/>
</system>
