<?xml version="1.0" ?>
<system limitcost="965">
	<module limittime="286" num="0" qall="0.99" qd="0.99" qrv="0.99" trecov="3" ttest="2" tvote="1">
		<tool name="none"/>
		<tool name="nvp01"/>
		<tool name="nvp11"/>
		<tool name="rb11"/>
		<sw cost="17" num="0" rel="0.869484298488"/>
		<sw cost="15" num="1" rel="0.90413729545"/>
		<sw cost="22" num="2" rel="0.855357957913"/>
		<sw cost="19" num="3" rel="0.982181490763"/>
		<sw cost="19" num="4" rel="0.956589346239"/>
		<hw cost="23" num="0" rel="0.943217646413"/>
		<hw cost="16" num="1" rel="0.945137683407"/>
		<hw cost="24" num="2" rel="0.880807378936"/>
		<hw cost="29" num="3" rel="0.89713355331"/>
		<hw cost="18" num="4" rel="0.945194070926"/>
		<time hwnum="0" swnum="0" t="12"/>
		<time hwnum="1" swnum="0" t="14"/>
		<time hwnum="2" swnum="0" t="30"/>
		<time hwnum="3" swnum="0" t="3"/>
		<time hwnum="4" swnum="0" t="27"/>
		<time hwnum="0" swnum="1" t="17"/>
		<time hwnum="1" swnum="1" t="23"/>
		<time hwnum="2" swnum="1" t="26"/>
		<time hwnum="3" swnum="1" t="16"/>
		<time hwnum="4" swnum="1" t="27"/>
		<time hwnum="0" swnum="2" t="7"/>
		<time hwnum="1" swnum="2" t="26"/>
		<time hwnum="2" swnum="2" t="30"/>
		<time hwnum="3" swnum="2" t="20"/>
		<time hwnum="4" swnum="2" t="9"/>
		<time hwnum="0" swnum="3" t="23"/>
		<time hwnum="1" swnum="3" t="5"/>
		<time hwnum="2" swnum="3" t="3"/>
		<time hwnum="3" swnum="3" t="14"/>
		<time hwnum="4" swnum="3" t="6"/>
		<time hwnum="0" swnum="4" t="21"/>
		<time hwnum="1" swnum="4" t="26"/>
		<time hwnum="2" swnum="4" t="6"/>
		<time hwnum="3" swnum="4" t="1"/>
		<time hwnum="4" swnum="4" t="7"/>
	</module>
	<module limittime="440" num="1" qall="0.99" qd="0.99" qrv="0.99" trecov="3" ttest="2" tvote="1">
		<tool name="none"/>
		<tool name="nvp01"/>
		<tool name="nvp11"/>
		<tool name="rb11"/>
		<sw cost="14" num="0" rel="0.933913311692"/>
		<sw cost="19" num="1" rel="0.885131521291"/>
		<sw cost="31" num="2" rel="0.972608296597"/>
		<sw cost="7" num="3" rel="0.874496981769"/>
		<sw cost="9" num="4" rel="0.960801495519"/>
		<hw cost="16" num="0" rel="0.900367712875"/>
		<hw cost="12" num="1" rel="0.943204832406"/>
		<hw cost="26" num="2" rel="0.927633811488"/>
		<hw cost="22" num="3" rel="0.947963222687"/>
		<hw cost="29" num="4" rel="0.986630029339"/>
		<time hwnum="0" swnum="0" t="26"/>
		<time hwnum="1" swnum="0" t="17"/>
		<time hwnum="2" swnum="0" t="8"/>
		<time hwnum="3" swnum="0" t="29"/>
		<time hwnum="4" swnum="0" t="22"/>
		<time hwnum="0" swnum="1" t="27"/>
		<time hwnum="1" swnum="1" t="24"/>
		<time hwnum="2" swnum="1" t="12"/>
		<time hwnum="3" swnum="1" t="1"/>
		<time hwnum="4" swnum="1" t="25"/>
		<time hwnum="0" swnum="2" t="24"/>
		<time hwnum="1" swnum="2" t="7"/>
		<time hwnum="2" swnum="2" t="21"/>
		<time hwnum="3" swnum="2" t="25"/>
		<time hwnum="4" swnum="2" t="22"/>
		<time hwnum="0" swnum="3" t="20"/>
		<time hwnum="1" swnum="3" t="24"/>
		<time hwnum="2" swnum="3" t="3"/>
		<time hwnum="3" swnum="3" t="1"/>
		<time hwnum="4" swnum="3" t="10"/>
		<time hwnum="0" swnum="4" t="12"/>
		<time hwnum="1" swnum="4" t="3"/>
		<time hwnum="2" swnum="4" t="23"/>
		<time hwnum="3" swnum="4" t="18"/>
		<time hwnum="4" swnum="4" t="23"/>
	</module>
	<module limittime="550" num="2" qall="0.99" qd="0.99" qrv="0.99" trecov="3" ttest="2" tvote="1">
		<tool name="none"/>
		<tool name="nvp01"/>
		<tool name="nvp11"/>
		<tool name="rb11"/>
		<sw cost="26" num="0" rel="0.860459060558"/>
		<sw cost="6" num="1" rel="0.86786800521"/>
		<sw cost="29" num="2" rel="0.87033753681"/>
		<sw cost="24" num="3" rel="0.959866276294"/>
		<sw cost="25" num="4" rel="0.949722672639"/>
		<hw cost="33" num="0" rel="0.934063668663"/>
		<hw cost="28" num="1" rel="0.967718320862"/>
		<hw cost="32" num="2" rel="0.939837346943"/>
		<hw cost="7" num="3" rel="0.956792037218"/>
		<hw cost="28" num="4" rel="0.969669855724"/>
		<time hwnum="0" swnum="0" t="19"/>
		<time hwnum="1" swnum="0" t="14"/>
		<time hwnum="2" swnum="0" t="20"/>
		<time hwnum="3" swnum="0" t="16"/>
		<time hwnum="4" swnum="0" t="14"/>
		<time hwnum="0" swnum="1" t="26"/>
		<time hwnum="1" swnum="1" t="22"/>
		<time hwnum="2" swnum="1" t="28"/>
		<time hwnum="3" swnum="1" t="25"/>
		<time hwnum="4" swnum="1" t="27"/>
		<time hwnum="0" swnum="2" t="20"/>
		<time hwnum="1" swnum="2" t="9"/>
		<time hwnum="2" swnum="2" t="22"/>
		<time hwnum="3" swnum="2" t="26"/>
		<time hwnum="4" swnum="2" t="2"/>
		<time hwnum="0" swnum="3" t="23"/>
		<time hwnum="1" swnum="3" t="27"/>
		<time hwnum="2" swnum="3" t="17"/>
		<time hwnum="3" swnum="3" t="28"/>
		<time hwnum="4" swnum="3" t="8"/>
		<time hwnum="0" swnum="4" t="2"/>
		<time hwnum="1" swnum="4" t="14"/>
		<time hwnum="2" swnum="4" t="23"/>
		<time hwnum="3" swnum="4" t="17"/>
		<time hwnum="4" swnum="4" t="20"/>
	</module>
	<module limittime="399" num="3" qall="0.99" qd="0.99" qrv="0.99" trecov="3" ttest="2" tvote="1">
		<tool name="none"/>
		<tool name="nvp01"/>
		<tool name="nvp11"/>
		<tool name="rb11"/>
		<sw cost="25" num="0" rel="0.867752560082"/>
		<sw cost="35" num="1" rel="0.853718185612"/>
		<sw cost="11" num="2" rel="0.984286176051"/>
		<sw cost="28" num="3" rel="0.953328525281"/>
		<sw cost="34" num="4" rel="0.977153000082"/>
		<hw cost="14" num="0" rel="0.987817535856"/>
		<hw cost="27" num="1" rel="0.899684500001"/>
		<hw cost="12" num="2" rel="0.871611311089"/>
		<hw cost="26" num="3" rel="0.965559016591"/>
		<hw cost="9" num="4" rel="0.94090291621"/>
		<time hwnum="0" swnum="0" t="11"/>
		<time hwnum="1" swnum="0" t="22"/>
		<time hwnum="2" swnum="0" t="2"/>
		<time hwnum="3" swnum="0" t="9"/>
		<time hwnum="4" swnum="0" t="22"/>
		<time hwnum="0" swnum="1" t="15"/>
		<time hwnum="1" swnum="1" t="20"/>
		<time hwnum="2" swnum="1" t="20"/>
		<time hwnum="3" swnum="1" t="24"/>
		<time hwnum="4" swnum="1" t="28"/>
		<time hwnum="0" swnum="2" t="25"/>
		<time hwnum="1" swnum="2" t="1"/>
		<time hwnum="2" swnum="2" t="17"/>
		<time hwnum="3" swnum="2" t="26"/>
		<time hwnum="4" swnum="2" t="18"/>
		<time hwnum="0" swnum="3" t="28"/>
		<time hwnum="1" swnum="3" t="27"/>
		<time hwnum="2" swnum="3" t="28"/>
		<time hwnum="3" swnum="3" t="7"/>
		<time hwnum="4" swnum="3" t="20"/>
		<time hwnum="0" swnum="4" t="13"/>
		<time hwnum="1" swnum="4" t="23"/>
		<time hwnum="2" swnum="4" t="22"/>
		<time hwnum="3" swnum="4" t="18"/>
		<time hwnum="4" swnum="4" t="25"/>
	</module>
	<module limittime="653" num="4" qall="0.99" qd="0.99" qrv="0.99" trecov="3" ttest="2" tvote="1">
		<tool name="none"/>
		<tool name="nvp01"/>
		<tool name="nvp11"/>
		<tool name="rb11"/>
		<sw cost="33" num="0" rel="0.976512519294"/>
		<sw cost="24" num="1" rel="0.893816507274"/>
		<sw cost="34" num="2" rel="0.930868581985"/>
		<sw cost="16" num="3" rel="0.975436610427"/>
		<sw cost="18" num="4" rel="0.905906794"/>
		<hw cost="11" num="0" rel="0.966581704984"/>
		<hw cost="32" num="1" rel="0.98353561573"/>
		<hw cost="23" num="2" rel="0.976053980085"/>
		<hw cost="16" num="3" rel="0.913899906979"/>
		<hw cost="32" num="4" rel="0.861912474906"/>
		<time hwnum="0" swnum="0" t="24"/>
		<time hwnum="1" swnum="0" t="29"/>
		<time hwnum="2" swnum="0" t="5"/>
		<time hwnum="3" swnum="0" t="2"/>
		<time hwnum="4" swnum="0" t="26"/>
		<time hwnum="0" swnum="1" t="26"/>
		<time hwnum="1" swnum="1" t="27"/>
		<time hwnum="2" swnum="1" t="4"/>
		<time hwnum="3" swnum="1" t="21"/>
		<time hwnum="4" swnum="1" t="20"/>
		<time hwnum="0" swnum="2" t="10"/>
		<time hwnum="1" swnum="2" t="20"/>
		<time hwnum="2" swnum="2" t="30"/>
		<time hwnum="3" swnum="2" t="9"/>
		<time hwnum="4" swnum="2" t="8"/>
		<time hwnum="0" swnum="3" t="29"/>
		<time hwnum="1" swnum="3" t="17"/>
		<time hwnum="2" swnum="3" t="4"/>
		<time hwnum="3" swnum="3" t="10"/>
		<time hwnum="4" swnum="3" t="7"/>
		<time hwnum="0" swnum="4" t="17"/>
		<time hwnum="1" swnum="4" t="28"/>
		<time hwnum="2" swnum="4" t="7"/>
		<time hwnum="3" swnum="4" t="23"/>
		<time hwnum="4" swnum="4" t="11"/>
	</module>
	<module limittime="746" num="5" qall="0.99" qd="0.99" qrv="0.99" trecov="3" ttest="2" tvote="1">
		<tool name="none"/>
		<tool name="nvp01"/>
		<tool name="nvp11"/>
		<tool name="rb11"/>
		<sw cost="10" num="0" rel="0.911650199827"/>
		<sw cost="25" num="1" rel="0.9021112502"/>
		<sw cost="27" num="2" rel="0.875784087664"/>
		<sw cost="23" num="3" rel="0.855602689788"/>
		<sw cost="22" num="4" rel="0.923484298813"/>
		<hw cost="29" num="0" rel="0.967376540871"/>
		<hw cost="26" num="1" rel="0.894132705754"/>
		<hw cost="8" num="2" rel="0.866689462366"/>
		<hw cost="35" num="3" rel="0.903963408754"/>
		<hw cost="32" num="4" rel="0.978375200379"/>
		<time hwnum="0" swnum="0" t="25"/>
		<time hwnum="1" swnum="0" t="3"/>
		<time hwnum="2" swnum="0" t="23"/>
		<time hwnum="3" swnum="0" t="2"/>
		<time hwnum="4" swnum="0" t="23"/>
		<time hwnum="0" swnum="1" t="25"/>
		<time hwnum="1" swnum="1" t="11"/>
		<time hwnum="2" swnum="1" t="4"/>
		<time hwnum="3" swnum="1" t="2"/>
		<time hwnum="4" swnum="1" t="6"/>
		<time hwnum="0" swnum="2" t="14"/>
		<time hwnum="1" swnum="2" t="28"/>
		<time hwnum="2" swnum="2" t="17"/>
		<time hwnum="3" swnum="2" t="11"/>
		<time hwnum="4" swnum="2" t="3"/>
		<time hwnum="0" swnum="3" t="7"/>
		<time hwnum="1" swnum="3" t="23"/>
		<time hwnum="2" swnum="3" t="8"/>
		<time hwnum="3" swnum="3" t="8"/>
		<time hwnum="4" swnum="3" t="18"/>
		<time hwnum="0" swnum="4" t="26"/>
		<time hwnum="1" swnum="4" t="7"/>
		<time hwnum="2" swnum="4" t="24"/>
		<time hwnum="3" swnum="4" t="13"/>
		<time hwnum="4" swnum="4" t="10"/>
	</module>
	<module limittime="618" num="6" qall="0.99" qd="0.99" qrv="0.99" trecov="3" ttest="2" tvote="1">
		<tool name="none"/>
		<tool name="nvp01"/>
		<tool name="nvp11"/>
		<tool name="rb11"/>
		<sw cost="11" num="0" rel="0.963838774895"/>
		<sw cost="9" num="1" rel="0.869648794129"/>
		<sw cost="16" num="2" rel="0.897149543312"/>
		<sw cost="18" num="3" rel="0.891727161511"/>
		<sw cost="25" num="4" rel="0.929518829728"/>
		<hw cost="10" num="0" rel="0.975032962731"/>
		<hw cost="14" num="1" rel="0.91809061864"/>
		<hw cost="21" num="2" rel="0.988713759054"/>
		<hw cost="27" num="3" rel="0.985758785911"/>
		<hw cost="27" num="4" rel="0.969663874055"/>
		<time hwnum="0" swnum="0" t="10"/>
		<time hwnum="1" swnum="0" t="14"/>
		<time hwnum="2" swnum="0" t="26"/>
		<time hwnum="3" swnum="0" t="10"/>
		<time hwnum="4" swnum="0" t="30"/>
		<time hwnum="0" swnum="1" t="22"/>
		<time hwnum="1" swnum="1" t="24"/>
		<time hwnum="2" swnum="1" t="2"/>
		<time hwnum="3" swnum="1" t="16"/>
		<time hwnum="4" swnum="1" t="23"/>
		<time hwnum="0" swnum="2" t="30"/>
		<time hwnum="1" swnum="2" t="28"/>
		<time hwnum="2" swnum="2" t="24"/>
		<time hwnum="3" swnum="2" t="7"/>
		<time hwnum="4" swnum="2" t="1"/>
		<time hwnum="0" swnum="3" t="10"/>
		<time hwnum="1" swnum="3" t="1"/>
		<time hwnum="2" swnum="3" t="20"/>
		<time hwnum="3" swnum="3" t="27"/>
		<time hwnum="4" swnum="3" t="26"/>
		<time hwnum="0" swnum="4" t="10"/>
		<time hwnum="1" swnum="4" t="3"/>
		<time hwnum="2" swnum="4" t="13"/>
		<time hwnum="3" swnum="4" t="27"/>
		<time hwnum="4" swnum="4" t="10"/>
	</module>
	<module limittime="797" num="7" qall="0.99" qd="0.99" qrv="0.99" trecov="3" ttest="2" tvote="1">
		<tool name="none"/>
		<tool name="nvp01"/>
		<tool name="nvp11"/>
		<tool name="rb11"/>
		<sw cost="26" num="0" rel="0.902173014274"/>
		<sw cost="15" num="1" rel="0.924288863137"/>
		<sw cost="33" num="2" rel="0.911700963211"/>
		<sw cost="17" num="3" rel="0.984363048152"/>
		<sw cost="32" num="4" rel="0.970137753083"/>
		<hw cost="14" num="0" rel="0.960202544861"/>
		<hw cost="15" num="1" rel="0.892162183299"/>
		<hw cost="9" num="2" rel="0.918438741887"/>
		<hw cost="16" num="3" rel="0.913225895409"/>
		<hw cost="30" num="4" rel="0.97058869242"/>
		<time hwnum="0" swnum="0" t="21"/>
		<time hwnum="1" swnum="0" t="28"/>
		<time hwnum="2" swnum="0" t="2"/>
		<time hwnum="3" swnum="0" t="19"/>
		<time hwnum="4" swnum="0" t="13"/>
		<time hwnum="0" swnum="1" t="8"/>
		<time hwnum="1" swnum="1" t="27"/>
		<time hwnum="2" swnum="1" t="19"/>
		<time hwnum="3" swnum="1" t="16"/>
		<time hwnum="4" swnum="1" t="22"/>
		<time hwnum="0" swnum="2" t="26"/>
		<time hwnum="1" swnum="2" t="5"/>
		<time hwnum="2" swnum="2" t="16"/>
		<time hwnum="3" swnum="2" t="9"/>
		<time hwnum="4" swnum="2" t="8"/>
		<time hwnum="0" swnum="3" t="22"/>
		<time hwnum="1" swnum="3" t="1"/>
		<time hwnum="2" swnum="3" t="11"/>
		<time hwnum="3" swnum="3" t="12"/>
		<time hwnum="4" swnum="3" t="29"/>
		<time hwnum="0" swnum="4" t="30"/>
		<time hwnum="1" swnum="4" t="24"/>
		<time hwnum="2" swnum="4" t="12"/>
		<time hwnum="3" swnum="4" t="5"/>
		<time hwnum="4" swnum="4" t="30"/>
	</module>
	<module limittime="869" num="8" qall="0.99" qd="0.99" qrv="0.99" trecov="3" ttest="2" tvote="1">
		<tool name="none"/>
		<tool name="nvp01"/>
		<tool name="nvp11"/>
		<tool name="rb11"/>
		<sw cost="21" num="0" rel="0.950729960258"/>
		<sw cost="5" num="1" rel="0.940321300333"/>
		<sw cost="12" num="2" rel="0.881701564325"/>
		<sw cost="26" num="3" rel="0.970641602568"/>
		<sw cost="25" num="4" rel="0.985821357422"/>
		<hw cost="23" num="0" rel="0.860966760522"/>
		<hw cost="9" num="1" rel="0.865959616144"/>
		<hw cost="13" num="2" rel="0.958052512759"/>
		<hw cost="25" num="3" rel="0.884694439968"/>
		<hw cost="31" num="4" rel="0.95836399065"/>
		<time hwnum="0" swnum="0" t="7"/>
		<time hwnum="1" swnum="0" t="25"/>
		<time hwnum="2" swnum="0" t="28"/>
		<time hwnum="3" swnum="0" t="3"/>
		<time hwnum="4" swnum="0" t="13"/>
		<time hwnum="0" swnum="1" t="8"/>
		<time hwnum="1" swnum="1" t="30"/>
		<time hwnum="2" swnum="1" t="15"/>
		<time hwnum="3" swnum="1" t="5"/>
		<time hwnum="4" swnum="1" t="27"/>
		<time hwnum="0" swnum="2" t="25"/>
		<time hwnum="1" swnum="2" t="24"/>
		<time hwnum="2" swnum="2" t="15"/>
		<time hwnum="3" swnum="2" t="1"/>
		<time hwnum="4" swnum="2" t="18"/>
		<time hwnum="0" swnum="3" t="13"/>
		<time hwnum="1" swnum="3" t="24"/>
		<time hwnum="2" swnum="3" t="24"/>
		<time hwnum="3" swnum="3" t="24"/>
		<time hwnum="4" swnum="3" t="27"/>
		<time hwnum="0" swnum="4" t="30"/>
		<time hwnum="1" swnum="4" t="18"/>
		<time hwnum="2" swnum="4" t="3"/>
		<time hwnum="3" swnum="4" t="14"/>
		<time hwnum="4" swnum="4" t="15"/>
	</module>
	<module limittime="929" num="9" qall="0.99" qd="0.99" qrv="0.99" trecov="3" ttest="2" tvote="1">
		<tool name="none"/>
		<tool name="nvp01"/>
		<tool name="nvp11"/>
		<tool name="rb11"/>
		<sw cost="29" num="0" rel="0.897345673947"/>
		<sw cost="24" num="1" rel="0.947100090934"/>
		<sw cost="29" num="2" rel="0.949444759211"/>
		<sw cost="27" num="3" rel="0.857394866612"/>
		<sw cost="21" num="4" rel="0.975713822712"/>
		<hw cost="7" num="0" rel="0.880658674043"/>
		<hw cost="12" num="1" rel="0.908373251287"/>
		<hw cost="6" num="2" rel="0.903509508903"/>
		<hw cost="19" num="3" rel="0.914836815796"/>
		<hw cost="31" num="4" rel="0.987688487122"/>
		<time hwnum="0" swnum="0" t="17"/>
		<time hwnum="1" swnum="0" t="8"/>
		<time hwnum="2" swnum="0" t="2"/>
		<time hwnum="3" swnum="0" t="12"/>
		<time hwnum="4" swnum="0" t="18"/>
		<time hwnum="0" swnum="1" t="12"/>
		<time hwnum="1" swnum="1" t="20"/>
		<time hwnum="2" swnum="1" t="17"/>
		<time hwnum="3" swnum="1" t="9"/>
		<time hwnum="4" swnum="1" t="17"/>
		<time hwnum="0" swnum="2" t="10"/>
		<time hwnum="1" swnum="2" t="16"/>
		<time hwnum="2" swnum="2" t="13"/>
		<time hwnum="3" swnum="2" t="22"/>
		<time hwnum="4" swnum="2" t="23"/>
		<time hwnum="0" swnum="3" t="14"/>
		<time hwnum="1" swnum="3" t="14"/>
		<time hwnum="2" swnum="3" t="17"/>
		<time hwnum="3" swnum="3" t="11"/>
		<time hwnum="4" swnum="3" t="24"/>
		<time hwnum="0" swnum="4" t="8"/>
		<time hwnum="1" swnum="4" t="27"/>
		<time hwnum="2" swnum="4" t="15"/>
		<time hwnum="3" swnum="4" t="17"/>
		<time hwnum="4" swnum="4" t="11"/>
	</module>
	<module limittime="934" num="10" qall="0.99" qd="0.99" qrv="0.99" trecov="3" ttest="2" tvote="1">
		<tool name="none"/>
		<tool name="nvp01"/>
		<tool name="nvp11"/>
		<tool name="rb11"/>
		<sw cost="13" num="0" rel="0.920328428888"/>
		<sw cost="22" num="1" rel="0.953133012891"/>
		<sw cost="7" num="2" rel="0.857476582941"/>
		<sw cost="26" num="3" rel="0.870487786738"/>
		<sw cost="27" num="4" rel="0.970688175691"/>
		<hw cost="6" num="0" rel="0.895873126949"/>
		<hw cost="16" num="1" rel="0.940485421935"/>
		<hw cost="17" num="2" rel="0.948325693987"/>
		<hw cost="22" num="3" rel="0.921961038423"/>
		<hw cost="5" num="4" rel="0.851606005788"/>
		<time hwnum="0" swnum="0" t="10"/>
		<time hwnum="1" swnum="0" t="3"/>
		<time hwnum="2" swnum="0" t="20"/>
		<time hwnum="3" swnum="0" t="15"/>
		<time hwnum="4" swnum="0" t="14"/>
		<time hwnum="0" swnum="1" t="12"/>
		<time hwnum="1" swnum="1" t="9"/>
		<time hwnum="2" swnum="1" t="21"/>
		<time hwnum="3" swnum="1" t="30"/>
		<time hwnum="4" swnum="1" t="5"/>
		<time hwnum="0" swnum="2" t="26"/>
		<time hwnum="1" swnum="2" t="17"/>
		<time hwnum="2" swnum="2" t="7"/>
		<time hwnum="3" swnum="2" t="4"/>
		<time hwnum="4" swnum="2" t="26"/>
		<time hwnum="0" swnum="3" t="10"/>
		<time hwnum="1" swnum="3" t="9"/>
		<time hwnum="2" swnum="3" t="13"/>
		<time hwnum="3" swnum="3" t="25"/>
		<time hwnum="4" swnum="3" t="18"/>
		<time hwnum="0" swnum="4" t="10"/>
		<time hwnum="1" swnum="4" t="3"/>
		<time hwnum="2" swnum="4" t="12"/>
		<time hwnum="3" swnum="4" t="15"/>
		<time hwnum="4" swnum="4" t="1"/>
	</module>
	<module limittime="971" num="11" qall="0.99" qd="0.99" qrv="0.99" trecov="3" ttest="2" tvote="1">
		<tool name="none"/>
		<tool name="nvp01"/>
		<tool name="nvp11"/>
		<tool name="rb11"/>
		<sw cost="7" num="0" rel="0.943344026867"/>
		<sw cost="24" num="1" rel="0.865910201486"/>
		<sw cost="21" num="2" rel="0.98509906272"/>
		<sw cost="20" num="3" rel="0.972829500917"/>
		<sw cost="31" num="4" rel="0.879095264831"/>
		<hw cost="9" num="0" rel="0.897304596012"/>
		<hw cost="35" num="1" rel="0.913091126408"/>
		<hw cost="34" num="2" rel="0.955672876694"/>
		<hw cost="6" num="3" rel="0.860564461528"/>
		<hw cost="10" num="4" rel="0.963451001231"/>
		<time hwnum="0" swnum="0" t="24"/>
		<time hwnum="1" swnum="0" t="30"/>
		<time hwnum="2" swnum="0" t="25"/>
		<time hwnum="3" swnum="0" t="1"/>
		<time hwnum="4" swnum="0" t="10"/>
		<time hwnum="0" swnum="1" t="12"/>
		<time hwnum="1" swnum="1" t="7"/>
		<time hwnum="2" swnum="1" t="7"/>
		<time hwnum="3" swnum="1" t="30"/>
		<time hwnum="4" swnum="1" t="2"/>
		<time hwnum="0" swnum="2" t="10"/>
		<time hwnum="1" swnum="2" t="3"/>
		<time hwnum="2" swnum="2" t="17"/>
		<time hwnum="3" swnum="2" t="3"/>
		<time hwnum="4" swnum="2" t="18"/>
		<time hwnum="0" swnum="3" t="29"/>
		<time hwnum="1" swnum="3" t="25"/>
		<time hwnum="2" swnum="3" t="20"/>
		<time hwnum="3" swnum="3" t="2"/>
		<time hwnum="4" swnum="3" t="8"/>
		<time hwnum="0" swnum="4" t="25"/>
		<time hwnum="1" swnum="4" t="14"/>
		<time hwnum="2" swnum="4" t="27"/>
		<time hwnum="3" swnum="4" t="17"/>
		<time hwnum="4" swnum="4" t="21"/>
	</module>
	<link dst="1" src="0" vol="14"/>
	<link dst="2" src="0" vol="7"/>
	<link dst="3" src="0" vol="11"/>
	<link dst="4" src="0" vol="25"/>
	<link dst="7" src="0" vol="15"/>
	<link dst="8" src="0" vol="16"/>
	<link dst="9" src="0" vol="19"/>
	<link dst="10" src="0" vol="28"/>
	<link dst="11" src="0" vol="3"/>
	<link dst="2" src="1" vol="21"/>
	<link dst="4" src="1" vol="7"/>
	<link dst="5" src="1" vol="10"/>
	<link dst="6" src="1" vol="14"/>
	<link dst="8" src="1" vol="2"/>
	<link dst="10" src="1" vol="11"/>
	<link dst="5" src="2" vol="11"/>
	<link dst="6" src="2" vol="24"/>
	<link dst="8" src="2" vol="6"/>
	<link dst="4" src="3" vol="2"/>
	<link dst="5" src="3" vol="5"/>
	<link dst="7" src="3" vol="30"/>
	<link dst="9" src="3" vol="6"/>
	<link dst="5" src="4" vol="29"/>
	<link dst="7" src="4" vol="8"/>
	<link dst="8" src="4" vol="28"/>
	<link dst="10" src="4" vol="5"/>
	<link dst="11" src="4" vol="27"/>
	<link dst="7" src="5" vol="6"/>
	<link dst="8" src="5" vol="19"/>
	<link dst="9" src="5" vol="1"/>
	<link dst="10" src="5" vol="2"/>
	<link dst="11" src="5" vol="4"/>
	<link dst="7" src="6" vol="3"/>
	<link dst="8" src="6" vol="14"/>
	<link dst="10" src="7" vol="7"/>
	<link dst="9" src="8" vol="18"/>
	<link dst="10" src="8" vol="7"/>
	<link dst="11" src="8" vol="22"/>
	<link dst="11" src="9" vol="14"/>
	<link dst="11" src="10" vol="15"/>
</system>
