<?xml version="1.0" ?>
<system limitcost="675">
	<module limittime="268" num="0" qall="0.99" qd="0.99" qrv="0.99" trecov="3" ttest="2" tvote="1">
		<tool name="none"/>
		<tool name="nvp01"/>
		<tool name="nvp11"/>
		<tool name="rb11"/>
		<sw cost="19" num="0" rel="0.890139485035"/>
		<sw cost="35" num="1" rel="0.942972481098"/>
		<sw cost="29" num="2" rel="0.933102997635"/>
		<sw cost="19" num="3" rel="0.956299351958"/>
		<sw cost="6" num="4" rel="0.910997760469"/>
		<hw cost="12" num="0" rel="0.936199414967"/>
		<hw cost="32" num="1" rel="0.874094304634"/>
		<hw cost="30" num="2" rel="0.889278785491"/>
		<hw cost="10" num="3" rel="0.889920443935"/>
		<hw cost="25" num="4" rel="0.874717287236"/>
		<time hwnum="0" swnum="0" t="109"/>
		<time hwnum="1" swnum="0" t="132"/>
		<time hwnum="2" swnum="0" t="127"/>
		<time hwnum="3" swnum="0" t="149"/>
		<time hwnum="4" swnum="0" t="128"/>
		<time hwnum="0" swnum="1" t="104"/>
		<time hwnum="1" swnum="1" t="116"/>
		<time hwnum="2" swnum="1" t="125"/>
		<time hwnum="3" swnum="1" t="136"/>
		<time hwnum="4" swnum="1" t="126"/>
		<time hwnum="0" swnum="2" t="139"/>
		<time hwnum="1" swnum="2" t="137"/>
		<time hwnum="2" swnum="2" t="142"/>
		<time hwnum="3" swnum="2" t="106"/>
		<time hwnum="4" swnum="2" t="102"/>
		<time hwnum="0" swnum="3" t="131"/>
		<time hwnum="1" swnum="3" t="150"/>
		<time hwnum="2" swnum="3" t="144"/>
		<time hwnum="3" swnum="3" t="109"/>
		<time hwnum="4" swnum="3" t="119"/>
		<time hwnum="0" swnum="4" t="123"/>
		<time hwnum="1" swnum="4" t="116"/>
		<time hwnum="2" swnum="4" t="135"/>
		<time hwnum="3" swnum="4" t="109"/>
		<time hwnum="4" swnum="4" t="121"/>
	</module>
	<module limittime="532" num="1" qall="0.99" qd="0.99" qrv="0.99" trecov="3" ttest="2" tvote="1">
		<tool name="none"/>
		<tool name="nvp01"/>
		<tool name="nvp11"/>
		<tool name="rb11"/>
		<sw cost="23" num="0" rel="0.970920992137"/>
		<sw cost="14" num="1" rel="0.968835098473"/>
		<sw cost="21" num="2" rel="0.981380714801"/>
		<sw cost="10" num="3" rel="0.900382777968"/>
		<sw cost="34" num="4" rel="0.960037422335"/>
		<hw cost="5" num="0" rel="0.93775765006"/>
		<hw cost="8" num="1" rel="0.920234264913"/>
		<hw cost="8" num="2" rel="0.868865679334"/>
		<hw cost="25" num="3" rel="0.903584518419"/>
		<hw cost="26" num="4" rel="0.878899795153"/>
		<time hwnum="0" swnum="0" t="107"/>
		<time hwnum="1" swnum="0" t="127"/>
		<time hwnum="2" swnum="0" t="149"/>
		<time hwnum="3" swnum="0" t="122"/>
		<time hwnum="4" swnum="0" t="128"/>
		<time hwnum="0" swnum="1" t="141"/>
		<time hwnum="1" swnum="1" t="102"/>
		<time hwnum="2" swnum="1" t="140"/>
		<time hwnum="3" swnum="1" t="130"/>
		<time hwnum="4" swnum="1" t="139"/>
		<time hwnum="0" swnum="2" t="116"/>
		<time hwnum="1" swnum="2" t="114"/>
		<time hwnum="2" swnum="2" t="130"/>
		<time hwnum="3" swnum="2" t="102"/>
		<time hwnum="4" swnum="2" t="120"/>
		<time hwnum="0" swnum="3" t="104"/>
		<time hwnum="1" swnum="3" t="102"/>
		<time hwnum="2" swnum="3" t="113"/>
		<time hwnum="3" swnum="3" t="114"/>
		<time hwnum="4" swnum="3" t="102"/>
		<time hwnum="0" swnum="4" t="142"/>
		<time hwnum="1" swnum="4" t="110"/>
		<time hwnum="2" swnum="4" t="122"/>
		<time hwnum="3" swnum="4" t="108"/>
		<time hwnum="4" swnum="4" t="119"/>
	</module>
	<module limittime="520" num="2" qall="0.99" qd="0.99" qrv="0.99" trecov="3" ttest="2" tvote="1">
		<tool name="none"/>
		<tool name="nvp01"/>
		<tool name="nvp11"/>
		<tool name="rb11"/>
		<sw cost="32" num="0" rel="0.981405006065"/>
		<sw cost="15" num="1" rel="0.876369452858"/>
		<sw cost="19" num="2" rel="0.928859820843"/>
		<sw cost="30" num="3" rel="0.930471070743"/>
		<sw cost="22" num="4" rel="0.935504436138"/>
		<hw cost="17" num="0" rel="0.921181886062"/>
		<hw cost="26" num="1" rel="0.917120033943"/>
		<hw cost="25" num="2" rel="0.895785853588"/>
		<hw cost="23" num="3" rel="0.906126182186"/>
		<hw cost="22" num="4" rel="0.90929788513"/>
		<time hwnum="0" swnum="0" t="111"/>
		<time hwnum="1" swnum="0" t="124"/>
		<time hwnum="2" swnum="0" t="142"/>
		<time hwnum="3" swnum="0" t="145"/>
		<time hwnum="4" swnum="0" t="133"/>
		<time hwnum="0" swnum="1" t="102"/>
		<time hwnum="1" swnum="1" t="135"/>
		<time hwnum="2" swnum="1" t="121"/>
		<time hwnum="3" swnum="1" t="121"/>
		<time hwnum="4" swnum="1" t="120"/>
		<time hwnum="0" swnum="2" t="135"/>
		<time hwnum="1" swnum="2" t="144"/>
		<time hwnum="2" swnum="2" t="146"/>
		<time hwnum="3" swnum="2" t="138"/>
		<time hwnum="4" swnum="2" t="142"/>
		<time hwnum="0" swnum="3" t="121"/>
		<time hwnum="1" swnum="3" t="104"/>
		<time hwnum="2" swnum="3" t="120"/>
		<time hwnum="3" swnum="3" t="133"/>
		<time hwnum="4" swnum="3" t="129"/>
		<time hwnum="0" swnum="4" t="122"/>
		<time hwnum="1" swnum="4" t="138"/>
		<time hwnum="2" swnum="4" t="133"/>
		<time hwnum="3" swnum="4" t="103"/>
		<time hwnum="4" swnum="4" t="114"/>
	</module>
	<module limittime="794" num="3" qall="0.99" qd="0.99" qrv="0.99" trecov="3" ttest="2" tvote="1">
		<tool name="none"/>
		<tool name="nvp01"/>
		<tool name="nvp11"/>
		<tool name="rb11"/>
		<sw cost="21" num="0" rel="0.901729371165"/>
		<sw cost="33" num="1" rel="0.914098017747"/>
		<sw cost="5" num="2" rel="0.982199272872"/>
		<sw cost="28" num="3" rel="0.960636066389"/>
		<sw cost="11" num="4" rel="0.937482668423"/>
		<hw cost="34" num="0" rel="0.916430406086"/>
		<hw cost="5" num="1" rel="0.88702352143"/>
		<hw cost="15" num="2" rel="0.977603678665"/>
		<hw cost="28" num="3" rel="0.898501402985"/>
		<hw cost="24" num="4" rel="0.924574607267"/>
		<time hwnum="0" swnum="0" t="139"/>
		<time hwnum="1" swnum="0" t="138"/>
		<time hwnum="2" swnum="0" t="134"/>
		<time hwnum="3" swnum="0" t="113"/>
		<time hwnum="4" swnum="0" t="148"/>
		<time hwnum="0" swnum="1" t="143"/>
		<time hwnum="1" swnum="1" t="137"/>
		<time hwnum="2" swnum="1" t="113"/>
		<time hwnum="3" swnum="1" t="116"/>
		<time hwnum="4" swnum="1" t="144"/>
		<time hwnum="0" swnum="2" t="137"/>
		<time hwnum="1" swnum="2" t="143"/>
		<time hwnum="2" swnum="2" t="126"/>
		<time hwnum="3" swnum="2" t="140"/>
		<time hwnum="4" swnum="2" t="146"/>
		<time hwnum="0" swnum="3" t="126"/>
		<time hwnum="1" swnum="3" t="112"/>
		<time hwnum="2" swnum="3" t="126"/>
		<time hwnum="3" swnum="3" t="122"/>
		<time hwnum="4" swnum="3" t="139"/>
		<time hwnum="0" swnum="4" t="131"/>
		<time hwnum="1" swnum="4" t="149"/>
		<time hwnum="2" swnum="4" t="149"/>
		<time hwnum="3" swnum="4" t="136"/>
		<time hwnum="4" swnum="4" t="127"/>
	</module>
	<module limittime="1043" num="4" qall="0.99" qd="0.99" qrv="0.99" trecov="3" ttest="2" tvote="1">
		<tool name="none"/>
		<tool name="nvp01"/>
		<tool name="nvp11"/>
		<tool name="rb11"/>
		<sw cost="16" num="0" rel="0.878222058726"/>
		<sw cost="21" num="1" rel="0.921532396652"/>
		<sw cost="35" num="2" rel="0.868711356724"/>
		<sw cost="6" num="3" rel="0.968399408423"/>
		<sw cost="33" num="4" rel="0.965559342418"/>
		<hw cost="6" num="0" rel="0.900622975801"/>
		<hw cost="20" num="1" rel="0.964546759812"/>
		<hw cost="14" num="2" rel="0.882693055064"/>
		<hw cost="22" num="3" rel="0.8515552417"/>
		<hw cost="21" num="4" rel="0.923412541156"/>
		<time hwnum="0" swnum="0" t="119"/>
		<time hwnum="1" swnum="0" t="119"/>
		<time hwnum="2" swnum="0" t="112"/>
		<time hwnum="3" swnum="0" t="135"/>
		<time hwnum="4" swnum="0" t="140"/>
		<time hwnum="0" swnum="1" t="119"/>
		<time hwnum="1" swnum="1" t="125"/>
		<time hwnum="2" swnum="1" t="143"/>
		<time hwnum="3" swnum="1" t="134"/>
		<time hwnum="4" swnum="1" t="150"/>
		<time hwnum="0" swnum="2" t="120"/>
		<time hwnum="1" swnum="2" t="109"/>
		<time hwnum="2" swnum="2" t="142"/>
		<time hwnum="3" swnum="2" t="124"/>
		<time hwnum="4" swnum="2" t="112"/>
		<time hwnum="0" swnum="3" t="133"/>
		<time hwnum="1" swnum="3" t="111"/>
		<time hwnum="2" swnum="3" t="125"/>
		<time hwnum="3" swnum="3" t="144"/>
		<time hwnum="4" swnum="3" t="104"/>
		<time hwnum="0" swnum="4" t="123"/>
		<time hwnum="1" swnum="4" t="144"/>
		<time hwnum="2" swnum="4" t="135"/>
		<time hwnum="3" swnum="4" t="106"/>
		<time hwnum="4" swnum="4" t="110"/>
	</module>
	<module limittime="1041" num="5" qall="0.99" qd="0.99" qrv="0.99" trecov="3" ttest="2" tvote="1">
		<tool name="none"/>
		<tool name="nvp01"/>
		<tool name="nvp11"/>
		<tool name="rb11"/>
		<sw cost="12" num="0" rel="0.907544758752"/>
		<sw cost="34" num="1" rel="0.952433547416"/>
		<sw cost="30" num="2" rel="0.961722240386"/>
		<sw cost="7" num="3" rel="0.930433142369"/>
		<sw cost="31" num="4" rel="0.888227438716"/>
		<hw cost="13" num="0" rel="0.925628636575"/>
		<hw cost="27" num="1" rel="0.948597074441"/>
		<hw cost="24" num="2" rel="0.874866019971"/>
		<hw cost="8" num="3" rel="0.968817824946"/>
		<hw cost="19" num="4" rel="0.950174624112"/>
		<time hwnum="0" swnum="0" t="103"/>
		<time hwnum="1" swnum="0" t="125"/>
		<time hwnum="2" swnum="0" t="123"/>
		<time hwnum="3" swnum="0" t="120"/>
		<time hwnum="4" swnum="0" t="108"/>
		<time hwnum="0" swnum="1" t="125"/>
		<time hwnum="1" swnum="1" t="134"/>
		<time hwnum="2" swnum="1" t="149"/>
		<time hwnum="3" swnum="1" t="104"/>
		<time hwnum="4" swnum="1" t="114"/>
		<time hwnum="0" swnum="2" t="138"/>
		<time hwnum="1" swnum="2" t="127"/>
		<time hwnum="2" swnum="2" t="136"/>
		<time hwnum="3" swnum="2" t="149"/>
		<time hwnum="4" swnum="2" t="122"/>
		<time hwnum="0" swnum="3" t="145"/>
		<time hwnum="1" swnum="3" t="132"/>
		<time hwnum="2" swnum="3" t="125"/>
		<time hwnum="3" swnum="3" t="140"/>
		<time hwnum="4" swnum="3" t="146"/>
		<time hwnum="0" swnum="4" t="148"/>
		<time hwnum="1" swnum="4" t="138"/>
		<time hwnum="2" swnum="4" t="110"/>
		<time hwnum="3" swnum="4" t="135"/>
		<time hwnum="4" swnum="4" t="138"/>
	</module>
	<module limittime="1288" num="6" qall="0.99" qd="0.99" qrv="0.99" trecov="3" ttest="2" tvote="1">
		<tool name="none"/>
		<tool name="nvp01"/>
		<tool name="nvp11"/>
		<tool name="rb11"/>
		<sw cost="17" num="0" rel="0.928166786886"/>
		<sw cost="19" num="1" rel="0.855790550435"/>
		<sw cost="31" num="2" rel="0.877952434017"/>
		<sw cost="19" num="3" rel="0.86023883011"/>
		<sw cost="32" num="4" rel="0.973384851864"/>
		<hw cost="31" num="0" rel="0.978540610645"/>
		<hw cost="11" num="1" rel="0.888698037669"/>
		<hw cost="31" num="2" rel="0.973830364139"/>
		<hw cost="5" num="3" rel="0.875636897836"/>
		<hw cost="14" num="4" rel="0.90317671799"/>
		<time hwnum="0" swnum="0" t="110"/>
		<time hwnum="1" swnum="0" t="101"/>
		<time hwnum="2" swnum="0" t="147"/>
		<time hwnum="3" swnum="0" t="100"/>
		<time hwnum="4" swnum="0" t="114"/>
		<time hwnum="0" swnum="1" t="108"/>
		<time hwnum="1" swnum="1" t="141"/>
		<time hwnum="2" swnum="1" t="120"/>
		<time hwnum="3" swnum="1" t="108"/>
		<time hwnum="4" swnum="1" t="146"/>
		<time hwnum="0" swnum="2" t="130"/>
		<time hwnum="1" swnum="2" t="125"/>
		<time hwnum="2" swnum="2" t="103"/>
		<time hwnum="3" swnum="2" t="115"/>
		<time hwnum="4" swnum="2" t="124"/>
		<time hwnum="0" swnum="3" t="115"/>
		<time hwnum="1" swnum="3" t="127"/>
		<time hwnum="2" swnum="3" t="142"/>
		<time hwnum="3" swnum="3" t="101"/>
		<time hwnum="4" swnum="3" t="128"/>
		<time hwnum="0" swnum="4" t="107"/>
		<time hwnum="1" swnum="4" t="135"/>
		<time hwnum="2" swnum="4" t="115"/>
		<time hwnum="3" swnum="4" t="147"/>
		<time hwnum="4" swnum="4" t="114"/>
	</module>
	<module limittime="1533" num="7" qall="0.99" qd="0.99" qrv="0.99" trecov="3" ttest="2" tvote="1">
		<tool name="none"/>
		<tool name="nvp01"/>
		<tool name="nvp11"/>
		<tool name="rb11"/>
		<sw cost="7" num="0" rel="0.923978676868"/>
		<sw cost="18" num="1" rel="0.903995255139"/>
		<sw cost="5" num="2" rel="0.870306288268"/>
		<sw cost="31" num="3" rel="0.860966861827"/>
		<sw cost="24" num="4" rel="0.978354017161"/>
		<hw cost="28" num="0" rel="0.90374799588"/>
		<hw cost="34" num="1" rel="0.935704439922"/>
		<hw cost="33" num="2" rel="0.941798903035"/>
		<hw cost="35" num="3" rel="0.900789461821"/>
		<hw cost="33" num="4" rel="0.943533173596"/>
		<time hwnum="0" swnum="0" t="113"/>
		<time hwnum="1" swnum="0" t="150"/>
		<time hwnum="2" swnum="0" t="108"/>
		<time hwnum="3" swnum="0" t="115"/>
		<time hwnum="4" swnum="0" t="139"/>
		<time hwnum="0" swnum="1" t="147"/>
		<time hwnum="1" swnum="1" t="107"/>
		<time hwnum="2" swnum="1" t="110"/>
		<time hwnum="3" swnum="1" t="129"/>
		<time hwnum="4" swnum="1" t="144"/>
		<time hwnum="0" swnum="2" t="121"/>
		<time hwnum="1" swnum="2" t="137"/>
		<time hwnum="2" swnum="2" t="108"/>
		<time hwnum="3" swnum="2" t="134"/>
		<time hwnum="4" swnum="2" t="138"/>
		<time hwnum="0" swnum="3" t="116"/>
		<time hwnum="1" swnum="3" t="126"/>
		<time hwnum="2" swnum="3" t="114"/>
		<time hwnum="3" swnum="3" t="140"/>
		<time hwnum="4" swnum="3" t="149"/>
		<time hwnum="0" swnum="4" t="115"/>
		<time hwnum="1" swnum="4" t="122"/>
		<time hwnum="2" swnum="4" t="134"/>
		<time hwnum="3" swnum="4" t="113"/>
		<time hwnum="4" swnum="4" t="123"/>
	</module>
	<link dst="1" src="0" vol="4"/>
	<link dst="2" src="0" vol="3"/>
	<link dst="5" src="0" vol="2"/>
	<link dst="6" src="0" vol="2"/>
	<link dst="7" src="0" vol="3"/>
	<link dst="3" src="1" vol="2"/>
	<link dst="4" src="1" vol="1"/>
	<link dst="6" src="1" vol="5"/>
	<link dst="7" src="1" vol="5"/>
	<link dst="5" src="2" vol="3"/>
	<link dst="6" src="2" vol="3"/>
	<link dst="7" src="2" vol="2"/>
	<link dst="4" src="3" vol="4"/>
	<link dst="5" src="3" vol="3"/>
	<link dst="7" src="3" vol="1"/>
	<link dst="6" src="4" vol="3"/>
	<link dst="6" src="5" vol="1"/>
	<link dst="7" src="5" vol="2"/>
	<link dst="7" src="6" vol="4"/>
</system>
