<?xml version="1.0" ?>
<system limitcost="646">
	<module limittime="142" num="0" qall="0.99" qd="0.99" qrv="0.99" trecov="3" ttest="2" tvote="1">
		<tool name="none"/>
		<tool name="nvp01"/>
		<tool name="nvp11"/>
		<tool name="rb11"/>
		<sw cost="33" num="0" rel="0.854354198796"/>
		<sw cost="7" num="1" rel="0.981664754778"/>
		<sw cost="16" num="2" rel="0.989620615592"/>
		<sw cost="27" num="3" rel="0.966142614579"/>
		<sw cost="23" num="4" rel="0.982551288964"/>
		<hw cost="26" num="0" rel="0.918691366184"/>
		<hw cost="30" num="1" rel="0.95488994449"/>
		<hw cost="34" num="2" rel="0.909871612764"/>
		<hw cost="10" num="3" rel="0.978237917073"/>
		<hw cost="12" num="4" rel="0.898575631164"/>
		<time hwnum="0" swnum="0" t="7"/>
		<time hwnum="1" swnum="0" t="6"/>
		<time hwnum="2" swnum="0" t="9"/>
		<time hwnum="3" swnum="0" t="7"/>
		<time hwnum="4" swnum="0" t="9"/>
		<time hwnum="0" swnum="1" t="6"/>
		<time hwnum="1" swnum="1" t="2"/>
		<time hwnum="2" swnum="1" t="4"/>
		<time hwnum="3" swnum="1" t="10"/>
		<time hwnum="4" swnum="1" t="4"/>
		<time hwnum="0" swnum="2" t="1"/>
		<time hwnum="1" swnum="2" t="7"/>
		<time hwnum="2" swnum="2" t="7"/>
		<time hwnum="3" swnum="2" t="2"/>
		<time hwnum="4" swnum="2" t="4"/>
		<time hwnum="0" swnum="3" t="5"/>
		<time hwnum="1" swnum="3" t="3"/>
		<time hwnum="2" swnum="3" t="6"/>
		<time hwnum="3" swnum="3" t="4"/>
		<time hwnum="4" swnum="3" t="9"/>
		<time hwnum="0" swnum="4" t="5"/>
		<time hwnum="1" swnum="4" t="1"/>
		<time hwnum="2" swnum="4" t="10"/>
		<time hwnum="3" swnum="4" t="3"/>
		<time hwnum="4" swnum="4" t="4"/>
	</module>
	<module limittime="173" num="1" qall="0.99" qd="0.99" qrv="0.99" trecov="3" ttest="2" tvote="1">
		<tool name="none"/>
		<tool name="nvp01"/>
		<tool name="nvp11"/>
		<tool name="rb11"/>
		<sw cost="6" num="0" rel="0.899293938192"/>
		<sw cost="19" num="1" rel="0.87576372123"/>
		<sw cost="20" num="2" rel="0.941435528515"/>
		<sw cost="23" num="3" rel="0.978882362057"/>
		<sw cost="31" num="4" rel="0.864281704296"/>
		<hw cost="21" num="0" rel="0.855167814403"/>
		<hw cost="23" num="1" rel="0.932040128829"/>
		<hw cost="23" num="2" rel="0.97181804283"/>
		<hw cost="6" num="3" rel="0.921173401593"/>
		<hw cost="27" num="4" rel="0.87298816231"/>
		<time hwnum="0" swnum="0" t="4"/>
		<time hwnum="1" swnum="0" t="5"/>
		<time hwnum="2" swnum="0" t="2"/>
		<time hwnum="3" swnum="0" t="1"/>
		<time hwnum="4" swnum="0" t="7"/>
		<time hwnum="0" swnum="1" t="1"/>
		<time hwnum="1" swnum="1" t="3"/>
		<time hwnum="2" swnum="1" t="2"/>
		<time hwnum="3" swnum="1" t="10"/>
		<time hwnum="4" swnum="1" t="9"/>
		<time hwnum="0" swnum="2" t="7"/>
		<time hwnum="1" swnum="2" t="2"/>
		<time hwnum="2" swnum="2" t="1"/>
		<time hwnum="3" swnum="2" t="1"/>
		<time hwnum="4" swnum="2" t="2"/>
		<time hwnum="0" swnum="3" t="3"/>
		<time hwnum="1" swnum="3" t="8"/>
		<time hwnum="2" swnum="3" t="3"/>
		<time hwnum="3" swnum="3" t="9"/>
		<time hwnum="4" swnum="3" t="3"/>
		<time hwnum="0" swnum="4" t="10"/>
		<time hwnum="1" swnum="4" t="10"/>
		<time hwnum="2" swnum="4" t="8"/>
		<time hwnum="3" swnum="4" t="6"/>
		<time hwnum="4" swnum="4" t="10"/>
	</module>
	<module limittime="287" num="2" qall="0.99" qd="0.99" qrv="0.99" trecov="3" ttest="2" tvote="1">
		<tool name="none"/>
		<tool name="nvp01"/>
		<tool name="nvp11"/>
		<tool name="rb11"/>
		<sw cost="27" num="0" rel="0.954760439521"/>
		<sw cost="24" num="1" rel="0.92673286883"/>
		<sw cost="14" num="2" rel="0.941439456331"/>
		<sw cost="28" num="3" rel="0.898008818403"/>
		<sw cost="26" num="4" rel="0.895928493469"/>
		<hw cost="17" num="0" rel="0.91184843973"/>
		<hw cost="9" num="1" rel="0.940351013586"/>
		<hw cost="15" num="2" rel="0.929680996864"/>
		<hw cost="13" num="3" rel="0.954631868265"/>
		<hw cost="10" num="4" rel="0.898440250573"/>
		<time hwnum="0" swnum="0" t="2"/>
		<time hwnum="1" swnum="0" t="8"/>
		<time hwnum="2" swnum="0" t="9"/>
		<time hwnum="3" swnum="0" t="8"/>
		<time hwnum="4" swnum="0" t="4"/>
		<time hwnum="0" swnum="1" t="10"/>
		<time hwnum="1" swnum="1" t="8"/>
		<time hwnum="2" swnum="1" t="8"/>
		<time hwnum="3" swnum="1" t="5"/>
		<time hwnum="4" swnum="1" t="7"/>
		<time hwnum="0" swnum="2" t="6"/>
		<time hwnum="1" swnum="2" t="1"/>
		<time hwnum="2" swnum="2" t="2"/>
		<time hwnum="3" swnum="2" t="5"/>
		<time hwnum="4" swnum="2" t="6"/>
		<time hwnum="0" swnum="3" t="7"/>
		<time hwnum="1" swnum="3" t="2"/>
		<time hwnum="2" swnum="3" t="5"/>
		<time hwnum="3" swnum="3" t="1"/>
		<time hwnum="4" swnum="3" t="8"/>
		<time hwnum="0" swnum="4" t="3"/>
		<time hwnum="1" swnum="4" t="5"/>
		<time hwnum="2" swnum="4" t="2"/>
		<time hwnum="3" swnum="4" t="2"/>
		<time hwnum="4" swnum="4" t="9"/>
	</module>
	<module limittime="387" num="3" qall="0.99" qd="0.99" qrv="0.99" trecov="3" ttest="2" tvote="1">
		<tool name="none"/>
		<tool name="nvp01"/>
		<tool name="nvp11"/>
		<tool name="rb11"/>
		<sw cost="23" num="0" rel="0.908639418644"/>
		<sw cost="32" num="1" rel="0.982001749916"/>
		<sw cost="14" num="2" rel="0.966438317914"/>
		<sw cost="27" num="3" rel="0.931887535472"/>
		<sw cost="32" num="4" rel="0.897712059372"/>
		<hw cost="11" num="0" rel="0.917315171364"/>
		<hw cost="33" num="1" rel="0.862059036609"/>
		<hw cost="21" num="2" rel="0.953320093503"/>
		<hw cost="18" num="3" rel="0.909866417841"/>
		<hw cost="35" num="4" rel="0.906130335249"/>
		<time hwnum="0" swnum="0" t="6"/>
		<time hwnum="1" swnum="0" t="7"/>
		<time hwnum="2" swnum="0" t="2"/>
		<time hwnum="3" swnum="0" t="2"/>
		<time hwnum="4" swnum="0" t="6"/>
		<time hwnum="0" swnum="1" t="8"/>
		<time hwnum="1" swnum="1" t="8"/>
		<time hwnum="2" swnum="1" t="6"/>
		<time hwnum="3" swnum="1" t="7"/>
		<time hwnum="4" swnum="1" t="1"/>
		<time hwnum="0" swnum="2" t="6"/>
		<time hwnum="1" swnum="2" t="9"/>
		<time hwnum="2" swnum="2" t="7"/>
		<time hwnum="3" swnum="2" t="5"/>
		<time hwnum="4" swnum="2" t="8"/>
		<time hwnum="0" swnum="3" t="7"/>
		<time hwnum="1" swnum="3" t="2"/>
		<time hwnum="2" swnum="3" t="6"/>
		<time hwnum="3" swnum="3" t="10"/>
		<time hwnum="4" swnum="3" t="4"/>
		<time hwnum="0" swnum="4" t="1"/>
		<time hwnum="1" swnum="4" t="1"/>
		<time hwnum="2" swnum="4" t="5"/>
		<time hwnum="3" swnum="4" t="3"/>
		<time hwnum="4" swnum="4" t="7"/>
	</module>
	<module limittime="440" num="4" qall="0.99" qd="0.99" qrv="0.99" trecov="3" ttest="2" tvote="1">
		<tool name="none"/>
		<tool name="nvp01"/>
		<tool name="nvp11"/>
		<tool name="rb11"/>
		<sw cost="26" num="0" rel="0.908586016263"/>
		<sw cost="13" num="1" rel="0.977791159388"/>
		<sw cost="13" num="2" rel="0.901889113303"/>
		<sw cost="31" num="3" rel="0.891545895635"/>
		<sw cost="16" num="4" rel="0.886608283986"/>
		<hw cost="27" num="0" rel="0.959508470319"/>
		<hw cost="15" num="1" rel="0.918606429857"/>
		<hw cost="26" num="2" rel="0.940553241975"/>
		<hw cost="25" num="3" rel="0.851982870965"/>
		<hw cost="16" num="4" rel="0.902377305854"/>
		<time hwnum="0" swnum="0" t="9"/>
		<time hwnum="1" swnum="0" t="5"/>
		<time hwnum="2" swnum="0" t="5"/>
		<time hwnum="3" swnum="0" t="4"/>
		<time hwnum="4" swnum="0" t="10"/>
		<time hwnum="0" swnum="1" t="9"/>
		<time hwnum="1" swnum="1" t="5"/>
		<time hwnum="2" swnum="1" t="4"/>
		<time hwnum="3" swnum="1" t="5"/>
		<time hwnum="4" swnum="1" t="3"/>
		<time hwnum="0" swnum="2" t="3"/>
		<time hwnum="1" swnum="2" t="1"/>
		<time hwnum="2" swnum="2" t="7"/>
		<time hwnum="3" swnum="2" t="7"/>
		<time hwnum="4" swnum="2" t="3"/>
		<time hwnum="0" swnum="3" t="10"/>
		<time hwnum="1" swnum="3" t="3"/>
		<time hwnum="2" swnum="3" t="6"/>
		<time hwnum="3" swnum="3" t="4"/>
		<time hwnum="4" swnum="3" t="2"/>
		<time hwnum="0" swnum="4" t="7"/>
		<time hwnum="1" swnum="4" t="6"/>
		<time hwnum="2" swnum="4" t="10"/>
		<time hwnum="3" swnum="4" t="1"/>
		<time hwnum="4" swnum="4" t="4"/>
	</module>
	<module limittime="449" num="5" qall="0.99" qd="0.99" qrv="0.99" trecov="3" ttest="2" tvote="1">
		<tool name="none"/>
		<tool name="nvp01"/>
		<tool name="nvp11"/>
		<tool name="rb11"/>
		<sw cost="32" num="0" rel="0.897634509148"/>
		<sw cost="32" num="1" rel="0.970334316941"/>
		<sw cost="29" num="2" rel="0.883620957828"/>
		<sw cost="8" num="3" rel="0.876623622233"/>
		<sw cost="14" num="4" rel="0.916311609811"/>
		<hw cost="5" num="0" rel="0.973667222862"/>
		<hw cost="30" num="1" rel="0.945229151626"/>
		<hw cost="29" num="2" rel="0.957989207629"/>
		<hw cost="22" num="3" rel="0.905324033939"/>
		<hw cost="30" num="4" rel="0.985386797454"/>
		<time hwnum="0" swnum="0" t="9"/>
		<time hwnum="1" swnum="0" t="2"/>
		<time hwnum="2" swnum="0" t="1"/>
		<time hwnum="3" swnum="0" t="6"/>
		<time hwnum="4" swnum="0" t="8"/>
		<time hwnum="0" swnum="1" t="3"/>
		<time hwnum="1" swnum="1" t="3"/>
		<time hwnum="2" swnum="1" t="9"/>
		<time hwnum="3" swnum="1" t="1"/>
		<time hwnum="4" swnum="1" t="9"/>
		<time hwnum="0" swnum="2" t="3"/>
		<time hwnum="1" swnum="2" t="2"/>
		<time hwnum="2" swnum="2" t="1"/>
		<time hwnum="3" swnum="2" t="10"/>
		<time hwnum="4" swnum="2" t="9"/>
		<time hwnum="0" swnum="3" t="8"/>
		<time hwnum="1" swnum="3" t="7"/>
		<time hwnum="2" swnum="3" t="4"/>
		<time hwnum="3" swnum="3" t="5"/>
		<time hwnum="4" swnum="3" t="4"/>
		<time hwnum="0" swnum="4" t="7"/>
		<time hwnum="1" swnum="4" t="8"/>
		<time hwnum="2" swnum="4" t="10"/>
		<time hwnum="3" swnum="4" t="10"/>
		<time hwnum="4" swnum="4" t="6"/>
	</module>
	<module limittime="328" num="6" qall="0.99" qd="0.99" qrv="0.99" trecov="3" ttest="2" tvote="1">
		<tool name="none"/>
		<tool name="nvp01"/>
		<tool name="nvp11"/>
		<tool name="rb11"/>
		<sw cost="12" num="0" rel="0.98761831552"/>
		<sw cost="14" num="1" rel="0.973149150935"/>
		<sw cost="31" num="2" rel="0.924908098463"/>
		<sw cost="10" num="3" rel="0.967452244305"/>
		<sw cost="14" num="4" rel="0.910962515057"/>
		<hw cost="16" num="0" rel="0.920455865048"/>
		<hw cost="19" num="1" rel="0.963609384836"/>
		<hw cost="12" num="2" rel="0.953524920192"/>
		<hw cost="12" num="3" rel="0.900999851661"/>
		<hw cost="24" num="4" rel="0.902423561714"/>
		<time hwnum="0" swnum="0" t="7"/>
		<time hwnum="1" swnum="0" t="5"/>
		<time hwnum="2" swnum="0" t="5"/>
		<time hwnum="3" swnum="0" t="2"/>
		<time hwnum="4" swnum="0" t="4"/>
		<time hwnum="0" swnum="1" t="7"/>
		<time hwnum="1" swnum="1" t="2"/>
		<time hwnum="2" swnum="1" t="9"/>
		<time hwnum="3" swnum="1" t="1"/>
		<time hwnum="4" swnum="1" t="1"/>
		<time hwnum="0" swnum="2" t="9"/>
		<time hwnum="1" swnum="2" t="10"/>
		<time hwnum="2" swnum="2" t="6"/>
		<time hwnum="3" swnum="2" t="6"/>
		<time hwnum="4" swnum="2" t="4"/>
		<time hwnum="0" swnum="3" t="8"/>
		<time hwnum="1" swnum="3" t="2"/>
		<time hwnum="2" swnum="3" t="1"/>
		<time hwnum="3" swnum="3" t="5"/>
		<time hwnum="4" swnum="3" t="7"/>
		<time hwnum="0" swnum="4" t="1"/>
		<time hwnum="1" swnum="4" t="3"/>
		<time hwnum="2" swnum="4" t="4"/>
		<time hwnum="3" swnum="4" t="7"/>
		<time hwnum="4" swnum="4" t="5"/>
	</module>
	<module limittime="463" num="7" qall="0.99" qd="0.99" qrv="0.99" trecov="3" ttest="2" tvote="1">
		<tool name="none"/>
		<tool name="nvp01"/>
		<tool name="nvp11"/>
		<tool name="rb11"/>
		<sw cost="26" num="0" rel="0.893247973807"/>
		<sw cost="28" num="1" rel="0.957136969964"/>
		<sw cost="21" num="2" rel="0.967842419796"/>
		<sw cost="31" num="3" rel="0.929033506537"/>
		<sw cost="18" num="4" rel="0.856925011956"/>
		<hw cost="31" num="0" rel="0.890146091052"/>
		<hw cost="21" num="1" rel="0.88890046996"/>
		<hw cost="5" num="2" rel="0.858342573329"/>
		<hw cost="5" num="3" rel="0.945279993965"/>
		<hw cost="33" num="4" rel="0.888447370658"/>
		<time hwnum="0" swnum="0" t="6"/>
		<time hwnum="1" swnum="0" t="1"/>
		<time hwnum="2" swnum="0" t="9"/>
		<time hwnum="3" swnum="0" t="2"/>
		<time hwnum="4" swnum="0" t="5"/>
		<time hwnum="0" swnum="1" t="5"/>
		<time hwnum="1" swnum="1" t="6"/>
		<time hwnum="2" swnum="1" t="5"/>
		<time hwnum="3" swnum="1" t="9"/>
		<time hwnum="4" swnum="1" t="5"/>
		<time hwnum="0" swnum="2" t="2"/>
		<time hwnum="1" swnum="2" t="1"/>
		<time hwnum="2" swnum="2" t="2"/>
		<time hwnum="3" swnum="2" t="6"/>
		<time hwnum="4" swnum="2" t="1"/>
		<time hwnum="0" swnum="3" t="4"/>
		<time hwnum="1" swnum="3" t="10"/>
		<time hwnum="2" swnum="3" t="2"/>
		<time hwnum="3" swnum="3" t="9"/>
		<time hwnum="4" swnum="3" t="8"/>
		<time hwnum="0" swnum="4" t="3"/>
		<time hwnum="1" swnum="4" t="4"/>
		<time hwnum="2" swnum="4" t="9"/>
		<time hwnum="3" swnum="4" t="4"/>
		<time hwnum="4" swnum="4" t="7"/>
	</module>
	<link dst="1" src="0" vol="21"/>
	<link dst="2" src="0" vol="24"/>
	<link dst="5" src="0" vol="26"/>
	<link dst="3" src="1" vol="10"/>
	<link dst="3" src="2" vol="14"/>
	<link dst="4" src="2" vol="15"/>
	<link dst="6" src="2" vol="24"/>
	<link dst="7" src="2" vol="20"/>
	<link dst="4" src="3" vol="25"/>
	<link dst="5" src="3" vol="23"/>
	<link dst="7" src="4" vol="22"/>
	<link dst="7" src="5" vol="27"/>
	<link dst="7" src="6" vol="15"/>
</system>
