<?xml version="1.0" ?>
<system limitcost="677">
	<module limittime="122" num="0" qall="0.99" qd="0.99" qrv="0.99" trecov="3" ttest="2" tvote="1">
		<tool name="none"/>
		<tool name="nvp01"/>
		<tool name="nvp11"/>
		<tool name="rb11"/>
		<sw cost="35" num="0" rel="0.929230932288"/>
		<sw cost="14" num="1" rel="0.875731366026"/>
		<sw cost="5" num="2" rel="0.980157470839"/>
		<sw cost="8" num="3" rel="0.858683193089"/>
		<sw cost="33" num="4" rel="0.986409677889"/>
		<hw cost="5" num="0" rel="0.916259383021"/>
		<hw cost="35" num="1" rel="0.924645815261"/>
		<hw cost="14" num="2" rel="0.962423635468"/>
		<hw cost="21" num="3" rel="0.873147400291"/>
		<hw cost="29" num="4" rel="0.881938590617"/>
		<time hwnum="0" swnum="0" t="6"/>
		<time hwnum="1" swnum="0" t="30"/>
		<time hwnum="2" swnum="0" t="5"/>
		<time hwnum="3" swnum="0" t="16"/>
		<time hwnum="4" swnum="0" t="9"/>
		<time hwnum="0" swnum="1" t="10"/>
		<time hwnum="1" swnum="1" t="13"/>
		<time hwnum="2" swnum="1" t="5"/>
		<time hwnum="3" swnum="1" t="26"/>
		<time hwnum="4" swnum="1" t="13"/>
		<time hwnum="0" swnum="2" t="18"/>
		<time hwnum="1" swnum="2" t="8"/>
		<time hwnum="2" swnum="2" t="23"/>
		<time hwnum="3" swnum="2" t="9"/>
		<time hwnum="4" swnum="2" t="23"/>
		<time hwnum="0" swnum="3" t="5"/>
		<time hwnum="1" swnum="3" t="6"/>
		<time hwnum="2" swnum="3" t="7"/>
		<time hwnum="3" swnum="3" t="25"/>
		<time hwnum="4" swnum="3" t="24"/>
		<time hwnum="0" swnum="4" t="7"/>
		<time hwnum="1" swnum="4" t="11"/>
		<time hwnum="2" swnum="4" t="27"/>
		<time hwnum="3" swnum="4" t="2"/>
		<time hwnum="4" swnum="4" t="24"/>
	</module>
	<module limittime="259" num="1" qall="0.99" qd="0.99" qrv="0.99" trecov="3" ttest="2" tvote="1">
		<tool name="none"/>
		<tool name="nvp01"/>
		<tool name="nvp11"/>
		<tool name="rb11"/>
		<sw cost="8" num="0" rel="0.954067522711"/>
		<sw cost="27" num="1" rel="0.976951704536"/>
		<sw cost="13" num="2" rel="0.978062036889"/>
		<sw cost="16" num="3" rel="0.898543164463"/>
		<sw cost="25" num="4" rel="0.949891078055"/>
		<hw cost="16" num="0" rel="0.982554498479"/>
		<hw cost="14" num="1" rel="0.960442192729"/>
		<hw cost="34" num="2" rel="0.890491312748"/>
		<hw cost="8" num="3" rel="0.852592555748"/>
		<hw cost="26" num="4" rel="0.945399016037"/>
		<time hwnum="0" swnum="0" t="14"/>
		<time hwnum="1" swnum="0" t="21"/>
		<time hwnum="2" swnum="0" t="24"/>
		<time hwnum="3" swnum="0" t="16"/>
		<time hwnum="4" swnum="0" t="6"/>
		<time hwnum="0" swnum="1" t="12"/>
		<time hwnum="1" swnum="1" t="24"/>
		<time hwnum="2" swnum="1" t="22"/>
		<time hwnum="3" swnum="1" t="16"/>
		<time hwnum="4" swnum="1" t="3"/>
		<time hwnum="0" swnum="2" t="5"/>
		<time hwnum="1" swnum="2" t="11"/>
		<time hwnum="2" swnum="2" t="12"/>
		<time hwnum="3" swnum="2" t="29"/>
		<time hwnum="4" swnum="2" t="28"/>
		<time hwnum="0" swnum="3" t="9"/>
		<time hwnum="1" swnum="3" t="26"/>
		<time hwnum="2" swnum="3" t="7"/>
		<time hwnum="3" swnum="3" t="27"/>
		<time hwnum="4" swnum="3" t="9"/>
		<time hwnum="0" swnum="4" t="15"/>
		<time hwnum="1" swnum="4" t="4"/>
		<time hwnum="2" swnum="4" t="10"/>
		<time hwnum="3" swnum="4" t="21"/>
		<time hwnum="4" swnum="4" t="20"/>
	</module>
	<module limittime="334" num="2" qall="0.99" qd="0.99" qrv="0.99" trecov="3" ttest="2" tvote="1">
		<tool name="none"/>
		<tool name="nvp01"/>
		<tool name="nvp11"/>
		<tool name="rb11"/>
		<sw cost="11" num="0" rel="0.884751347539"/>
		<sw cost="5" num="1" rel="0.891897328013"/>
		<sw cost="13" num="2" rel="0.912298038745"/>
		<sw cost="28" num="3" rel="0.869324764117"/>
		<sw cost="30" num="4" rel="0.974794729315"/>
		<hw cost="14" num="0" rel="0.932781547859"/>
		<hw cost="10" num="1" rel="0.932128605248"/>
		<hw cost="33" num="2" rel="0.908997468269"/>
		<hw cost="27" num="3" rel="0.873023570917"/>
		<hw cost="25" num="4" rel="0.869998941475"/>
		<time hwnum="0" swnum="0" t="18"/>
		<time hwnum="1" swnum="0" t="12"/>
		<time hwnum="2" swnum="0" t="29"/>
		<time hwnum="3" swnum="0" t="20"/>
		<time hwnum="4" swnum="0" t="27"/>
		<time hwnum="0" swnum="1" t="14"/>
		<time hwnum="1" swnum="1" t="28"/>
		<time hwnum="2" swnum="1" t="8"/>
		<time hwnum="3" swnum="1" t="14"/>
		<time hwnum="4" swnum="1" t="11"/>
		<time hwnum="0" swnum="2" t="29"/>
		<time hwnum="1" swnum="2" t="30"/>
		<time hwnum="2" swnum="2" t="13"/>
		<time hwnum="3" swnum="2" t="23"/>
		<time hwnum="4" swnum="2" t="17"/>
		<time hwnum="0" swnum="3" t="28"/>
		<time hwnum="1" swnum="3" t="22"/>
		<time hwnum="2" swnum="3" t="22"/>
		<time hwnum="3" swnum="3" t="29"/>
		<time hwnum="4" swnum="3" t="30"/>
		<time hwnum="0" swnum="4" t="26"/>
		<time hwnum="1" swnum="4" t="5"/>
		<time hwnum="2" swnum="4" t="13"/>
		<time hwnum="3" swnum="4" t="15"/>
		<time hwnum="4" swnum="4" t="22"/>
	</module>
	<module limittime="426" num="3" qall="0.99" qd="0.99" qrv="0.99" trecov="3" ttest="2" tvote="1">
		<tool name="none"/>
		<tool name="nvp01"/>
		<tool name="nvp11"/>
		<tool name="rb11"/>
		<sw cost="33" num="0" rel="0.875811618812"/>
		<sw cost="24" num="1" rel="0.886312796983"/>
		<sw cost="26" num="2" rel="0.87817049906"/>
		<sw cost="21" num="3" rel="0.987567715238"/>
		<sw cost="5" num="4" rel="0.855781424081"/>
		<hw cost="30" num="0" rel="0.914194237684"/>
		<hw cost="11" num="1" rel="0.878173207241"/>
		<hw cost="30" num="2" rel="0.856553229124"/>
		<hw cost="5" num="3" rel="0.901294704633"/>
		<hw cost="29" num="4" rel="0.976757551382"/>
		<time hwnum="0" swnum="0" t="14"/>
		<time hwnum="1" swnum="0" t="20"/>
		<time hwnum="2" swnum="0" t="20"/>
		<time hwnum="3" swnum="0" t="5"/>
		<time hwnum="4" swnum="0" t="16"/>
		<time hwnum="0" swnum="1" t="30"/>
		<time hwnum="1" swnum="1" t="5"/>
		<time hwnum="2" swnum="1" t="26"/>
		<time hwnum="3" swnum="1" t="14"/>
		<time hwnum="4" swnum="1" t="29"/>
		<time hwnum="0" swnum="2" t="3"/>
		<time hwnum="1" swnum="2" t="5"/>
		<time hwnum="2" swnum="2" t="2"/>
		<time hwnum="3" swnum="2" t="2"/>
		<time hwnum="4" swnum="2" t="30"/>
		<time hwnum="0" swnum="3" t="13"/>
		<time hwnum="1" swnum="3" t="28"/>
		<time hwnum="2" swnum="3" t="30"/>
		<time hwnum="3" swnum="3" t="13"/>
		<time hwnum="4" swnum="3" t="22"/>
		<time hwnum="0" swnum="4" t="29"/>
		<time hwnum="1" swnum="4" t="7"/>
		<time hwnum="2" swnum="4" t="8"/>
		<time hwnum="3" swnum="4" t="24"/>
		<time hwnum="4" swnum="4" t="12"/>
	</module>
	<module limittime="498" num="4" qall="0.99" qd="0.99" qrv="0.99" trecov="3" ttest="2" tvote="1">
		<tool name="none"/>
		<tool name="nvp01"/>
		<tool name="nvp11"/>
		<tool name="rb11"/>
		<sw cost="18" num="0" rel="0.903953378326"/>
		<sw cost="27" num="1" rel="0.951122385724"/>
		<sw cost="25" num="2" rel="0.850081155242"/>
		<sw cost="22" num="3" rel="0.898703182491"/>
		<sw cost="31" num="4" rel="0.858790446786"/>
		<hw cost="24" num="0" rel="0.931651185702"/>
		<hw cost="21" num="1" rel="0.957668657888"/>
		<hw cost="19" num="2" rel="0.970993496677"/>
		<hw cost="16" num="3" rel="0.852404462684"/>
		<hw cost="21" num="4" rel="0.867379093183"/>
		<time hwnum="0" swnum="0" t="27"/>
		<time hwnum="1" swnum="0" t="20"/>
		<time hwnum="2" swnum="0" t="2"/>
		<time hwnum="3" swnum="0" t="23"/>
		<time hwnum="4" swnum="0" t="27"/>
		<time hwnum="0" swnum="1" t="27"/>
		<time hwnum="1" swnum="1" t="25"/>
		<time hwnum="2" swnum="1" t="9"/>
		<time hwnum="3" swnum="1" t="19"/>
		<time hwnum="4" swnum="1" t="15"/>
		<time hwnum="0" swnum="2" t="29"/>
		<time hwnum="1" swnum="2" t="6"/>
		<time hwnum="2" swnum="2" t="8"/>
		<time hwnum="3" swnum="2" t="2"/>
		<time hwnum="4" swnum="2" t="19"/>
		<time hwnum="0" swnum="3" t="29"/>
		<time hwnum="1" swnum="3" t="25"/>
		<time hwnum="2" swnum="3" t="22"/>
		<time hwnum="3" swnum="3" t="1"/>
		<time hwnum="4" swnum="3" t="14"/>
		<time hwnum="0" swnum="4" t="12"/>
		<time hwnum="1" swnum="4" t="17"/>
		<time hwnum="2" swnum="4" t="8"/>
		<time hwnum="3" swnum="4" t="13"/>
		<time hwnum="4" swnum="4" t="3"/>
	</module>
	<module limittime="554" num="5" qall="0.99" qd="0.99" qrv="0.99" trecov="3" ttest="2" tvote="1">
		<tool name="none"/>
		<tool name="nvp01"/>
		<tool name="nvp11"/>
		<tool name="rb11"/>
		<sw cost="24" num="0" rel="0.850531701204"/>
		<sw cost="17" num="1" rel="0.988975527692"/>
		<sw cost="13" num="2" rel="0.944546939839"/>
		<sw cost="21" num="3" rel="0.945156499695"/>
		<sw cost="14" num="4" rel="0.872085016824"/>
		<hw cost="11" num="0" rel="0.857154280488"/>
		<hw cost="23" num="1" rel="0.932249254392"/>
		<hw cost="10" num="2" rel="0.898311194657"/>
		<hw cost="31" num="3" rel="0.904371154415"/>
		<hw cost="28" num="4" rel="0.924337486097"/>
		<time hwnum="0" swnum="0" t="17"/>
		<time hwnum="1" swnum="0" t="23"/>
		<time hwnum="2" swnum="0" t="7"/>
		<time hwnum="3" swnum="0" t="21"/>
		<time hwnum="4" swnum="0" t="5"/>
		<time hwnum="0" swnum="1" t="13"/>
		<time hwnum="1" swnum="1" t="30"/>
		<time hwnum="2" swnum="1" t="20"/>
		<time hwnum="3" swnum="1" t="20"/>
		<time hwnum="4" swnum="1" t="9"/>
		<time hwnum="0" swnum="2" t="23"/>
		<time hwnum="1" swnum="2" t="12"/>
		<time hwnum="2" swnum="2" t="25"/>
		<time hwnum="3" swnum="2" t="11"/>
		<time hwnum="4" swnum="2" t="1"/>
		<time hwnum="0" swnum="3" t="28"/>
		<time hwnum="1" swnum="3" t="7"/>
		<time hwnum="2" swnum="3" t="6"/>
		<time hwnum="3" swnum="3" t="15"/>
		<time hwnum="4" swnum="3" t="17"/>
		<time hwnum="0" swnum="4" t="24"/>
		<time hwnum="1" swnum="4" t="7"/>
		<time hwnum="2" swnum="4" t="10"/>
		<time hwnum="3" swnum="4" t="15"/>
		<time hwnum="4" swnum="4" t="26"/>
	</module>
	<link dst="1" src="0" vol="8"/>
	<link dst="5" src="0" vol="22"/>
	<link dst="2" src="1" vol="7"/>
	<link dst="5" src="1" vol="30"/>
	<link dst="3" src="2" vol="1"/>
	<link dst="4" src="2" vol="3"/>
	<link dst="5" src="2" vol="4"/>
	<link dst="4" src="3" vol="10"/>
	<link dst="5" src="3" vol="6"/>
	<link dst="5" src="4" vol="8"/>
</system>
