<?xml version="1.0" ?>
<system limitcost="849">
	<module limittime="62" num="0" qall="0.99" qd="0.99" qrv="0.99" trecov="3" ttest="2" tvote="1">
		<tool name="none"/>
		<tool name="nvp01"/>
		<tool name="nvp11"/>
		<tool name="rb11"/>
		<sw cost="35" num="0" rel="0.972995984199"/>
		<sw cost="27" num="1" rel="0.922686041559"/>
		<sw cost="26" num="2" rel="0.933361776992"/>
		<sw cost="20" num="3" rel="0.885150587164"/>
		<sw cost="8" num="4" rel="0.874006539865"/>
		<hw cost="22" num="0" rel="0.920750708227"/>
		<hw cost="6" num="1" rel="0.897308856459"/>
		<hw cost="8" num="2" rel="0.966623035033"/>
		<hw cost="12" num="3" rel="0.965430827101"/>
		<hw cost="8" num="4" rel="0.869332716751"/>
		<time hwnum="0" swnum="0" t="1"/>
		<time hwnum="1" swnum="0" t="1"/>
		<time hwnum="2" swnum="0" t="5"/>
		<time hwnum="3" swnum="0" t="7"/>
		<time hwnum="4" swnum="0" t="5"/>
		<time hwnum="0" swnum="1" t="8"/>
		<time hwnum="1" swnum="1" t="5"/>
		<time hwnum="2" swnum="1" t="8"/>
		<time hwnum="3" swnum="1" t="4"/>
		<time hwnum="4" swnum="1" t="8"/>
		<time hwnum="0" swnum="2" t="1"/>
		<time hwnum="1" swnum="2" t="6"/>
		<time hwnum="2" swnum="2" t="9"/>
		<time hwnum="3" swnum="2" t="5"/>
		<time hwnum="4" swnum="2" t="1"/>
		<time hwnum="0" swnum="3" t="3"/>
		<time hwnum="1" swnum="3" t="8"/>
		<time hwnum="2" swnum="3" t="4"/>
		<time hwnum="3" swnum="3" t="2"/>
		<time hwnum="4" swnum="3" t="2"/>
		<time hwnum="0" swnum="4" t="6"/>
		<time hwnum="1" swnum="4" t="8"/>
		<time hwnum="2" swnum="4" t="7"/>
		<time hwnum="3" swnum="4" t="10"/>
		<time hwnum="4" swnum="4" t="8"/>
	</module>
	<module limittime="130" num="1" qall="0.99" qd="0.99" qrv="0.99" trecov="3" ttest="2" tvote="1">
		<tool name="none"/>
		<tool name="nvp01"/>
		<tool name="nvp11"/>
		<tool name="rb11"/>
		<sw cost="10" num="0" rel="0.898809364793"/>
		<sw cost="16" num="1" rel="0.880740293571"/>
		<sw cost="12" num="2" rel="0.964448976444"/>
		<sw cost="24" num="3" rel="0.905188749449"/>
		<sw cost="28" num="4" rel="0.881783657357"/>
		<hw cost="13" num="0" rel="0.955133914425"/>
		<hw cost="8" num="1" rel="0.930104526222"/>
		<hw cost="31" num="2" rel="0.978818571823"/>
		<hw cost="11" num="3" rel="0.97792559395"/>
		<hw cost="30" num="4" rel="0.855280292755"/>
		<time hwnum="0" swnum="0" t="7"/>
		<time hwnum="1" swnum="0" t="5"/>
		<time hwnum="2" swnum="0" t="4"/>
		<time hwnum="3" swnum="0" t="5"/>
		<time hwnum="4" swnum="0" t="6"/>
		<time hwnum="0" swnum="1" t="9"/>
		<time hwnum="1" swnum="1" t="10"/>
		<time hwnum="2" swnum="1" t="4"/>
		<time hwnum="3" swnum="1" t="1"/>
		<time hwnum="4" swnum="1" t="5"/>
		<time hwnum="0" swnum="2" t="9"/>
		<time hwnum="1" swnum="2" t="3"/>
		<time hwnum="2" swnum="2" t="8"/>
		<time hwnum="3" swnum="2" t="5"/>
		<time hwnum="4" swnum="2" t="5"/>
		<time hwnum="0" swnum="3" t="5"/>
		<time hwnum="1" swnum="3" t="2"/>
		<time hwnum="2" swnum="3" t="4"/>
		<time hwnum="3" swnum="3" t="8"/>
		<time hwnum="4" swnum="3" t="7"/>
		<time hwnum="0" swnum="4" t="10"/>
		<time hwnum="1" swnum="4" t="6"/>
		<time hwnum="2" swnum="4" t="10"/>
		<time hwnum="3" swnum="4" t="9"/>
		<time hwnum="4" swnum="4" t="7"/>
	</module>
	<module limittime="175" num="2" qall="0.99" qd="0.99" qrv="0.99" trecov="3" ttest="2" tvote="1">
		<tool name="none"/>
		<tool name="nvp01"/>
		<tool name="nvp11"/>
		<tool name="rb11"/>
		<sw cost="20" num="0" rel="0.918128875802"/>
		<sw cost="8" num="1" rel="0.953192164638"/>
		<sw cost="31" num="2" rel="0.909550085472"/>
		<sw cost="25" num="3" rel="0.940860266837"/>
		<sw cost="6" num="4" rel="0.951933327147"/>
		<hw cost="7" num="0" rel="0.913876488653"/>
		<hw cost="33" num="1" rel="0.958379663862"/>
		<hw cost="22" num="2" rel="0.954684425932"/>
		<hw cost="9" num="3" rel="0.972992652602"/>
		<hw cost="21" num="4" rel="0.970437144229"/>
		<time hwnum="0" swnum="0" t="1"/>
		<time hwnum="1" swnum="0" t="10"/>
		<time hwnum="2" swnum="0" t="1"/>
		<time hwnum="3" swnum="0" t="7"/>
		<time hwnum="4" swnum="0" t="2"/>
		<time hwnum="0" swnum="1" t="1"/>
		<time hwnum="1" swnum="1" t="1"/>
		<time hwnum="2" swnum="1" t="9"/>
		<time hwnum="3" swnum="1" t="9"/>
		<time hwnum="4" swnum="1" t="1"/>
		<time hwnum="0" swnum="2" t="5"/>
		<time hwnum="1" swnum="2" t="1"/>
		<time hwnum="2" swnum="2" t="10"/>
		<time hwnum="3" swnum="2" t="8"/>
		<time hwnum="4" swnum="2" t="10"/>
		<time hwnum="0" swnum="3" t="10"/>
		<time hwnum="1" swnum="3" t="3"/>
		<time hwnum="2" swnum="3" t="6"/>
		<time hwnum="3" swnum="3" t="6"/>
		<time hwnum="4" swnum="3" t="5"/>
		<time hwnum="0" swnum="4" t="5"/>
		<time hwnum="1" swnum="4" t="1"/>
		<time hwnum="2" swnum="4" t="7"/>
		<time hwnum="3" swnum="4" t="1"/>
		<time hwnum="4" swnum="4" t="1"/>
	</module>
	<module limittime="197" num="3" qall="0.99" qd="0.99" qrv="0.99" trecov="3" ttest="2" tvote="1">
		<tool name="none"/>
		<tool name="nvp01"/>
		<tool name="nvp11"/>
		<tool name="rb11"/>
		<sw cost="6" num="0" rel="0.978596400746"/>
		<sw cost="5" num="1" rel="0.920419418042"/>
		<sw cost="30" num="2" rel="0.870895037038"/>
		<sw cost="23" num="3" rel="0.926007311183"/>
		<sw cost="16" num="4" rel="0.878336743712"/>
		<hw cost="6" num="0" rel="0.8787903361"/>
		<hw cost="19" num="1" rel="0.90707542084"/>
		<hw cost="10" num="2" rel="0.886663216455"/>
		<hw cost="29" num="3" rel="0.899569224209"/>
		<hw cost="17" num="4" rel="0.857512932411"/>
		<time hwnum="0" swnum="0" t="9"/>
		<time hwnum="1" swnum="0" t="6"/>
		<time hwnum="2" swnum="0" t="1"/>
		<time hwnum="3" swnum="0" t="8"/>
		<time hwnum="4" swnum="0" t="7"/>
		<time hwnum="0" swnum="1" t="5"/>
		<time hwnum="1" swnum="1" t="7"/>
		<time hwnum="2" swnum="1" t="1"/>
		<time hwnum="3" swnum="1" t="10"/>
		<time hwnum="4" swnum="1" t="9"/>
		<time hwnum="0" swnum="2" t="7"/>
		<time hwnum="1" swnum="2" t="2"/>
		<time hwnum="2" swnum="2" t="1"/>
		<time hwnum="3" swnum="2" t="10"/>
		<time hwnum="4" swnum="2" t="4"/>
		<time hwnum="0" swnum="3" t="10"/>
		<time hwnum="1" swnum="3" t="9"/>
		<time hwnum="2" swnum="3" t="1"/>
		<time hwnum="3" swnum="3" t="8"/>
		<time hwnum="4" swnum="3" t="2"/>
		<time hwnum="0" swnum="4" t="1"/>
		<time hwnum="1" swnum="4" t="9"/>
		<time hwnum="2" swnum="4" t="1"/>
		<time hwnum="3" swnum="4" t="5"/>
		<time hwnum="4" swnum="4" t="6"/>
	</module>
	<module limittime="233" num="4" qall="0.99" qd="0.99" qrv="0.99" trecov="3" ttest="2" tvote="1">
		<tool name="none"/>
		<tool name="nvp01"/>
		<tool name="nvp11"/>
		<tool name="rb11"/>
		<sw cost="9" num="0" rel="0.929659015895"/>
		<sw cost="26" num="1" rel="0.949247593468"/>
		<sw cost="24" num="2" rel="0.98572086678"/>
		<sw cost="7" num="3" rel="0.912165526508"/>
		<sw cost="20" num="4" rel="0.936772471828"/>
		<hw cost="26" num="0" rel="0.943113801437"/>
		<hw cost="26" num="1" rel="0.914261911203"/>
		<hw cost="33" num="2" rel="0.897098080809"/>
		<hw cost="34" num="3" rel="0.894975827528"/>
		<hw cost="15" num="4" rel="0.900111875015"/>
		<time hwnum="0" swnum="0" t="5"/>
		<time hwnum="1" swnum="0" t="8"/>
		<time hwnum="2" swnum="0" t="6"/>
		<time hwnum="3" swnum="0" t="9"/>
		<time hwnum="4" swnum="0" t="5"/>
		<time hwnum="0" swnum="1" t="10"/>
		<time hwnum="1" swnum="1" t="2"/>
		<time hwnum="2" swnum="1" t="5"/>
		<time hwnum="3" swnum="1" t="10"/>
		<time hwnum="4" swnum="1" t="5"/>
		<time hwnum="0" swnum="2" t="8"/>
		<time hwnum="1" swnum="2" t="10"/>
		<time hwnum="2" swnum="2" t="5"/>
		<time hwnum="3" swnum="2" t="3"/>
		<time hwnum="4" swnum="2" t="3"/>
		<time hwnum="0" swnum="3" t="4"/>
		<time hwnum="1" swnum="3" t="7"/>
		<time hwnum="2" swnum="3" t="3"/>
		<time hwnum="3" swnum="3" t="8"/>
		<time hwnum="4" swnum="3" t="4"/>
		<time hwnum="0" swnum="4" t="5"/>
		<time hwnum="1" swnum="4" t="8"/>
		<time hwnum="2" swnum="4" t="2"/>
		<time hwnum="3" swnum="4" t="9"/>
		<time hwnum="4" swnum="4" t="7"/>
	</module>
	<module limittime="221" num="5" qall="0.99" qd="0.99" qrv="0.99" trecov="3" ttest="2" tvote="1">
		<tool name="none"/>
		<tool name="nvp01"/>
		<tool name="nvp11"/>
		<tool name="rb11"/>
		<sw cost="12" num="0" rel="0.931979854832"/>
		<sw cost="21" num="1" rel="0.912443354611"/>
		<sw cost="15" num="2" rel="0.958265926812"/>
		<sw cost="30" num="3" rel="0.90131368183"/>
		<sw cost="16" num="4" rel="0.963219217744"/>
		<hw cost="10" num="0" rel="0.894718707777"/>
		<hw cost="18" num="1" rel="0.896036158708"/>
		<hw cost="31" num="2" rel="0.868446166258"/>
		<hw cost="23" num="3" rel="0.976465965965"/>
		<hw cost="20" num="4" rel="0.967697416274"/>
		<time hwnum="0" swnum="0" t="2"/>
		<time hwnum="1" swnum="0" t="5"/>
		<time hwnum="2" swnum="0" t="5"/>
		<time hwnum="3" swnum="0" t="5"/>
		<time hwnum="4" swnum="0" t="4"/>
		<time hwnum="0" swnum="1" t="8"/>
		<time hwnum="1" swnum="1" t="6"/>
		<time hwnum="2" swnum="1" t="7"/>
		<time hwnum="3" swnum="1" t="2"/>
		<time hwnum="4" swnum="1" t="3"/>
		<time hwnum="0" swnum="2" t="10"/>
		<time hwnum="1" swnum="2" t="2"/>
		<time hwnum="2" swnum="2" t="6"/>
		<time hwnum="3" swnum="2" t="3"/>
		<time hwnum="4" swnum="2" t="2"/>
		<time hwnum="0" swnum="3" t="2"/>
		<time hwnum="1" swnum="3" t="3"/>
		<time hwnum="2" swnum="3" t="1"/>
		<time hwnum="3" swnum="3" t="6"/>
		<time hwnum="4" swnum="3" t="3"/>
		<time hwnum="0" swnum="4" t="10"/>
		<time hwnum="1" swnum="4" t="5"/>
		<time hwnum="2" swnum="4" t="2"/>
		<time hwnum="3" swnum="4" t="9"/>
		<time hwnum="4" swnum="4" t="9"/>
	</module>
	<module limittime="244" num="6" qall="0.99" qd="0.99" qrv="0.99" trecov="3" ttest="2" tvote="1">
		<tool name="none"/>
		<tool name="nvp01"/>
		<tool name="nvp11"/>
		<tool name="rb11"/>
		<sw cost="27" num="0" rel="0.906860884217"/>
		<sw cost="26" num="1" rel="0.911910462724"/>
		<sw cost="16" num="2" rel="0.977171643437"/>
		<sw cost="28" num="3" rel="0.945208026717"/>
		<sw cost="28" num="4" rel="0.945142472659"/>
		<hw cost="17" num="0" rel="0.961935907721"/>
		<hw cost="17" num="1" rel="0.873625230237"/>
		<hw cost="8" num="2" rel="0.850943483865"/>
		<hw cost="26" num="3" rel="0.861756453816"/>
		<hw cost="10" num="4" rel="0.975565417202"/>
		<time hwnum="0" swnum="0" t="4"/>
		<time hwnum="1" swnum="0" t="10"/>
		<time hwnum="2" swnum="0" t="7"/>
		<time hwnum="3" swnum="0" t="10"/>
		<time hwnum="4" swnum="0" t="1"/>
		<time hwnum="0" swnum="1" t="8"/>
		<time hwnum="1" swnum="1" t="4"/>
		<time hwnum="2" swnum="1" t="7"/>
		<time hwnum="3" swnum="1" t="5"/>
		<time hwnum="4" swnum="1" t="5"/>
		<time hwnum="0" swnum="2" t="9"/>
		<time hwnum="1" swnum="2" t="8"/>
		<time hwnum="2" swnum="2" t="1"/>
		<time hwnum="3" swnum="2" t="2"/>
		<time hwnum="4" swnum="2" t="8"/>
		<time hwnum="0" swnum="3" t="10"/>
		<time hwnum="1" swnum="3" t="10"/>
		<time hwnum="2" swnum="3" t="8"/>
		<time hwnum="3" swnum="3" t="8"/>
		<time hwnum="4" swnum="3" t="3"/>
		<time hwnum="0" swnum="4" t="1"/>
		<time hwnum="1" swnum="4" t="5"/>
		<time hwnum="2" swnum="4" t="7"/>
		<time hwnum="3" swnum="4" t="1"/>
		<time hwnum="4" swnum="4" t="8"/>
	</module>
	<module limittime="264" num="7" qall="0.99" qd="0.99" qrv="0.99" trecov="3" ttest="2" tvote="1">
		<tool name="none"/>
		<tool name="nvp01"/>
		<tool name="nvp11"/>
		<tool name="rb11"/>
		<sw cost="20" num="0" rel="0.957427775824"/>
		<sw cost="17" num="1" rel="0.979254226851"/>
		<sw cost="5" num="2" rel="0.875429299073"/>
		<sw cost="8" num="3" rel="0.962729339493"/>
		<sw cost="13" num="4" rel="0.898659635952"/>
		<hw cost="24" num="0" rel="0.966864356043"/>
		<hw cost="18" num="1" rel="0.965594094822"/>
		<hw cost="16" num="2" rel="0.945654059432"/>
		<hw cost="12" num="3" rel="0.894617747176"/>
		<hw cost="32" num="4" rel="0.885418345438"/>
		<time hwnum="0" swnum="0" t="5"/>
		<time hwnum="1" swnum="0" t="1"/>
		<time hwnum="2" swnum="0" t="2"/>
		<time hwnum="3" swnum="0" t="5"/>
		<time hwnum="4" swnum="0" t="10"/>
		<time hwnum="0" swnum="1" t="3"/>
		<time hwnum="1" swnum="1" t="10"/>
		<time hwnum="2" swnum="1" t="4"/>
		<time hwnum="3" swnum="1" t="10"/>
		<time hwnum="4" swnum="1" t="5"/>
		<time hwnum="0" swnum="2" t="6"/>
		<time hwnum="1" swnum="2" t="9"/>
		<time hwnum="2" swnum="2" t="8"/>
		<time hwnum="3" swnum="2" t="7"/>
		<time hwnum="4" swnum="2" t="10"/>
		<time hwnum="0" swnum="3" t="8"/>
		<time hwnum="1" swnum="3" t="8"/>
		<time hwnum="2" swnum="3" t="4"/>
		<time hwnum="3" swnum="3" t="8"/>
		<time hwnum="4" swnum="3" t="10"/>
		<time hwnum="0" swnum="4" t="1"/>
		<time hwnum="1" swnum="4" t="2"/>
		<time hwnum="2" swnum="4" t="7"/>
		<time hwnum="3" swnum="4" t="10"/>
		<time hwnum="4" swnum="4" t="9"/>
	</module>
	<link dst="1" src="0" vol="1"/>
	<link dst="3" src="0" vol="7"/>
	<link dst="6" src="0" vol="5"/>
	<link dst="7" src="0" vol="6"/>
	<link dst="2" src="1" vol="6"/>
	<link dst="3" src="1" vol="1"/>
	<link dst="4" src="1" vol="7"/>
	<link dst="6" src="1" vol="6"/>
	<link dst="7" src="1" vol="2"/>
	<link dst="3" src="2" vol="1"/>
	<link dst="4" src="2" vol="8"/>
	<link dst="5" src="2" vol="2"/>
	<link dst="4" src="3" vol="1"/>
	<link dst="7" src="4" vol="7"/>
	<link dst="6" src="5" vol="8"/>
	<link dst="7" src="5" vol="4"/>
	<link dst="7" src="6" vol="1"/>
</system>
