<?xml version="1.0" ?>
<system limitcost="[]">
	<module num="0" qall="0.99" qd="0.99" qrv="0.99" trecov="3" ttest="2" tvote="1">
		<tool name="none"/>
		<tool name="nvp01"/>
		<tool name="nvp11"/>
		<tool name="rb11"/>
		<sw cost="30" num="0" rel="0.96820303337"/>
		<sw cost="10" num="1" rel="0.946759989149"/>
		<sw cost="22" num="2" rel="0.893293567692"/>
		<sw cost="17" num="3" rel="0.987966993943"/>
		<sw cost="10" num="4" rel="0.989919604752"/>
		<hw cost="26" num="0" rel="0.938388504865"/>
		<hw cost="14" num="1" rel="0.946932594774"/>
		<hw cost="14" num="2" rel="0.918776216138"/>
		<hw cost="19" num="3" rel="0.859023703094"/>
		<hw cost="18" num="4" rel="0.866998079241"/>
		<time hwnum="0" swnum="0" t="10"/>
		<time hwnum="1" swnum="0" t="8"/>
		<time hwnum="2" swnum="0" t="5"/>
		<time hwnum="3" swnum="0" t="8"/>
		<time hwnum="4" swnum="0" t="2"/>
		<time hwnum="0" swnum="1" t="10"/>
		<time hwnum="1" swnum="1" t="3"/>
		<time hwnum="2" swnum="1" t="6"/>
		<time hwnum="3" swnum="1" t="9"/>
		<time hwnum="4" swnum="1" t="3"/>
		<time hwnum="0" swnum="2" t="4"/>
		<time hwnum="1" swnum="2" t="3"/>
		<time hwnum="2" swnum="2" t="1"/>
		<time hwnum="3" swnum="2" t="4"/>
		<time hwnum="4" swnum="2" t="2"/>
		<time hwnum="0" swnum="3" t="2"/>
		<time hwnum="1" swnum="3" t="10"/>
		<time hwnum="2" swnum="3" t="3"/>
		<time hwnum="3" swnum="3" t="2"/>
		<time hwnum="4" swnum="3" t="3"/>
		<time hwnum="0" swnum="4" t="3"/>
		<time hwnum="1" swnum="4" t="7"/>
		<time hwnum="2" swnum="4" t="8"/>
		<time hwnum="3" swnum="4" t="7"/>
		<time hwnum="4" swnum="4" t="9"/>
	</module>
	<module num="1" qall="0.99" qd="0.99" qrv="0.99" trecov="3" ttest="2" tvote="1">
		<tool name="none"/>
		<tool name="nvp01"/>
		<tool name="nvp11"/>
		<tool name="rb11"/>
		<sw cost="19" num="0" rel="0.915080205027"/>
		<sw cost="16" num="1" rel="0.975198599983"/>
		<sw cost="10" num="2" rel="0.96809345838"/>
		<sw cost="16" num="3" rel="0.900809447248"/>
		<sw cost="20" num="4" rel="0.910081378372"/>
		<hw cost="21" num="0" rel="0.947669793506"/>
		<hw cost="15" num="1" rel="0.890037456993"/>
		<hw cost="11" num="2" rel="0.87021196133"/>
		<hw cost="25" num="3" rel="0.933925604997"/>
		<hw cost="29" num="4" rel="0.874440405935"/>
		<time hwnum="0" swnum="0" t="10"/>
		<time hwnum="1" swnum="0" t="7"/>
		<time hwnum="2" swnum="0" t="7"/>
		<time hwnum="3" swnum="0" t="4"/>
		<time hwnum="4" swnum="0" t="6"/>
		<time hwnum="0" swnum="1" t="10"/>
		<time hwnum="1" swnum="1" t="9"/>
		<time hwnum="2" swnum="1" t="6"/>
		<time hwnum="3" swnum="1" t="10"/>
		<time hwnum="4" swnum="1" t="3"/>
		<time hwnum="0" swnum="2" t="2"/>
		<time hwnum="1" swnum="2" t="7"/>
		<time hwnum="2" swnum="2" t="6"/>
		<time hwnum="3" swnum="2" t="3"/>
		<time hwnum="4" swnum="2" t="8"/>
		<time hwnum="0" swnum="3" t="7"/>
		<time hwnum="1" swnum="3" t="6"/>
		<time hwnum="2" swnum="3" t="7"/>
		<time hwnum="3" swnum="3" t="1"/>
		<time hwnum="4" swnum="3" t="6"/>
		<time hwnum="0" swnum="4" t="6"/>
		<time hwnum="1" swnum="4" t="2"/>
		<time hwnum="2" swnum="4" t="1"/>
		<time hwnum="3" swnum="4" t="8"/>
		<time hwnum="4" swnum="4" t="10"/>
	</module>
	<module num="2" qall="0.99" qd="0.99" qrv="0.99" trecov="3" ttest="2" tvote="1">
		<tool name="none"/>
		<tool name="nvp01"/>
		<tool name="nvp11"/>
		<tool name="rb11"/>
		<sw cost="11" num="0" rel="0.929624608079"/>
		<sw cost="12" num="1" rel="0.879208498601"/>
		<sw cost="19" num="2" rel="0.942009553514"/>
		<sw cost="21" num="3" rel="0.854820954539"/>
		<sw cost="30" num="4" rel="0.93508668132"/>
		<hw cost="28" num="0" rel="0.918977351948"/>
		<hw cost="26" num="1" rel="0.881690933404"/>
		<hw cost="25" num="2" rel="0.906610215227"/>
		<hw cost="27" num="3" rel="0.970334046365"/>
		<hw cost="18" num="4" rel="0.8649676548"/>
		<time hwnum="0" swnum="0" t="10"/>
		<time hwnum="1" swnum="0" t="8"/>
		<time hwnum="2" swnum="0" t="1"/>
		<time hwnum="3" swnum="0" t="5"/>
		<time hwnum="4" swnum="0" t="6"/>
		<time hwnum="0" swnum="1" t="4"/>
		<time hwnum="1" swnum="1" t="1"/>
		<time hwnum="2" swnum="1" t="1"/>
		<time hwnum="3" swnum="1" t="1"/>
		<time hwnum="4" swnum="1" t="1"/>
		<time hwnum="0" swnum="2" t="5"/>
		<time hwnum="1" swnum="2" t="8"/>
		<time hwnum="2" swnum="2" t="5"/>
		<time hwnum="3" swnum="2" t="6"/>
		<time hwnum="4" swnum="2" t="6"/>
		<time hwnum="0" swnum="3" t="8"/>
		<time hwnum="1" swnum="3" t="6"/>
		<time hwnum="2" swnum="3" t="1"/>
		<time hwnum="3" swnum="3" t="10"/>
		<time hwnum="4" swnum="3" t="1"/>
		<time hwnum="0" swnum="4" t="10"/>
		<time hwnum="1" swnum="4" t="7"/>
		<time hwnum="2" swnum="4" t="6"/>
		<time hwnum="3" swnum="4" t="9"/>
		<time hwnum="4" swnum="4" t="10"/>
	</module>
	<module num="3" qall="0.99" qd="0.99" qrv="0.99" trecov="3" ttest="2" tvote="1">
		<tool name="none"/>
		<tool name="nvp01"/>
		<tool name="nvp11"/>
		<tool name="rb11"/>
		<sw cost="18" num="0" rel="0.885033679699"/>
		<sw cost="14" num="1" rel="0.959478741891"/>
		<sw cost="29" num="2" rel="0.914127426507"/>
		<sw cost="12" num="3" rel="0.911161359763"/>
		<sw cost="23" num="4" rel="0.865335906593"/>
		<hw cost="24" num="0" rel="0.970074846323"/>
		<hw cost="12" num="1" rel="0.892363474223"/>
		<hw cost="14" num="2" rel="0.871227808041"/>
		<hw cost="27" num="3" rel="0.981736854113"/>
		<hw cost="17" num="4" rel="0.970918367555"/>
		<time hwnum="0" swnum="0" t="3"/>
		<time hwnum="1" swnum="0" t="2"/>
		<time hwnum="2" swnum="0" t="9"/>
		<time hwnum="3" swnum="0" t="8"/>
		<time hwnum="4" swnum="0" t="4"/>
		<time hwnum="0" swnum="1" t="3"/>
		<time hwnum="1" swnum="1" t="2"/>
		<time hwnum="2" swnum="1" t="4"/>
		<time hwnum="3" swnum="1" t="1"/>
		<time hwnum="4" swnum="1" t="9"/>
		<time hwnum="0" swnum="2" t="7"/>
		<time hwnum="1" swnum="2" t="6"/>
		<time hwnum="2" swnum="2" t="8"/>
		<time hwnum="3" swnum="2" t="9"/>
		<time hwnum="4" swnum="2" t="10"/>
		<time hwnum="0" swnum="3" t="8"/>
		<time hwnum="1" swnum="3" t="7"/>
		<time hwnum="2" swnum="3" t="1"/>
		<time hwnum="3" swnum="3" t="9"/>
		<time hwnum="4" swnum="3" t="9"/>
		<time hwnum="0" swnum="4" t="8"/>
		<time hwnum="1" swnum="4" t="6"/>
		<time hwnum="2" swnum="4" t="2"/>
		<time hwnum="3" swnum="4" t="6"/>
		<time hwnum="4" swnum="4" t="4"/>
	</module>
	<module num="4" qall="0.99" qd="0.99" qrv="0.99" trecov="3" ttest="2" tvote="1">
		<tool name="none"/>
		<tool name="nvp01"/>
		<tool name="nvp11"/>
		<tool name="rb11"/>
		<sw cost="16" num="0" rel="0.912246730915"/>
		<sw cost="21" num="1" rel="0.926814524334"/>
		<sw cost="28" num="2" rel="0.876265767761"/>
		<sw cost="13" num="3" rel="0.856196233105"/>
		<sw cost="21" num="4" rel="0.899737761232"/>
		<hw cost="10" num="0" rel="0.859302692171"/>
		<hw cost="29" num="1" rel="0.934445447013"/>
		<hw cost="26" num="2" rel="0.982728770071"/>
		<hw cost="21" num="3" rel="0.924943249556"/>
		<hw cost="10" num="4" rel="0.898625351749"/>
		<time hwnum="0" swnum="0" t="2"/>
		<time hwnum="1" swnum="0" t="7"/>
		<time hwnum="2" swnum="0" t="6"/>
		<time hwnum="3" swnum="0" t="2"/>
		<time hwnum="4" swnum="0" t="10"/>
		<time hwnum="0" swnum="1" t="3"/>
		<time hwnum="1" swnum="1" t="4"/>
		<time hwnum="2" swnum="1" t="5"/>
		<time hwnum="3" swnum="1" t="5"/>
		<time hwnum="4" swnum="1" t="7"/>
		<time hwnum="0" swnum="2" t="1"/>
		<time hwnum="1" swnum="2" t="1"/>
		<time hwnum="2" swnum="2" t="2"/>
		<time hwnum="3" swnum="2" t="2"/>
		<time hwnum="4" swnum="2" t="5"/>
		<time hwnum="0" swnum="3" t="3"/>
		<time hwnum="1" swnum="3" t="1"/>
		<time hwnum="2" swnum="3" t="7"/>
		<time hwnum="3" swnum="3" t="1"/>
		<time hwnum="4" swnum="3" t="7"/>
		<time hwnum="0" swnum="4" t="8"/>
		<time hwnum="1" swnum="4" t="8"/>
		<time hwnum="2" swnum="4" t="4"/>
		<time hwnum="3" swnum="4" t="3"/>
		<time hwnum="4" swnum="4" t="8"/>
	</module>
	<module num="5" qall="0.99" qd="0.99" qrv="0.99" trecov="3" ttest="2" tvote="1">
		<tool name="none"/>
		<tool name="nvp01"/>
		<tool name="nvp11"/>
		<tool name="rb11"/>
		<sw cost="26" num="0" rel="0.892953314617"/>
		<sw cost="30" num="1" rel="0.863624188166"/>
		<sw cost="25" num="2" rel="0.857677600975"/>
		<sw cost="12" num="3" rel="0.899781615124"/>
		<sw cost="22" num="4" rel="0.932760403978"/>
		<hw cost="12" num="0" rel="0.909980091196"/>
		<hw cost="13" num="1" rel="0.856184396478"/>
		<hw cost="30" num="2" rel="0.914433714634"/>
		<hw cost="22" num="3" rel="0.90242916302"/>
		<hw cost="12" num="4" rel="0.861817342404"/>
		<time hwnum="0" swnum="0" t="4"/>
		<time hwnum="1" swnum="0" t="5"/>
		<time hwnum="2" swnum="0" t="2"/>
		<time hwnum="3" swnum="0" t="8"/>
		<time hwnum="4" swnum="0" t="3"/>
		<time hwnum="0" swnum="1" t="5"/>
		<time hwnum="1" swnum="1" t="3"/>
		<time hwnum="2" swnum="1" t="9"/>
		<time hwnum="3" swnum="1" t="6"/>
		<time hwnum="4" swnum="1" t="5"/>
		<time hwnum="0" swnum="2" t="9"/>
		<time hwnum="1" swnum="2" t="5"/>
		<time hwnum="2" swnum="2" t="7"/>
		<time hwnum="3" swnum="2" t="6"/>
		<time hwnum="4" swnum="2" t="2"/>
		<time hwnum="0" swnum="3" t="6"/>
		<time hwnum="1" swnum="3" t="7"/>
		<time hwnum="2" swnum="3" t="6"/>
		<time hwnum="3" swnum="3" t="8"/>
		<time hwnum="4" swnum="3" t="9"/>
		<time hwnum="0" swnum="4" t="3"/>
		<time hwnum="1" swnum="4" t="5"/>
		<time hwnum="2" swnum="4" t="8"/>
		<time hwnum="3" swnum="4" t="7"/>
		<time hwnum="4" swnum="4" t="9"/>
	</module>
	<module num="6" qall="0.99" qd="0.99" qrv="0.99" trecov="3" ttest="2" tvote="1">
		<tool name="none"/>
		<tool name="nvp01"/>
		<tool name="nvp11"/>
		<tool name="rb11"/>
		<sw cost="22" num="0" rel="0.963995939229"/>
		<sw cost="13" num="1" rel="0.9424579007"/>
		<sw cost="13" num="2" rel="0.892492110001"/>
		<sw cost="13" num="3" rel="0.983556014203"/>
		<sw cost="16" num="4" rel="0.918239459464"/>
		<hw cost="25" num="0" rel="0.956017376699"/>
		<hw cost="30" num="1" rel="0.879626714955"/>
		<hw cost="15" num="2" rel="0.909996657853"/>
		<hw cost="21" num="3" rel="0.86097513968"/>
		<hw cost="17" num="4" rel="0.88714606042"/>
		<time hwnum="0" swnum="0" t="7"/>
		<time hwnum="1" swnum="0" t="7"/>
		<time hwnum="2" swnum="0" t="1"/>
		<time hwnum="3" swnum="0" t="4"/>
		<time hwnum="4" swnum="0" t="1"/>
		<time hwnum="0" swnum="1" t="1"/>
		<time hwnum="1" swnum="1" t="8"/>
		<time hwnum="2" swnum="1" t="7"/>
		<time hwnum="3" swnum="1" t="10"/>
		<time hwnum="4" swnum="1" t="5"/>
		<time hwnum="0" swnum="2" t="2"/>
		<time hwnum="1" swnum="2" t="7"/>
		<time hwnum="2" swnum="2" t="5"/>
		<time hwnum="3" swnum="2" t="1"/>
		<time hwnum="4" swnum="2" t="8"/>
		<time hwnum="0" swnum="3" t="5"/>
		<time hwnum="1" swnum="3" t="10"/>
		<time hwnum="2" swnum="3" t="3"/>
		<time hwnum="3" swnum="3" t="5"/>
		<time hwnum="4" swnum="3" t="5"/>
		<time hwnum="0" swnum="4" t="7"/>
		<time hwnum="1" swnum="4" t="10"/>
		<time hwnum="2" swnum="4" t="9"/>
		<time hwnum="3" swnum="4" t="2"/>
		<time hwnum="4" swnum="4" t="10"/>
	</module>
	<module num="7" qall="0.99" qd="0.99" qrv="0.99" trecov="3" ttest="2" tvote="1">
		<tool name="none"/>
		<tool name="nvp01"/>
		<tool name="nvp11"/>
		<tool name="rb11"/>
		<sw cost="16" num="0" rel="0.856565164379"/>
		<sw cost="18" num="1" rel="0.910611945866"/>
		<sw cost="17" num="2" rel="0.880147714213"/>
		<sw cost="14" num="3" rel="0.916568990755"/>
		<sw cost="10" num="4" rel="0.989816884106"/>
		<hw cost="29" num="0" rel="0.872500469613"/>
		<hw cost="13" num="1" rel="0.965065121745"/>
		<hw cost="30" num="2" rel="0.919034914733"/>
		<hw cost="20" num="3" rel="0.940894470975"/>
		<hw cost="27" num="4" rel="0.857882658921"/>
		<time hwnum="0" swnum="0" t="1"/>
		<time hwnum="1" swnum="0" t="4"/>
		<time hwnum="2" swnum="0" t="9"/>
		<time hwnum="3" swnum="0" t="4"/>
		<time hwnum="4" swnum="0" t="10"/>
		<time hwnum="0" swnum="1" t="8"/>
		<time hwnum="1" swnum="1" t="5"/>
		<time hwnum="2" swnum="1" t="10"/>
		<time hwnum="3" swnum="1" t="6"/>
		<time hwnum="4" swnum="1" t="9"/>
		<time hwnum="0" swnum="2" t="8"/>
		<time hwnum="1" swnum="2" t="1"/>
		<time hwnum="2" swnum="2" t="2"/>
		<time hwnum="3" swnum="2" t="7"/>
		<time hwnum="4" swnum="2" t="4"/>
		<time hwnum="0" swnum="3" t="1"/>
		<time hwnum="1" swnum="3" t="7"/>
		<time hwnum="2" swnum="3" t="8"/>
		<time hwnum="3" swnum="3" t="3"/>
		<time hwnum="4" swnum="3" t="4"/>
		<time hwnum="0" swnum="4" t="8"/>
		<time hwnum="1" swnum="4" t="10"/>
		<time hwnum="2" swnum="4" t="3"/>
		<time hwnum="3" swnum="4" t="7"/>
		<time hwnum="4" swnum="4" t="2"/>
	</module>
	<link dst="1" src="0" vol="1"/>
	<link dst="6" src="0" vol="10"/>
	<link dst="7" src="0" vol="10"/>
	<link dst="3" src="1" vol="1"/>
	<link dst="4" src="1" vol="1"/>
	<link dst="5" src="1" vol="5"/>
	<link dst="6" src="1" vol="1"/>
	<link dst="5" src="2" vol="1"/>
	<link dst="6" src="2" vol="10"/>
	<link dst="5" src="3" vol="4"/>
	<link dst="6" src="3" vol="7"/>
	<link dst="7" src="3" vol="4"/>
	<link dst="7" src="4" vol="6"/>
	<link dst="7" src="6" vol="5"/>
</system>
