<?xml version="1.0" ?>
<system limitcost="834">
	<module limittime="79" num="0" qall="0.99" qd="0.99" qrv="0.99" trecov="3" ttest="2" tvote="1">
		<tool name="none"/>
		<tool name="nvp01"/>
		<tool name="nvp11"/>
		<tool name="rb11"/>
		<sw cost="10" num="0" rel="0.894477231588"/>
		<sw cost="24" num="1" rel="0.916435344171"/>
		<sw cost="28" num="2" rel="0.897246554376"/>
		<sw cost="14" num="3" rel="0.854058231039"/>
		<sw cost="22" num="4" rel="0.858998531936"/>
		<hw cost="19" num="0" rel="0.930629150378"/>
		<hw cost="22" num="1" rel="0.925019360734"/>
		<hw cost="25" num="2" rel="0.88330157457"/>
		<hw cost="29" num="3" rel="0.964762507074"/>
		<hw cost="22" num="4" rel="0.978397576601"/>
		<time hwnum="0" swnum="0" t="3"/>
		<time hwnum="1" swnum="0" t="9"/>
		<time hwnum="2" swnum="0" t="1"/>
		<time hwnum="3" swnum="0" t="7"/>
		<time hwnum="4" swnum="0" t="1"/>
		<time hwnum="0" swnum="1" t="9"/>
		<time hwnum="1" swnum="1" t="5"/>
		<time hwnum="2" swnum="1" t="5"/>
		<time hwnum="3" swnum="1" t="2"/>
		<time hwnum="4" swnum="1" t="6"/>
		<time hwnum="0" swnum="2" t="2"/>
		<time hwnum="1" swnum="2" t="9"/>
		<time hwnum="2" swnum="2" t="2"/>
		<time hwnum="3" swnum="2" t="6"/>
		<time hwnum="4" swnum="2" t="7"/>
		<time hwnum="0" swnum="3" t="6"/>
		<time hwnum="1" swnum="3" t="3"/>
		<time hwnum="2" swnum="3" t="2"/>
		<time hwnum="3" swnum="3" t="10"/>
		<time hwnum="4" swnum="3" t="2"/>
		<time hwnum="0" swnum="4" t="10"/>
		<time hwnum="1" swnum="4" t="7"/>
		<time hwnum="2" swnum="4" t="10"/>
		<time hwnum="3" swnum="4" t="6"/>
		<time hwnum="4" swnum="4" t="8"/>
	</module>
	<module limittime="131" num="1" qall="0.99" qd="0.99" qrv="0.99" trecov="3" ttest="2" tvote="1">
		<tool name="none"/>
		<tool name="nvp01"/>
		<tool name="nvp11"/>
		<tool name="rb11"/>
		<sw cost="13" num="0" rel="0.915982322146"/>
		<sw cost="19" num="1" rel="0.912675200477"/>
		<sw cost="27" num="2" rel="0.95118640037"/>
		<sw cost="14" num="3" rel="0.875509796304"/>
		<sw cost="17" num="4" rel="0.892205504117"/>
		<hw cost="25" num="0" rel="0.884577314768"/>
		<hw cost="30" num="1" rel="0.894447967482"/>
		<hw cost="10" num="2" rel="0.924282492461"/>
		<hw cost="29" num="3" rel="0.858793055022"/>
		<hw cost="11" num="4" rel="0.885040935813"/>
		<time hwnum="0" swnum="0" t="6"/>
		<time hwnum="1" swnum="0" t="10"/>
		<time hwnum="2" swnum="0" t="9"/>
		<time hwnum="3" swnum="0" t="10"/>
		<time hwnum="4" swnum="0" t="2"/>
		<time hwnum="0" swnum="1" t="3"/>
		<time hwnum="1" swnum="1" t="7"/>
		<time hwnum="2" swnum="1" t="2"/>
		<time hwnum="3" swnum="1" t="7"/>
		<time hwnum="4" swnum="1" t="4"/>
		<time hwnum="0" swnum="2" t="6"/>
		<time hwnum="1" swnum="2" t="2"/>
		<time hwnum="2" swnum="2" t="4"/>
		<time hwnum="3" swnum="2" t="2"/>
		<time hwnum="4" swnum="2" t="4"/>
		<time hwnum="0" swnum="3" t="9"/>
		<time hwnum="1" swnum="3" t="6"/>
		<time hwnum="2" swnum="3" t="10"/>
		<time hwnum="3" swnum="3" t="5"/>
		<time hwnum="4" swnum="3" t="9"/>
		<time hwnum="0" swnum="4" t="5"/>
		<time hwnum="1" swnum="4" t="8"/>
		<time hwnum="2" swnum="4" t="3"/>
		<time hwnum="3" swnum="4" t="7"/>
		<time hwnum="4" swnum="4" t="10"/>
	</module>
	<module limittime="173" num="2" qall="0.99" qd="0.99" qrv="0.99" trecov="3" ttest="2" tvote="1">
		<tool name="none"/>
		<tool name="nvp01"/>
		<tool name="nvp11"/>
		<tool name="rb11"/>
		<sw cost="19" num="0" rel="0.928860782272"/>
		<sw cost="12" num="1" rel="0.885859842486"/>
		<sw cost="23" num="2" rel="0.937315198713"/>
		<sw cost="20" num="3" rel="0.880392065579"/>
		<sw cost="18" num="4" rel="0.918713255755"/>
		<hw cost="13" num="0" rel="0.929572878192"/>
		<hw cost="14" num="1" rel="0.989902314144"/>
		<hw cost="27" num="2" rel="0.887010654128"/>
		<hw cost="20" num="3" rel="0.97601402267"/>
		<hw cost="18" num="4" rel="0.949720610597"/>
		<time hwnum="0" swnum="0" t="10"/>
		<time hwnum="1" swnum="0" t="1"/>
		<time hwnum="2" swnum="0" t="2"/>
		<time hwnum="3" swnum="0" t="4"/>
		<time hwnum="4" swnum="0" t="3"/>
		<time hwnum="0" swnum="1" t="4"/>
		<time hwnum="1" swnum="1" t="8"/>
		<time hwnum="2" swnum="1" t="1"/>
		<time hwnum="3" swnum="1" t="7"/>
		<time hwnum="4" swnum="1" t="5"/>
		<time hwnum="0" swnum="2" t="7"/>
		<time hwnum="1" swnum="2" t="7"/>
		<time hwnum="2" swnum="2" t="10"/>
		<time hwnum="3" swnum="2" t="9"/>
		<time hwnum="4" swnum="2" t="2"/>
		<time hwnum="0" swnum="3" t="8"/>
		<time hwnum="1" swnum="3" t="2"/>
		<time hwnum="2" swnum="3" t="2"/>
		<time hwnum="3" swnum="3" t="2"/>
		<time hwnum="4" swnum="3" t="10"/>
		<time hwnum="0" swnum="4" t="5"/>
		<time hwnum="1" swnum="4" t="6"/>
		<time hwnum="2" swnum="4" t="6"/>
		<time hwnum="3" swnum="4" t="3"/>
		<time hwnum="4" swnum="4" t="5"/>
	</module>
	<module limittime="215" num="3" qall="0.99" qd="0.99" qrv="0.99" trecov="3" ttest="2" tvote="1">
		<tool name="none"/>
		<tool name="nvp01"/>
		<tool name="nvp11"/>
		<tool name="rb11"/>
		<sw cost="18" num="0" rel="0.956028402572"/>
		<sw cost="12" num="1" rel="0.891645559261"/>
		<sw cost="28" num="2" rel="0.883764761256"/>
		<sw cost="28" num="3" rel="0.985022447521"/>
		<sw cost="25" num="4" rel="0.930281123713"/>
		<hw cost="18" num="0" rel="0.853159245565"/>
		<hw cost="22" num="1" rel="0.914854904679"/>
		<hw cost="27" num="2" rel="0.952659221466"/>
		<hw cost="29" num="3" rel="0.93174546942"/>
		<hw cost="21" num="4" rel="0.914838922598"/>
		<time hwnum="0" swnum="0" t="4"/>
		<time hwnum="1" swnum="0" t="6"/>
		<time hwnum="2" swnum="0" t="8"/>
		<time hwnum="3" swnum="0" t="6"/>
		<time hwnum="4" swnum="0" t="3"/>
		<time hwnum="0" swnum="1" t="7"/>
		<time hwnum="1" swnum="1" t="7"/>
		<time hwnum="2" swnum="1" t="5"/>
		<time hwnum="3" swnum="1" t="6"/>
		<time hwnum="4" swnum="1" t="5"/>
		<time hwnum="0" swnum="2" t="10"/>
		<time hwnum="1" swnum="2" t="3"/>
		<time hwnum="2" swnum="2" t="3"/>
		<time hwnum="3" swnum="2" t="8"/>
		<time hwnum="4" swnum="2" t="3"/>
		<time hwnum="0" swnum="3" t="6"/>
		<time hwnum="1" swnum="3" t="7"/>
		<time hwnum="2" swnum="3" t="2"/>
		<time hwnum="3" swnum="3" t="6"/>
		<time hwnum="4" swnum="3" t="2"/>
		<time hwnum="0" swnum="4" t="1"/>
		<time hwnum="1" swnum="4" t="2"/>
		<time hwnum="2" swnum="4" t="9"/>
		<time hwnum="3" swnum="4" t="1"/>
		<time hwnum="4" swnum="4" t="2"/>
	</module>
	<module limittime="248" num="4" qall="0.99" qd="0.99" qrv="0.99" trecov="3" ttest="2" tvote="1">
		<tool name="none"/>
		<tool name="nvp01"/>
		<tool name="nvp11"/>
		<tool name="rb11"/>
		<sw cost="15" num="0" rel="0.862546390394"/>
		<sw cost="30" num="1" rel="0.983507322624"/>
		<sw cost="17" num="2" rel="0.92675406492"/>
		<sw cost="13" num="3" rel="0.98207441253"/>
		<sw cost="25" num="4" rel="0.981136225071"/>
		<hw cost="23" num="0" rel="0.866337784591"/>
		<hw cost="15" num="1" rel="0.929617242026"/>
		<hw cost="11" num="2" rel="0.943539475971"/>
		<hw cost="21" num="3" rel="0.895780654023"/>
		<hw cost="18" num="4" rel="0.892718908121"/>
		<time hwnum="0" swnum="0" t="6"/>
		<time hwnum="1" swnum="0" t="7"/>
		<time hwnum="2" swnum="0" t="5"/>
		<time hwnum="3" swnum="0" t="10"/>
		<time hwnum="4" swnum="0" t="8"/>
		<time hwnum="0" swnum="1" t="1"/>
		<time hwnum="1" swnum="1" t="3"/>
		<time hwnum="2" swnum="1" t="8"/>
		<time hwnum="3" swnum="1" t="7"/>
		<time hwnum="4" swnum="1" t="1"/>
		<time hwnum="0" swnum="2" t="5"/>
		<time hwnum="1" swnum="2" t="5"/>
		<time hwnum="2" swnum="2" t="10"/>
		<time hwnum="3" swnum="2" t="5"/>
		<time hwnum="4" swnum="2" t="1"/>
		<time hwnum="0" swnum="3" t="5"/>
		<time hwnum="1" swnum="3" t="7"/>
		<time hwnum="2" swnum="3" t="9"/>
		<time hwnum="3" swnum="3" t="9"/>
		<time hwnum="4" swnum="3" t="1"/>
		<time hwnum="0" swnum="4" t="2"/>
		<time hwnum="1" swnum="4" t="8"/>
		<time hwnum="2" swnum="4" t="1"/>
		<time hwnum="3" swnum="4" t="4"/>
		<time hwnum="4" swnum="4" t="10"/>
	</module>
	<module limittime="269" num="5" qall="0.99" qd="0.99" qrv="0.99" trecov="3" ttest="2" tvote="1">
		<tool name="none"/>
		<tool name="nvp01"/>
		<tool name="nvp11"/>
		<tool name="rb11"/>
		<sw cost="20" num="0" rel="0.987890513133"/>
		<sw cost="25" num="1" rel="0.857308843431"/>
		<sw cost="16" num="2" rel="0.948044149589"/>
		<sw cost="22" num="3" rel="0.969154274261"/>
		<sw cost="30" num="4" rel="0.96706943909"/>
		<hw cost="15" num="0" rel="0.895127097223"/>
		<hw cost="22" num="1" rel="0.938739606189"/>
		<hw cost="28" num="2" rel="0.906385422287"/>
		<hw cost="28" num="3" rel="0.927981848477"/>
		<hw cost="24" num="4" rel="0.857724006881"/>
		<time hwnum="0" swnum="0" t="3"/>
		<time hwnum="1" swnum="0" t="10"/>
		<time hwnum="2" swnum="0" t="7"/>
		<time hwnum="3" swnum="0" t="2"/>
		<time hwnum="4" swnum="0" t="1"/>
		<time hwnum="0" swnum="1" t="3"/>
		<time hwnum="1" swnum="1" t="4"/>
		<time hwnum="2" swnum="1" t="6"/>
		<time hwnum="3" swnum="1" t="10"/>
		<time hwnum="4" swnum="1" t="8"/>
		<time hwnum="0" swnum="2" t="8"/>
		<time hwnum="1" swnum="2" t="4"/>
		<time hwnum="2" swnum="2" t="6"/>
		<time hwnum="3" swnum="2" t="2"/>
		<time hwnum="4" swnum="2" t="3"/>
		<time hwnum="0" swnum="3" t="10"/>
		<time hwnum="1" swnum="3" t="8"/>
		<time hwnum="2" swnum="3" t="4"/>
		<time hwnum="3" swnum="3" t="3"/>
		<time hwnum="4" swnum="3" t="3"/>
		<time hwnum="0" swnum="4" t="10"/>
		<time hwnum="1" swnum="4" t="7"/>
		<time hwnum="2" swnum="4" t="4"/>
		<time hwnum="3" swnum="4" t="6"/>
		<time hwnum="4" swnum="4" t="3"/>
	</module>
	<module limittime="244" num="6" qall="0.99" qd="0.99" qrv="0.99" trecov="3" ttest="2" tvote="1">
		<tool name="none"/>
		<tool name="nvp01"/>
		<tool name="nvp11"/>
		<tool name="rb11"/>
		<sw cost="29" num="0" rel="0.972676143925"/>
		<sw cost="16" num="1" rel="0.913047258643"/>
		<sw cost="24" num="2" rel="0.852095523433"/>
		<sw cost="23" num="3" rel="0.883002439376"/>
		<sw cost="15" num="4" rel="0.880405859823"/>
		<hw cost="13" num="0" rel="0.959464631523"/>
		<hw cost="19" num="1" rel="0.987950577655"/>
		<hw cost="17" num="2" rel="0.896466066768"/>
		<hw cost="24" num="3" rel="0.974803859009"/>
		<hw cost="17" num="4" rel="0.871051908658"/>
		<time hwnum="0" swnum="0" t="1"/>
		<time hwnum="1" swnum="0" t="5"/>
		<time hwnum="2" swnum="0" t="7"/>
		<time hwnum="3" swnum="0" t="2"/>
		<time hwnum="4" swnum="0" t="6"/>
		<time hwnum="0" swnum="1" t="3"/>
		<time hwnum="1" swnum="1" t="1"/>
		<time hwnum="2" swnum="1" t="9"/>
		<time hwnum="3" swnum="1" t="9"/>
		<time hwnum="4" swnum="1" t="9"/>
		<time hwnum="0" swnum="2" t="3"/>
		<time hwnum="1" swnum="2" t="3"/>
		<time hwnum="2" swnum="2" t="2"/>
		<time hwnum="3" swnum="2" t="10"/>
		<time hwnum="4" swnum="2" t="7"/>
		<time hwnum="0" swnum="3" t="6"/>
		<time hwnum="1" swnum="3" t="4"/>
		<time hwnum="2" swnum="3" t="8"/>
		<time hwnum="3" swnum="3" t="6"/>
		<time hwnum="4" swnum="3" t="3"/>
		<time hwnum="0" swnum="4" t="4"/>
		<time hwnum="1" swnum="4" t="6"/>
		<time hwnum="2" swnum="4" t="1"/>
		<time hwnum="3" swnum="4" t="2"/>
		<time hwnum="4" swnum="4" t="4"/>
	</module>
	<module limittime="269" num="7" qall="0.99" qd="0.99" qrv="0.99" trecov="3" ttest="2" tvote="1">
		<tool name="none"/>
		<tool name="nvp01"/>
		<tool name="nvp11"/>
		<tool name="rb11"/>
		<sw cost="26" num="0" rel="0.858430131922"/>
		<sw cost="13" num="1" rel="0.944604269703"/>
		<sw cost="17" num="2" rel="0.944222473851"/>
		<sw cost="21" num="3" rel="0.867978122529"/>
		<sw cost="21" num="4" rel="0.86598835887"/>
		<hw cost="20" num="0" rel="0.908626336796"/>
		<hw cost="23" num="1" rel="0.953787944551"/>
		<hw cost="14" num="2" rel="0.856207750673"/>
		<hw cost="25" num="3" rel="0.955587067026"/>
		<hw cost="12" num="4" rel="0.886219650335"/>
		<time hwnum="0" swnum="0" t="6"/>
		<time hwnum="1" swnum="0" t="4"/>
		<time hwnum="2" swnum="0" t="8"/>
		<time hwnum="3" swnum="0" t="4"/>
		<time hwnum="4" swnum="0" t="9"/>
		<time hwnum="0" swnum="1" t="7"/>
		<time hwnum="1" swnum="1" t="2"/>
		<time hwnum="2" swnum="1" t="4"/>
		<time hwnum="3" swnum="1" t="6"/>
		<time hwnum="4" swnum="1" t="8"/>
		<time hwnum="0" swnum="2" t="6"/>
		<time hwnum="1" swnum="2" t="3"/>
		<time hwnum="2" swnum="2" t="4"/>
		<time hwnum="3" swnum="2" t="9"/>
		<time hwnum="4" swnum="2" t="6"/>
		<time hwnum="0" swnum="3" t="9"/>
		<time hwnum="1" swnum="3" t="5"/>
		<time hwnum="2" swnum="3" t="1"/>
		<time hwnum="3" swnum="3" t="1"/>
		<time hwnum="4" swnum="3" t="1"/>
		<time hwnum="0" swnum="4" t="2"/>
		<time hwnum="1" swnum="4" t="10"/>
		<time hwnum="2" swnum="4" t="8"/>
		<time hwnum="3" swnum="4" t="2"/>
		<time hwnum="4" swnum="4" t="2"/>
	</module>
	<link dst="1" src="0" vol="8"/>
	<link dst="4" src="0" vol="7"/>
	<link dst="5" src="0" vol="6"/>
	<link dst="7" src="0" vol="6"/>
	<link dst="2" src="1" vol="6"/>
	<link dst="3" src="1" vol="3"/>
	<link dst="7" src="1" vol="5"/>
	<link dst="3" src="2" vol="2"/>
	<link dst="4" src="2" vol="3"/>
	<link dst="6" src="2" vol="3"/>
	<link dst="7" src="2" vol="2"/>
	<link dst="4" src="3" vol="5"/>
	<link dst="5" src="3" vol="3"/>
	<link dst="6" src="3" vol="2"/>
	<link dst="5" src="4" vol="5"/>
	<link dst="7" src="4" vol="1"/>
	<link dst="7" src="6" vol="4"/>
</system>
