<?xml version="1.0" ?>
<system limitcost="10000">
	<module limittime="100000" num="0" qall="0.99" qd="0.99" qrv="0.99" trecov="3" ttest="2" tvote="1">
		<tool name="none"/>
		<tool name="nvp01"/>
		<tool name="nvp11"/>
		<tool name="rb11"/>
		<sw cost="32" num="0" rel="0.88849196417"/>
		<sw cost="28" num="1" rel="0.886615639913"/>
		<sw cost="29" num="2" rel="0.900102841642"/>
		<sw cost="20" num="3" rel="0.975349119361"/>
		<sw cost="22" num="4" rel="0.941013265709"/>
		<hw cost="16" num="0" rel="0.854431691849"/>
		<hw cost="31" num="1" rel="0.964352529562"/>
		<hw cost="22" num="2" rel="0.958392396758"/>
		<hw cost="10" num="3" rel="0.945647775254"/>
		<hw cost="32" num="4" rel="0.85630368647"/>
		<time hwnum="0" swnum="0" t="9"/>
		<time hwnum="1" swnum="0" t="1"/>
		<time hwnum="2" swnum="0" t="5"/>
		<time hwnum="3" swnum="0" t="8"/>
		<time hwnum="4" swnum="0" t="4"/>
		<time hwnum="0" swnum="1" t="9"/>
		<time hwnum="1" swnum="1" t="1"/>
		<time hwnum="2" swnum="1" t="4"/>
		<time hwnum="3" swnum="1" t="8"/>
		<time hwnum="4" swnum="1" t="4"/>
		<time hwnum="0" swnum="2" t="6"/>
		<time hwnum="1" swnum="2" t="9"/>
		<time hwnum="2" swnum="2" t="9"/>
		<time hwnum="3" swnum="2" t="5"/>
		<time hwnum="4" swnum="2" t="7"/>
		<time hwnum="0" swnum="3" t="10"/>
		<time hwnum="1" swnum="3" t="1"/>
		<time hwnum="2" swnum="3" t="2"/>
		<time hwnum="3" swnum="3" t="3"/>
		<time hwnum="4" swnum="3" t="2"/>
		<time hwnum="0" swnum="4" t="3"/>
		<time hwnum="1" swnum="4" t="3"/>
		<time hwnum="2" swnum="4" t="1"/>
		<time hwnum="3" swnum="4" t="6"/>
		<time hwnum="4" swnum="4" t="3"/>
	</module>
	<module limittime="100000" num="1" qall="0.99" qd="0.99" qrv="0.99" trecov="3" ttest="2" tvote="1">
		<tool name="none"/>
		<tool name="nvp01"/>
		<tool name="nvp11"/>
		<tool name="rb11"/>
		<sw cost="17" num="0" rel="0.875744092013"/>
		<sw cost="9" num="1" rel="0.90706702438"/>
		<sw cost="20" num="2" rel="0.928413285972"/>
		<sw cost="20" num="3" rel="0.858648633104"/>
		<sw cost="28" num="4" rel="0.946157198688"/>
		<hw cost="14" num="0" rel="0.916972821939"/>
		<hw cost="28" num="1" rel="0.87597456547"/>
		<hw cost="19" num="2" rel="0.923386240066"/>
		<hw cost="12" num="3" rel="0.883187187562"/>
		<hw cost="19" num="4" rel="0.880182537814"/>
		<time hwnum="0" swnum="0" t="5"/>
		<time hwnum="1" swnum="0" t="4"/>
		<time hwnum="2" swnum="0" t="5"/>
		<time hwnum="3" swnum="0" t="6"/>
		<time hwnum="4" swnum="0" t="2"/>
		<time hwnum="0" swnum="1" t="8"/>
		<time hwnum="1" swnum="1" t="4"/>
		<time hwnum="2" swnum="1" t="8"/>
		<time hwnum="3" swnum="1" t="4"/>
		<time hwnum="4" swnum="1" t="1"/>
		<time hwnum="0" swnum="2" t="5"/>
		<time hwnum="1" swnum="2" t="2"/>
		<time hwnum="2" swnum="2" t="8"/>
		<time hwnum="3" swnum="2" t="2"/>
		<time hwnum="4" swnum="2" t="7"/>
		<time hwnum="0" swnum="3" t="9"/>
		<time hwnum="1" swnum="3" t="3"/>
		<time hwnum="2" swnum="3" t="3"/>
		<time hwnum="3" swnum="3" t="2"/>
		<time hwnum="4" swnum="3" t="8"/>
		<time hwnum="0" swnum="4" t="3"/>
		<time hwnum="1" swnum="4" t="1"/>
		<time hwnum="2" swnum="4" t="7"/>
		<time hwnum="3" swnum="4" t="3"/>
		<time hwnum="4" swnum="4" t="8"/>
	</module>
	<module limittime="100000" num="2" qall="0.99" qd="0.99" qrv="0.99" trecov="3" ttest="2" tvote="1">
		<tool name="none"/>
		<tool name="nvp01"/>
		<tool name="nvp11"/>
		<tool name="rb11"/>
		<sw cost="33" num="0" rel="0.987497991159"/>
		<sw cost="14" num="1" rel="0.93019591449"/>
		<sw cost="6" num="2" rel="0.914806643888"/>
		<sw cost="13" num="3" rel="0.857258164476"/>
		<sw cost="22" num="4" rel="0.902443344385"/>
		<hw cost="33" num="0" rel="0.984864853349"/>
		<hw cost="12" num="1" rel="0.868510950887"/>
		<hw cost="5" num="2" rel="0.957634537257"/>
		<hw cost="22" num="3" rel="0.880968208709"/>
		<hw cost="7" num="4" rel="0.863575752642"/>
		<time hwnum="0" swnum="0" t="9"/>
		<time hwnum="1" swnum="0" t="5"/>
		<time hwnum="2" swnum="0" t="9"/>
		<time hwnum="3" swnum="0" t="7"/>
		<time hwnum="4" swnum="0" t="8"/>
		<time hwnum="0" swnum="1" t="2"/>
		<time hwnum="1" swnum="1" t="9"/>
		<time hwnum="2" swnum="1" t="3"/>
		<time hwnum="3" swnum="1" t="7"/>
		<time hwnum="4" swnum="1" t="3"/>
		<time hwnum="0" swnum="2" t="9"/>
		<time hwnum="1" swnum="2" t="3"/>
		<time hwnum="2" swnum="2" t="4"/>
		<time hwnum="3" swnum="2" t="5"/>
		<time hwnum="4" swnum="2" t="9"/>
		<time hwnum="0" swnum="3" t="5"/>
		<time hwnum="1" swnum="3" t="8"/>
		<time hwnum="2" swnum="3" t="4"/>
		<time hwnum="3" swnum="3" t="8"/>
		<time hwnum="4" swnum="3" t="10"/>
		<time hwnum="0" swnum="4" t="3"/>
		<time hwnum="1" swnum="4" t="2"/>
		<time hwnum="2" swnum="4" t="5"/>
		<time hwnum="3" swnum="4" t="4"/>
		<time hwnum="4" swnum="4" t="5"/>
	</module>
	<module limittime="100000" num="3" qall="0.99" qd="0.99" qrv="0.99" trecov="3" ttest="2" tvote="1">
		<tool name="none"/>
		<tool name="nvp01"/>
		<tool name="nvp11"/>
		<tool name="rb11"/>
		<sw cost="6" num="0" rel="0.975205933754"/>
		<sw cost="22" num="1" rel="0.932326849656"/>
		<sw cost="32" num="2" rel="0.864493161552"/>
		<sw cost="20" num="3" rel="0.854605813327"/>
		<sw cost="32" num="4" rel="0.93831884613"/>
		<hw cost="11" num="0" rel="0.884905817843"/>
		<hw cost="17" num="1" rel="0.968234261705"/>
		<hw cost="15" num="2" rel="0.917944642706"/>
		<hw cost="5" num="3" rel="0.973516689494"/>
		<hw cost="28" num="4" rel="0.912390179432"/>
		<time hwnum="0" swnum="0" t="5"/>
		<time hwnum="1" swnum="0" t="8"/>
		<time hwnum="2" swnum="0" t="8"/>
		<time hwnum="3" swnum="0" t="7"/>
		<time hwnum="4" swnum="0" t="10"/>
		<time hwnum="0" swnum="1" t="9"/>
		<time hwnum="1" swnum="1" t="2"/>
		<time hwnum="2" swnum="1" t="6"/>
		<time hwnum="3" swnum="1" t="10"/>
		<time hwnum="4" swnum="1" t="10"/>
		<time hwnum="0" swnum="2" t="5"/>
		<time hwnum="1" swnum="2" t="10"/>
		<time hwnum="2" swnum="2" t="4"/>
		<time hwnum="3" swnum="2" t="2"/>
		<time hwnum="4" swnum="2" t="6"/>
		<time hwnum="0" swnum="3" t="9"/>
		<time hwnum="1" swnum="3" t="10"/>
		<time hwnum="2" swnum="3" t="4"/>
		<time hwnum="3" swnum="3" t="8"/>
		<time hwnum="4" swnum="3" t="1"/>
		<time hwnum="0" swnum="4" t="10"/>
		<time hwnum="1" swnum="4" t="4"/>
		<time hwnum="2" swnum="4" t="10"/>
		<time hwnum="3" swnum="4" t="4"/>
		<time hwnum="4" swnum="4" t="4"/>
	</module>
	<module limittime="100000" num="4" qall="0.99" qd="0.99" qrv="0.99" trecov="3" ttest="2" tvote="1">
		<tool name="none"/>
		<tool name="nvp01"/>
		<tool name="nvp11"/>
		<tool name="rb11"/>
		<sw cost="28" num="0" rel="0.893938299826"/>
		<sw cost="14" num="1" rel="0.96659491439"/>
		<sw cost="12" num="2" rel="0.895240914536"/>
		<sw cost="8" num="3" rel="0.946476787949"/>
		<sw cost="11" num="4" rel="0.973856788756"/>
		<hw cost="35" num="0" rel="0.963838626083"/>
		<hw cost="12" num="1" rel="0.984939117272"/>
		<hw cost="25" num="2" rel="0.893709246758"/>
		<hw cost="16" num="3" rel="0.895022749726"/>
		<hw cost="17" num="4" rel="0.932092361031"/>
		<time hwnum="0" swnum="0" t="6"/>
		<time hwnum="1" swnum="0" t="7"/>
		<time hwnum="2" swnum="0" t="5"/>
		<time hwnum="3" swnum="0" t="10"/>
		<time hwnum="4" swnum="0" t="10"/>
		<time hwnum="0" swnum="1" t="5"/>
		<time hwnum="1" swnum="1" t="5"/>
		<time hwnum="2" swnum="1" t="7"/>
		<time hwnum="3" swnum="1" t="8"/>
		<time hwnum="4" swnum="1" t="3"/>
		<time hwnum="0" swnum="2" t="7"/>
		<time hwnum="1" swnum="2" t="8"/>
		<time hwnum="2" swnum="2" t="3"/>
		<time hwnum="3" swnum="2" t="4"/>
		<time hwnum="4" swnum="2" t="10"/>
		<time hwnum="0" swnum="3" t="7"/>
		<time hwnum="1" swnum="3" t="8"/>
		<time hwnum="2" swnum="3" t="10"/>
		<time hwnum="3" swnum="3" t="5"/>
		<time hwnum="4" swnum="3" t="6"/>
		<time hwnum="0" swnum="4" t="2"/>
		<time hwnum="1" swnum="4" t="6"/>
		<time hwnum="2" swnum="4" t="4"/>
		<time hwnum="3" swnum="4" t="6"/>
		<time hwnum="4" swnum="4" t="7"/>
	</module>
	<module limittime="100000" num="5" qall="0.99" qd="0.99" qrv="0.99" trecov="3" ttest="2" tvote="1">
		<tool name="none"/>
		<tool name="nvp01"/>
		<tool name="nvp11"/>
		<tool name="rb11"/>
		<sw cost="20" num="0" rel="0.989499129802"/>
		<sw cost="13" num="1" rel="0.943130043375"/>
		<sw cost="21" num="2" rel="0.927804597822"/>
		<sw cost="14" num="3" rel="0.929069114227"/>
		<sw cost="21" num="4" rel="0.928529756215"/>
		<hw cost="10" num="0" rel="0.882962941965"/>
		<hw cost="14" num="1" rel="0.852589433808"/>
		<hw cost="5" num="2" rel="0.979443477353"/>
		<hw cost="34" num="3" rel="0.902233737225"/>
		<hw cost="10" num="4" rel="0.930246549598"/>
		<time hwnum="0" swnum="0" t="10"/>
		<time hwnum="1" swnum="0" t="7"/>
		<time hwnum="2" swnum="0" t="7"/>
		<time hwnum="3" swnum="0" t="5"/>
		<time hwnum="4" swnum="0" t="4"/>
		<time hwnum="0" swnum="1" t="8"/>
		<time hwnum="1" swnum="1" t="10"/>
		<time hwnum="2" swnum="1" t="7"/>
		<time hwnum="3" swnum="1" t="3"/>
		<time hwnum="4" swnum="1" t="1"/>
		<time hwnum="0" swnum="2" t="1"/>
		<time hwnum="1" swnum="2" t="2"/>
		<time hwnum="2" swnum="2" t="2"/>
		<time hwnum="3" swnum="2" t="9"/>
		<time hwnum="4" swnum="2" t="2"/>
		<time hwnum="0" swnum="3" t="1"/>
		<time hwnum="1" swnum="3" t="4"/>
		<time hwnum="2" swnum="3" t="3"/>
		<time hwnum="3" swnum="3" t="3"/>
		<time hwnum="4" swnum="3" t="3"/>
		<time hwnum="0" swnum="4" t="6"/>
		<time hwnum="1" swnum="4" t="10"/>
		<time hwnum="2" swnum="4" t="7"/>
		<time hwnum="3" swnum="4" t="5"/>
		<time hwnum="4" swnum="4" t="8"/>
	</module>
	<module limittime="100000" num="6" qall="0.99" qd="0.99" qrv="0.99" trecov="3" ttest="2" tvote="1">
		<tool name="none"/>
		<tool name="nvp01"/>
		<tool name="nvp11"/>
		<tool name="rb11"/>
		<sw cost="28" num="0" rel="0.966097751772"/>
		<sw cost="7" num="1" rel="0.943181861551"/>
		<sw cost="35" num="2" rel="0.878129968074"/>
		<sw cost="12" num="3" rel="0.918659167035"/>
		<sw cost="23" num="4" rel="0.896512938105"/>
		<hw cost="35" num="0" rel="0.949548492038"/>
		<hw cost="11" num="1" rel="0.953894787327"/>
		<hw cost="18" num="2" rel="0.872959397419"/>
		<hw cost="8" num="3" rel="0.887947535029"/>
		<hw cost="30" num="4" rel="0.889955702193"/>
		<time hwnum="0" swnum="0" t="4"/>
		<time hwnum="1" swnum="0" t="6"/>
		<time hwnum="2" swnum="0" t="10"/>
		<time hwnum="3" swnum="0" t="5"/>
		<time hwnum="4" swnum="0" t="3"/>
		<time hwnum="0" swnum="1" t="10"/>
		<time hwnum="1" swnum="1" t="8"/>
		<time hwnum="2" swnum="1" t="7"/>
		<time hwnum="3" swnum="1" t="2"/>
		<time hwnum="4" swnum="1" t="4"/>
		<time hwnum="0" swnum="2" t="4"/>
		<time hwnum="1" swnum="2" t="2"/>
		<time hwnum="2" swnum="2" t="7"/>
		<time hwnum="3" swnum="2" t="4"/>
		<time hwnum="4" swnum="2" t="2"/>
		<time hwnum="0" swnum="3" t="6"/>
		<time hwnum="1" swnum="3" t="7"/>
		<time hwnum="2" swnum="3" t="1"/>
		<time hwnum="3" swnum="3" t="2"/>
		<time hwnum="4" swnum="3" t="8"/>
		<time hwnum="0" swnum="4" t="7"/>
		<time hwnum="1" swnum="4" t="9"/>
		<time hwnum="2" swnum="4" t="6"/>
		<time hwnum="3" swnum="4" t="8"/>
		<time hwnum="4" swnum="4" t="3"/>
	</module>
	<module limittime="100000" num="7" qall="0.99" qd="0.99" qrv="0.99" trecov="3" ttest="2" tvote="1">
		<tool name="none"/>
		<tool name="nvp01"/>
		<tool name="nvp11"/>
		<tool name="rb11"/>
		<sw cost="30" num="0" rel="0.960124415924"/>
		<sw cost="18" num="1" rel="0.964739829219"/>
		<sw cost="21" num="2" rel="0.888838979834"/>
		<sw cost="16" num="3" rel="0.944585235451"/>
		<sw cost="13" num="4" rel="0.95667162655"/>
		<hw cost="23" num="0" rel="0.872957610597"/>
		<hw cost="24" num="1" rel="0.964144195625"/>
		<hw cost="32" num="2" rel="0.860827006107"/>
		<hw cost="35" num="3" rel="0.974403162354"/>
		<hw cost="32" num="4" rel="0.969130556328"/>
		<time hwnum="0" swnum="0" t="10"/>
		<time hwnum="1" swnum="0" t="8"/>
		<time hwnum="2" swnum="0" t="7"/>
		<time hwnum="3" swnum="0" t="8"/>
		<time hwnum="4" swnum="0" t="6"/>
		<time hwnum="0" swnum="1" t="3"/>
		<time hwnum="1" swnum="1" t="1"/>
		<time hwnum="2" swnum="1" t="8"/>
		<time hwnum="3" swnum="1" t="8"/>
		<time hwnum="4" swnum="1" t="1"/>
		<time hwnum="0" swnum="2" t="5"/>
		<time hwnum="1" swnum="2" t="8"/>
		<time hwnum="2" swnum="2" t="5"/>
		<time hwnum="3" swnum="2" t="2"/>
		<time hwnum="4" swnum="2" t="9"/>
		<time hwnum="0" swnum="3" t="10"/>
		<time hwnum="1" swnum="3" t="9"/>
		<time hwnum="2" swnum="3" t="6"/>
		<time hwnum="3" swnum="3" t="2"/>
		<time hwnum="4" swnum="3" t="4"/>
		<time hwnum="0" swnum="4" t="4"/>
		<time hwnum="1" swnum="4" t="9"/>
		<time hwnum="2" swnum="4" t="10"/>
		<time hwnum="3" swnum="4" t="2"/>
		<time hwnum="4" swnum="4" t="10"/>
	</module>
	<module limittime="100000" num="8" qall="0.99" qd="0.99" qrv="0.99" trecov="3" ttest="2" tvote="1">
		<tool name="none"/>
		<tool name="nvp01"/>
		<tool name="nvp11"/>
		<tool name="rb11"/>
		<sw cost="18" num="0" rel="0.918973430144"/>
		<sw cost="20" num="1" rel="0.914021245802"/>
		<sw cost="32" num="2" rel="0.986485858979"/>
		<sw cost="14" num="3" rel="0.934974252233"/>
		<sw cost="12" num="4" rel="0.884643288916"/>
		<hw cost="27" num="0" rel="0.955173102291"/>
		<hw cost="31" num="1" rel="0.969651213863"/>
		<hw cost="16" num="2" rel="0.932289619705"/>
		<hw cost="25" num="3" rel="0.976509018357"/>
		<hw cost="16" num="4" rel="0.986590963181"/>
		<time hwnum="0" swnum="0" t="2"/>
		<time hwnum="1" swnum="0" t="2"/>
		<time hwnum="2" swnum="0" t="2"/>
		<time hwnum="3" swnum="0" t="6"/>
		<time hwnum="4" swnum="0" t="6"/>
		<time hwnum="0" swnum="1" t="1"/>
		<time hwnum="1" swnum="1" t="2"/>
		<time hwnum="2" swnum="1" t="2"/>
		<time hwnum="3" swnum="1" t="10"/>
		<time hwnum="4" swnum="1" t="6"/>
		<time hwnum="0" swnum="2" t="10"/>
		<time hwnum="1" swnum="2" t="3"/>
		<time hwnum="2" swnum="2" t="8"/>
		<time hwnum="3" swnum="2" t="1"/>
		<time hwnum="4" swnum="2" t="8"/>
		<time hwnum="0" swnum="3" t="8"/>
		<time hwnum="1" swnum="3" t="9"/>
		<time hwnum="2" swnum="3" t="1"/>
		<time hwnum="3" swnum="3" t="3"/>
		<time hwnum="4" swnum="3" t="3"/>
		<time hwnum="0" swnum="4" t="4"/>
		<time hwnum="1" swnum="4" t="9"/>
		<time hwnum="2" swnum="4" t="7"/>
		<time hwnum="3" swnum="4" t="8"/>
		<time hwnum="4" swnum="4" t="4"/>
	</module>
	<module limittime="100000" num="9" qall="0.99" qd="0.99" qrv="0.99" trecov="3" ttest="2" tvote="1">
		<tool name="none"/>
		<tool name="nvp01"/>
		<tool name="nvp11"/>
		<tool name="rb11"/>
		<sw cost="26" num="0" rel="0.954710473294"/>
		<sw cost="9" num="1" rel="0.98005264449"/>
		<sw cost="23" num="2" rel="0.855751975813"/>
		<sw cost="22" num="3" rel="0.951883159603"/>
		<sw cost="13" num="4" rel="0.962582000794"/>
		<hw cost="21" num="0" rel="0.907009543031"/>
		<hw cost="5" num="1" rel="0.91995798409"/>
		<hw cost="24" num="2" rel="0.941893649162"/>
		<hw cost="9" num="3" rel="0.882474497334"/>
		<hw cost="21" num="4" rel="0.877360290697"/>
		<time hwnum="0" swnum="0" t="6"/>
		<time hwnum="1" swnum="0" t="3"/>
		<time hwnum="2" swnum="0" t="5"/>
		<time hwnum="3" swnum="0" t="9"/>
		<time hwnum="4" swnum="0" t="10"/>
		<time hwnum="0" swnum="1" t="5"/>
		<time hwnum="1" swnum="1" t="1"/>
		<time hwnum="2" swnum="1" t="1"/>
		<time hwnum="3" swnum="1" t="3"/>
		<time hwnum="4" swnum="1" t="6"/>
		<time hwnum="0" swnum="2" t="7"/>
		<time hwnum="1" swnum="2" t="3"/>
		<time hwnum="2" swnum="2" t="3"/>
		<time hwnum="3" swnum="2" t="2"/>
		<time hwnum="4" swnum="2" t="5"/>
		<time hwnum="0" swnum="3" t="7"/>
		<time hwnum="1" swnum="3" t="10"/>
		<time hwnum="2" swnum="3" t="1"/>
		<time hwnum="3" swnum="3" t="6"/>
		<time hwnum="4" swnum="3" t="4"/>
		<time hwnum="0" swnum="4" t="8"/>
		<time hwnum="1" swnum="4" t="6"/>
		<time hwnum="2" swnum="4" t="2"/>
		<time hwnum="3" swnum="4" t="10"/>
		<time hwnum="4" swnum="4" t="10"/>
	</module>
	<module limittime="100000" num="10" qall="0.99" qd="0.99" qrv="0.99" trecov="3" ttest="2" tvote="1">
		<tool name="none"/>
		<tool name="nvp01"/>
		<tool name="nvp11"/>
		<tool name="rb11"/>
		<sw cost="35" num="0" rel="0.965475007775"/>
		<sw cost="21" num="1" rel="0.93676799652"/>
		<sw cost="29" num="2" rel="0.919178805894"/>
		<sw cost="26" num="3" rel="0.9618058068"/>
		<sw cost="11" num="4" rel="0.915168919018"/>
		<hw cost="26" num="0" rel="0.9763258174"/>
		<hw cost="9" num="1" rel="0.947679296523"/>
		<hw cost="15" num="2" rel="0.976201903242"/>
		<hw cost="31" num="3" rel="0.887837395346"/>
		<hw cost="33" num="4" rel="0.876304623088"/>
		<time hwnum="0" swnum="0" t="10"/>
		<time hwnum="1" swnum="0" t="3"/>
		<time hwnum="2" swnum="0" t="3"/>
		<time hwnum="3" swnum="0" t="8"/>
		<time hwnum="4" swnum="0" t="4"/>
		<time hwnum="0" swnum="1" t="1"/>
		<time hwnum="1" swnum="1" t="1"/>
		<time hwnum="2" swnum="1" t="10"/>
		<time hwnum="3" swnum="1" t="9"/>
		<time hwnum="4" swnum="1" t="3"/>
		<time hwnum="0" swnum="2" t="6"/>
		<time hwnum="1" swnum="2" t="7"/>
		<time hwnum="2" swnum="2" t="5"/>
		<time hwnum="3" swnum="2" t="5"/>
		<time hwnum="4" swnum="2" t="7"/>
		<time hwnum="0" swnum="3" t="10"/>
		<time hwnum="1" swnum="3" t="8"/>
		<time hwnum="2" swnum="3" t="10"/>
		<time hwnum="3" swnum="3" t="5"/>
		<time hwnum="4" swnum="3" t="4"/>
		<time hwnum="0" swnum="4" t="3"/>
		<time hwnum="1" swnum="4" t="1"/>
		<time hwnum="2" swnum="4" t="10"/>
		<time hwnum="3" swnum="4" t="6"/>
		<time hwnum="4" swnum="4" t="8"/>
	</module>
	<module limittime="100000" num="11" qall="0.99" qd="0.99" qrv="0.99" trecov="3" ttest="2" tvote="1">
		<tool name="none"/>
		<tool name="nvp01"/>
		<tool name="nvp11"/>
		<tool name="rb11"/>
		<sw cost="11" num="0" rel="0.965182592219"/>
		<sw cost="27" num="1" rel="0.925026506198"/>
		<sw cost="10" num="2" rel="0.982393136418"/>
		<sw cost="5" num="3" rel="0.94492713911"/>
		<sw cost="25" num="4" rel="0.987408203809"/>
		<hw cost="7" num="0" rel="0.98827214799"/>
		<hw cost="14" num="1" rel="0.921081095158"/>
		<hw cost="21" num="2" rel="0.950946201694"/>
		<hw cost="5" num="3" rel="0.902017987469"/>
		<hw cost="26" num="4" rel="0.891510397164"/>
		<time hwnum="0" swnum="0" t="3"/>
		<time hwnum="1" swnum="0" t="7"/>
		<time hwnum="2" swnum="0" t="8"/>
		<time hwnum="3" swnum="0" t="2"/>
		<time hwnum="4" swnum="0" t="7"/>
		<time hwnum="0" swnum="1" t="4"/>
		<time hwnum="1" swnum="1" t="7"/>
		<time hwnum="2" swnum="1" t="7"/>
		<time hwnum="3" swnum="1" t="4"/>
		<time hwnum="4" swnum="1" t="9"/>
		<time hwnum="0" swnum="2" t="6"/>
		<time hwnum="1" swnum="2" t="5"/>
		<time hwnum="2" swnum="2" t="7"/>
		<time hwnum="3" swnum="2" t="3"/>
		<time hwnum="4" swnum="2" t="10"/>
		<time hwnum="0" swnum="3" t="4"/>
		<time hwnum="1" swnum="3" t="5"/>
		<time hwnum="2" swnum="3" t="7"/>
		<time hwnum="3" swnum="3" t="9"/>
		<time hwnum="4" swnum="3" t="2"/>
		<time hwnum="0" swnum="4" t="5"/>
		<time hwnum="1" swnum="4" t="3"/>
		<time hwnum="2" swnum="4" t="4"/>
		<time hwnum="3" swnum="4" t="2"/>
		<time hwnum="4" swnum="4" t="2"/>
	</module>
	<link dst="1" src="0" vol="12"/>
	<link dst="2" src="0" vol="23"/>
	<link dst="4" src="0" vol="16"/>
	<link dst="5" src="0" vol="11"/>
	<link dst="6" src="0" vol="15"/>
	<link dst="7" src="0" vol="17"/>
	<link dst="10" src="0" vol="30"/>
	<link dst="2" src="1" vol="23"/>
	<link dst="5" src="1" vol="22"/>
	<link dst="8" src="1" vol="26"/>
	<link dst="9" src="1" vol="18"/>
	<link dst="5" src="2" vol="12"/>
	<link dst="6" src="2" vol="24"/>
	<link dst="9" src="2" vol="25"/>
	<link dst="11" src="2" vol="30"/>
	<link dst="4" src="3" vol="15"/>
	<link dst="5" src="3" vol="30"/>
	<link dst="7" src="3" vol="28"/>
	<link dst="8" src="3" vol="19"/>
	<link dst="10" src="3" vol="19"/>
	<link dst="10" src="4" vol="21"/>
	<link dst="11" src="4" vol="17"/>
	<link dst="6" src="5" vol="14"/>
	<link dst="9" src="5" vol="15"/>
	<link dst="10" src="5" vol="16"/>
	<link dst="11" src="5" vol="25"/>
	<link dst="8" src="6" vol="25"/>
	<link dst="8" src="7" vol="17"/>
	<link dst="11" src="8" vol="18"/>
	<link dst="10" src="9" vol="10"/>
	<link dst="11" src="9" vol="17"/>
</system>
