<?xml version="1.0" ?>
<system limitcost="10000">
	<module limittime="100000" num="0" qall="0.99" qd="0.99" qrv="0.99" trecov="3" ttest="2" tvote="1">
		<tool name="none"/>
		<tool name="nvp01"/>
		<tool name="nvp11"/>
		<tool name="rb11"/>
		<sw cost="12" num="0" rel="0.896459194321"/>
		<sw cost="16" num="1" rel="0.966083505494"/>
		<sw cost="6" num="2" rel="0.925472634118"/>
		<sw cost="24" num="3" rel="0.971870258422"/>
		<sw cost="10" num="4" rel="0.952513560031"/>
		<hw cost="20" num="0" rel="0.858792041004"/>
		<hw cost="25" num="1" rel="0.967564277024"/>
		<hw cost="14" num="2" rel="0.964215331085"/>
		<hw cost="27" num="3" rel="0.968563399223"/>
		<hw cost="15" num="4" rel="0.929582086872"/>
		<time hwnum="0" swnum="0" t="102"/>
		<time hwnum="1" swnum="0" t="113"/>
		<time hwnum="2" swnum="0" t="149"/>
		<time hwnum="3" swnum="0" t="113"/>
		<time hwnum="4" swnum="0" t="132"/>
		<time hwnum="0" swnum="1" t="131"/>
		<time hwnum="1" swnum="1" t="111"/>
		<time hwnum="2" swnum="1" t="150"/>
		<time hwnum="3" swnum="1" t="118"/>
		<time hwnum="4" swnum="1" t="112"/>
		<time hwnum="0" swnum="2" t="125"/>
		<time hwnum="1" swnum="2" t="148"/>
		<time hwnum="2" swnum="2" t="108"/>
		<time hwnum="3" swnum="2" t="146"/>
		<time hwnum="4" swnum="2" t="123"/>
		<time hwnum="0" swnum="3" t="118"/>
		<time hwnum="1" swnum="3" t="140"/>
		<time hwnum="2" swnum="3" t="145"/>
		<time hwnum="3" swnum="3" t="104"/>
		<time hwnum="4" swnum="3" t="125"/>
		<time hwnum="0" swnum="4" t="142"/>
		<time hwnum="1" swnum="4" t="117"/>
		<time hwnum="2" swnum="4" t="141"/>
		<time hwnum="3" swnum="4" t="106"/>
		<time hwnum="4" swnum="4" t="125"/>
	</module>
	<module limittime="100000" num="1" qall="0.99" qd="0.99" qrv="0.99" trecov="3" ttest="2" tvote="1">
		<tool name="none"/>
		<tool name="nvp01"/>
		<tool name="nvp11"/>
		<tool name="rb11"/>
		<sw cost="16" num="0" rel="0.97939460816"/>
		<sw cost="22" num="1" rel="0.971884557959"/>
		<sw cost="6" num="2" rel="0.870442290499"/>
		<sw cost="29" num="3" rel="0.935471059552"/>
		<sw cost="8" num="4" rel="0.937732043706"/>
		<hw cost="32" num="0" rel="0.904200453111"/>
		<hw cost="23" num="1" rel="0.86078944929"/>
		<hw cost="16" num="2" rel="0.987345263244"/>
		<hw cost="7" num="3" rel="0.85631605785"/>
		<hw cost="20" num="4" rel="0.920267131943"/>
		<time hwnum="0" swnum="0" t="124"/>
		<time hwnum="1" swnum="0" t="118"/>
		<time hwnum="2" swnum="0" t="149"/>
		<time hwnum="3" swnum="0" t="140"/>
		<time hwnum="4" swnum="0" t="112"/>
		<time hwnum="0" swnum="1" t="101"/>
		<time hwnum="1" swnum="1" t="125"/>
		<time hwnum="2" swnum="1" t="128"/>
		<time hwnum="3" swnum="1" t="127"/>
		<time hwnum="4" swnum="1" t="118"/>
		<time hwnum="0" swnum="2" t="103"/>
		<time hwnum="1" swnum="2" t="125"/>
		<time hwnum="2" swnum="2" t="109"/>
		<time hwnum="3" swnum="2" t="118"/>
		<time hwnum="4" swnum="2" t="144"/>
		<time hwnum="0" swnum="3" t="112"/>
		<time hwnum="1" swnum="3" t="130"/>
		<time hwnum="2" swnum="3" t="133"/>
		<time hwnum="3" swnum="3" t="114"/>
		<time hwnum="4" swnum="3" t="132"/>
		<time hwnum="0" swnum="4" t="122"/>
		<time hwnum="1" swnum="4" t="126"/>
		<time hwnum="2" swnum="4" t="136"/>
		<time hwnum="3" swnum="4" t="127"/>
		<time hwnum="4" swnum="4" t="150"/>
	</module>
	<module limittime="100000" num="2" qall="0.99" qd="0.99" qrv="0.99" trecov="3" ttest="2" tvote="1">
		<tool name="none"/>
		<tool name="nvp01"/>
		<tool name="nvp11"/>
		<tool name="rb11"/>
		<sw cost="9" num="0" rel="0.909891124326"/>
		<sw cost="8" num="1" rel="0.922004248679"/>
		<sw cost="35" num="2" rel="0.876891768724"/>
		<sw cost="5" num="3" rel="0.855930534546"/>
		<sw cost="32" num="4" rel="0.967414549967"/>
		<hw cost="30" num="0" rel="0.926616381062"/>
		<hw cost="31" num="1" rel="0.859866418041"/>
		<hw cost="16" num="2" rel="0.887598589639"/>
		<hw cost="20" num="3" rel="0.902011462532"/>
		<hw cost="14" num="4" rel="0.967376575324"/>
		<time hwnum="0" swnum="0" t="109"/>
		<time hwnum="1" swnum="0" t="141"/>
		<time hwnum="2" swnum="0" t="120"/>
		<time hwnum="3" swnum="0" t="145"/>
		<time hwnum="4" swnum="0" t="103"/>
		<time hwnum="0" swnum="1" t="109"/>
		<time hwnum="1" swnum="1" t="149"/>
		<time hwnum="2" swnum="1" t="133"/>
		<time hwnum="3" swnum="1" t="120"/>
		<time hwnum="4" swnum="1" t="148"/>
		<time hwnum="0" swnum="2" t="140"/>
		<time hwnum="1" swnum="2" t="133"/>
		<time hwnum="2" swnum="2" t="146"/>
		<time hwnum="3" swnum="2" t="126"/>
		<time hwnum="4" swnum="2" t="127"/>
		<time hwnum="0" swnum="3" t="107"/>
		<time hwnum="1" swnum="3" t="114"/>
		<time hwnum="2" swnum="3" t="138"/>
		<time hwnum="3" swnum="3" t="149"/>
		<time hwnum="4" swnum="3" t="105"/>
		<time hwnum="0" swnum="4" t="101"/>
		<time hwnum="1" swnum="4" t="139"/>
		<time hwnum="2" swnum="4" t="124"/>
		<time hwnum="3" swnum="4" t="130"/>
		<time hwnum="4" swnum="4" t="140"/>
	</module>
	<module limittime="100000" num="3" qall="0.99" qd="0.99" qrv="0.99" trecov="3" ttest="2" tvote="1">
		<tool name="none"/>
		<tool name="nvp01"/>
		<tool name="nvp11"/>
		<tool name="rb11"/>
		<sw cost="22" num="0" rel="0.887883001776"/>
		<sw cost="29" num="1" rel="0.867138179704"/>
		<sw cost="28" num="2" rel="0.957409625464"/>
		<sw cost="9" num="3" rel="0.948497951278"/>
		<sw cost="32" num="4" rel="0.856647348737"/>
		<hw cost="8" num="0" rel="0.886989506386"/>
		<hw cost="34" num="1" rel="0.884893525814"/>
		<hw cost="12" num="2" rel="0.930195836131"/>
		<hw cost="12" num="3" rel="0.863512915613"/>
		<hw cost="8" num="4" rel="0.952266542991"/>
		<time hwnum="0" swnum="0" t="109"/>
		<time hwnum="1" swnum="0" t="135"/>
		<time hwnum="2" swnum="0" t="101"/>
		<time hwnum="3" swnum="0" t="132"/>
		<time hwnum="4" swnum="0" t="109"/>
		<time hwnum="0" swnum="1" t="149"/>
		<time hwnum="1" swnum="1" t="145"/>
		<time hwnum="2" swnum="1" t="131"/>
		<time hwnum="3" swnum="1" t="115"/>
		<time hwnum="4" swnum="1" t="106"/>
		<time hwnum="0" swnum="2" t="134"/>
		<time hwnum="1" swnum="2" t="131"/>
		<time hwnum="2" swnum="2" t="122"/>
		<time hwnum="3" swnum="2" t="143"/>
		<time hwnum="4" swnum="2" t="105"/>
		<time hwnum="0" swnum="3" t="119"/>
		<time hwnum="1" swnum="3" t="100"/>
		<time hwnum="2" swnum="3" t="115"/>
		<time hwnum="3" swnum="3" t="146"/>
		<time hwnum="4" swnum="3" t="148"/>
		<time hwnum="0" swnum="4" t="104"/>
		<time hwnum="1" swnum="4" t="109"/>
		<time hwnum="2" swnum="4" t="118"/>
		<time hwnum="3" swnum="4" t="134"/>
		<time hwnum="4" swnum="4" t="145"/>
	</module>
	<module limittime="100000" num="4" qall="0.99" qd="0.99" qrv="0.99" trecov="3" ttest="2" tvote="1">
		<tool name="none"/>
		<tool name="nvp01"/>
		<tool name="nvp11"/>
		<tool name="rb11"/>
		<sw cost="16" num="0" rel="0.95391369199"/>
		<sw cost="15" num="1" rel="0.866175062717"/>
		<sw cost="27" num="2" rel="0.907842300982"/>
		<sw cost="14" num="3" rel="0.982939009361"/>
		<sw cost="28" num="4" rel="0.946743595408"/>
		<hw cost="25" num="0" rel="0.932859937907"/>
		<hw cost="35" num="1" rel="0.940628901503"/>
		<hw cost="23" num="2" rel="0.937645138232"/>
		<hw cost="20" num="3" rel="0.905710469806"/>
		<hw cost="15" num="4" rel="0.964133450151"/>
		<time hwnum="0" swnum="0" t="114"/>
		<time hwnum="1" swnum="0" t="115"/>
		<time hwnum="2" swnum="0" t="126"/>
		<time hwnum="3" swnum="0" t="106"/>
		<time hwnum="4" swnum="0" t="142"/>
		<time hwnum="0" swnum="1" t="139"/>
		<time hwnum="1" swnum="1" t="130"/>
		<time hwnum="2" swnum="1" t="109"/>
		<time hwnum="3" swnum="1" t="116"/>
		<time hwnum="4" swnum="1" t="142"/>
		<time hwnum="0" swnum="2" t="108"/>
		<time hwnum="1" swnum="2" t="150"/>
		<time hwnum="2" swnum="2" t="107"/>
		<time hwnum="3" swnum="2" t="145"/>
		<time hwnum="4" swnum="2" t="139"/>
		<time hwnum="0" swnum="3" t="134"/>
		<time hwnum="1" swnum="3" t="147"/>
		<time hwnum="2" swnum="3" t="141"/>
		<time hwnum="3" swnum="3" t="139"/>
		<time hwnum="4" swnum="3" t="129"/>
		<time hwnum="0" swnum="4" t="104"/>
		<time hwnum="1" swnum="4" t="137"/>
		<time hwnum="2" swnum="4" t="139"/>
		<time hwnum="3" swnum="4" t="102"/>
		<time hwnum="4" swnum="4" t="133"/>
	</module>
	<module limittime="100000" num="5" qall="0.99" qd="0.99" qrv="0.99" trecov="3" ttest="2" tvote="1">
		<tool name="none"/>
		<tool name="nvp01"/>
		<tool name="nvp11"/>
		<tool name="rb11"/>
		<sw cost="15" num="0" rel="0.932613383311"/>
		<sw cost="22" num="1" rel="0.975769705522"/>
		<sw cost="11" num="2" rel="0.926017669774"/>
		<sw cost="25" num="3" rel="0.914371764736"/>
		<sw cost="21" num="4" rel="0.973117684631"/>
		<hw cost="10" num="0" rel="0.949256679555"/>
		<hw cost="22" num="1" rel="0.951851008181"/>
		<hw cost="7" num="2" rel="0.880208737116"/>
		<hw cost="10" num="3" rel="0.904002057747"/>
		<hw cost="23" num="4" rel="0.953912768847"/>
		<time hwnum="0" swnum="0" t="113"/>
		<time hwnum="1" swnum="0" t="122"/>
		<time hwnum="2" swnum="0" t="133"/>
		<time hwnum="3" swnum="0" t="134"/>
		<time hwnum="4" swnum="0" t="132"/>
		<time hwnum="0" swnum="1" t="119"/>
		<time hwnum="1" swnum="1" t="109"/>
		<time hwnum="2" swnum="1" t="104"/>
		<time hwnum="3" swnum="1" t="136"/>
		<time hwnum="4" swnum="1" t="144"/>
		<time hwnum="0" swnum="2" t="125"/>
		<time hwnum="1" swnum="2" t="144"/>
		<time hwnum="2" swnum="2" t="102"/>
		<time hwnum="3" swnum="2" t="141"/>
		<time hwnum="4" swnum="2" t="112"/>
		<time hwnum="0" swnum="3" t="147"/>
		<time hwnum="1" swnum="3" t="111"/>
		<time hwnum="2" swnum="3" t="135"/>
		<time hwnum="3" swnum="3" t="100"/>
		<time hwnum="4" swnum="3" t="126"/>
		<time hwnum="0" swnum="4" t="107"/>
		<time hwnum="1" swnum="4" t="134"/>
		<time hwnum="2" swnum="4" t="149"/>
		<time hwnum="3" swnum="4" t="113"/>
		<time hwnum="4" swnum="4" t="142"/>
	</module>
	<module limittime="100000" num="6" qall="0.99" qd="0.99" qrv="0.99" trecov="3" ttest="2" tvote="1">
		<tool name="none"/>
		<tool name="nvp01"/>
		<tool name="nvp11"/>
		<tool name="rb11"/>
		<sw cost="6" num="0" rel="0.988359968099"/>
		<sw cost="5" num="1" rel="0.887427270017"/>
		<sw cost="32" num="2" rel="0.955009810493"/>
		<sw cost="16" num="3" rel="0.917129513807"/>
		<sw cost="32" num="4" rel="0.930459167084"/>
		<hw cost="6" num="0" rel="0.935335519374"/>
		<hw cost="12" num="1" rel="0.851713744644"/>
		<hw cost="24" num="2" rel="0.940378735425"/>
		<hw cost="10" num="3" rel="0.905287631205"/>
		<hw cost="19" num="4" rel="0.929486104372"/>
		<time hwnum="0" swnum="0" t="119"/>
		<time hwnum="1" swnum="0" t="125"/>
		<time hwnum="2" swnum="0" t="113"/>
		<time hwnum="3" swnum="0" t="101"/>
		<time hwnum="4" swnum="0" t="105"/>
		<time hwnum="0" swnum="1" t="104"/>
		<time hwnum="1" swnum="1" t="115"/>
		<time hwnum="2" swnum="1" t="103"/>
		<time hwnum="3" swnum="1" t="136"/>
		<time hwnum="4" swnum="1" t="128"/>
		<time hwnum="0" swnum="2" t="112"/>
		<time hwnum="1" swnum="2" t="106"/>
		<time hwnum="2" swnum="2" t="138"/>
		<time hwnum="3" swnum="2" t="100"/>
		<time hwnum="4" swnum="2" t="128"/>
		<time hwnum="0" swnum="3" t="147"/>
		<time hwnum="1" swnum="3" t="107"/>
		<time hwnum="2" swnum="3" t="118"/>
		<time hwnum="3" swnum="3" t="131"/>
		<time hwnum="4" swnum="3" t="117"/>
		<time hwnum="0" swnum="4" t="140"/>
		<time hwnum="1" swnum="4" t="148"/>
		<time hwnum="2" swnum="4" t="142"/>
		<time hwnum="3" swnum="4" t="143"/>
		<time hwnum="4" swnum="4" t="105"/>
	</module>
	<module limittime="100000" num="7" qall="0.99" qd="0.99" qrv="0.99" trecov="3" ttest="2" tvote="1">
		<tool name="none"/>
		<tool name="nvp01"/>
		<tool name="nvp11"/>
		<tool name="rb11"/>
		<sw cost="31" num="0" rel="0.873086810777"/>
		<sw cost="11" num="1" rel="0.869392453305"/>
		<sw cost="30" num="2" rel="0.8842510716"/>
		<sw cost="30" num="3" rel="0.984343417756"/>
		<sw cost="27" num="4" rel="0.880898792517"/>
		<hw cost="30" num="0" rel="0.880442992724"/>
		<hw cost="27" num="1" rel="0.884827364739"/>
		<hw cost="25" num="2" rel="0.951084073888"/>
		<hw cost="8" num="3" rel="0.927123015845"/>
		<hw cost="6" num="4" rel="0.869469929984"/>
		<time hwnum="0" swnum="0" t="139"/>
		<time hwnum="1" swnum="0" t="117"/>
		<time hwnum="2" swnum="0" t="122"/>
		<time hwnum="3" swnum="0" t="111"/>
		<time hwnum="4" swnum="0" t="122"/>
		<time hwnum="0" swnum="1" t="131"/>
		<time hwnum="1" swnum="1" t="142"/>
		<time hwnum="2" swnum="1" t="119"/>
		<time hwnum="3" swnum="1" t="134"/>
		<time hwnum="4" swnum="1" t="145"/>
		<time hwnum="0" swnum="2" t="131"/>
		<time hwnum="1" swnum="2" t="143"/>
		<time hwnum="2" swnum="2" t="100"/>
		<time hwnum="3" swnum="2" t="142"/>
		<time hwnum="4" swnum="2" t="118"/>
		<time hwnum="0" swnum="3" t="123"/>
		<time hwnum="1" swnum="3" t="112"/>
		<time hwnum="2" swnum="3" t="138"/>
		<time hwnum="3" swnum="3" t="131"/>
		<time hwnum="4" swnum="3" t="143"/>
		<time hwnum="0" swnum="4" t="109"/>
		<time hwnum="1" swnum="4" t="110"/>
		<time hwnum="2" swnum="4" t="116"/>
		<time hwnum="3" swnum="4" t="143"/>
		<time hwnum="4" swnum="4" t="142"/>
	</module>
	<module limittime="100000" num="8" qall="0.99" qd="0.99" qrv="0.99" trecov="3" ttest="2" tvote="1">
		<tool name="none"/>
		<tool name="nvp01"/>
		<tool name="nvp11"/>
		<tool name="rb11"/>
		<sw cost="32" num="0" rel="0.979383826785"/>
		<sw cost="12" num="1" rel="0.91010290428"/>
		<sw cost="29" num="2" rel="0.901457968623"/>
		<sw cost="5" num="3" rel="0.924151675369"/>
		<sw cost="20" num="4" rel="0.98754655351"/>
		<hw cost="29" num="0" rel="0.866428650962"/>
		<hw cost="18" num="1" rel="0.928543724468"/>
		<hw cost="12" num="2" rel="0.859715342183"/>
		<hw cost="25" num="3" rel="0.893010091667"/>
		<hw cost="25" num="4" rel="0.858568794293"/>
		<time hwnum="0" swnum="0" t="144"/>
		<time hwnum="1" swnum="0" t="121"/>
		<time hwnum="2" swnum="0" t="111"/>
		<time hwnum="3" swnum="0" t="114"/>
		<time hwnum="4" swnum="0" t="111"/>
		<time hwnum="0" swnum="1" t="150"/>
		<time hwnum="1" swnum="1" t="148"/>
		<time hwnum="2" swnum="1" t="141"/>
		<time hwnum="3" swnum="1" t="137"/>
		<time hwnum="4" swnum="1" t="150"/>
		<time hwnum="0" swnum="2" t="116"/>
		<time hwnum="1" swnum="2" t="116"/>
		<time hwnum="2" swnum="2" t="132"/>
		<time hwnum="3" swnum="2" t="116"/>
		<time hwnum="4" swnum="2" t="139"/>
		<time hwnum="0" swnum="3" t="137"/>
		<time hwnum="1" swnum="3" t="102"/>
		<time hwnum="2" swnum="3" t="147"/>
		<time hwnum="3" swnum="3" t="125"/>
		<time hwnum="4" swnum="3" t="144"/>
		<time hwnum="0" swnum="4" t="114"/>
		<time hwnum="1" swnum="4" t="129"/>
		<time hwnum="2" swnum="4" t="130"/>
		<time hwnum="3" swnum="4" t="136"/>
		<time hwnum="4" swnum="4" t="142"/>
	</module>
	<module limittime="100000" num="9" qall="0.99" qd="0.99" qrv="0.99" trecov="3" ttest="2" tvote="1">
		<tool name="none"/>
		<tool name="nvp01"/>
		<tool name="nvp11"/>
		<tool name="rb11"/>
		<sw cost="33" num="0" rel="0.915964098485"/>
		<sw cost="27" num="1" rel="0.933774331076"/>
		<sw cost="19" num="2" rel="0.966380314658"/>
		<sw cost="34" num="3" rel="0.909400620057"/>
		<sw cost="8" num="4" rel="0.974267591133"/>
		<hw cost="13" num="0" rel="0.856962472177"/>
		<hw cost="19" num="1" rel="0.978932106684"/>
		<hw cost="6" num="2" rel="0.850985829522"/>
		<hw cost="5" num="3" rel="0.926688746504"/>
		<hw cost="29" num="4" rel="0.871434687578"/>
		<time hwnum="0" swnum="0" t="107"/>
		<time hwnum="1" swnum="0" t="135"/>
		<time hwnum="2" swnum="0" t="123"/>
		<time hwnum="3" swnum="0" t="148"/>
		<time hwnum="4" swnum="0" t="105"/>
		<time hwnum="0" swnum="1" t="137"/>
		<time hwnum="1" swnum="1" t="149"/>
		<time hwnum="2" swnum="1" t="100"/>
		<time hwnum="3" swnum="1" t="132"/>
		<time hwnum="4" swnum="1" t="127"/>
		<time hwnum="0" swnum="2" t="133"/>
		<time hwnum="1" swnum="2" t="130"/>
		<time hwnum="2" swnum="2" t="119"/>
		<time hwnum="3" swnum="2" t="106"/>
		<time hwnum="4" swnum="2" t="131"/>
		<time hwnum="0" swnum="3" t="136"/>
		<time hwnum="1" swnum="3" t="128"/>
		<time hwnum="2" swnum="3" t="100"/>
		<time hwnum="3" swnum="3" t="136"/>
		<time hwnum="4" swnum="3" t="137"/>
		<time hwnum="0" swnum="4" t="110"/>
		<time hwnum="1" swnum="4" t="107"/>
		<time hwnum="2" swnum="4" t="102"/>
		<time hwnum="3" swnum="4" t="148"/>
		<time hwnum="4" swnum="4" t="106"/>
	</module>
	<module limittime="100000" num="10" qall="0.99" qd="0.99" qrv="0.99" trecov="3" ttest="2" tvote="1">
		<tool name="none"/>
		<tool name="nvp01"/>
		<tool name="nvp11"/>
		<tool name="rb11"/>
		<sw cost="6" num="0" rel="0.909199112522"/>
		<sw cost="7" num="1" rel="0.852456679803"/>
		<sw cost="30" num="2" rel="0.854426847117"/>
		<sw cost="15" num="3" rel="0.935830455984"/>
		<sw cost="15" num="4" rel="0.894061958558"/>
		<hw cost="6" num="0" rel="0.978272449782"/>
		<hw cost="21" num="1" rel="0.980034326029"/>
		<hw cost="31" num="2" rel="0.89111057443"/>
		<hw cost="12" num="3" rel="0.958144666702"/>
		<hw cost="7" num="4" rel="0.93915415208"/>
		<time hwnum="0" swnum="0" t="103"/>
		<time hwnum="1" swnum="0" t="113"/>
		<time hwnum="2" swnum="0" t="122"/>
		<time hwnum="3" swnum="0" t="150"/>
		<time hwnum="4" swnum="0" t="103"/>
		<time hwnum="0" swnum="1" t="127"/>
		<time hwnum="1" swnum="1" t="118"/>
		<time hwnum="2" swnum="1" t="100"/>
		<time hwnum="3" swnum="1" t="132"/>
		<time hwnum="4" swnum="1" t="137"/>
		<time hwnum="0" swnum="2" t="134"/>
		<time hwnum="1" swnum="2" t="132"/>
		<time hwnum="2" swnum="2" t="110"/>
		<time hwnum="3" swnum="2" t="124"/>
		<time hwnum="4" swnum="2" t="118"/>
		<time hwnum="0" swnum="3" t="128"/>
		<time hwnum="1" swnum="3" t="113"/>
		<time hwnum="2" swnum="3" t="128"/>
		<time hwnum="3" swnum="3" t="136"/>
		<time hwnum="4" swnum="3" t="118"/>
		<time hwnum="0" swnum="4" t="110"/>
		<time hwnum="1" swnum="4" t="100"/>
		<time hwnum="2" swnum="4" t="148"/>
		<time hwnum="3" swnum="4" t="102"/>
		<time hwnum="4" swnum="4" t="131"/>
	</module>
	<module limittime="100000" num="11" qall="0.99" qd="0.99" qrv="0.99" trecov="3" ttest="2" tvote="1">
		<tool name="none"/>
		<tool name="nvp01"/>
		<tool name="nvp11"/>
		<tool name="rb11"/>
		<sw cost="15" num="0" rel="0.932943034558"/>
		<sw cost="23" num="1" rel="0.917318734393"/>
		<sw cost="21" num="2" rel="0.871452392918"/>
		<sw cost="5" num="3" rel="0.93953882998"/>
		<sw cost="11" num="4" rel="0.952937522192"/>
		<hw cost="26" num="0" rel="0.865931493455"/>
		<hw cost="19" num="1" rel="0.921988251258"/>
		<hw cost="15" num="2" rel="0.902184654591"/>
		<hw cost="25" num="3" rel="0.890983883736"/>
		<hw cost="5" num="4" rel="0.961526736145"/>
		<time hwnum="0" swnum="0" t="126"/>
		<time hwnum="1" swnum="0" t="124"/>
		<time hwnum="2" swnum="0" t="115"/>
		<time hwnum="3" swnum="0" t="109"/>
		<time hwnum="4" swnum="0" t="129"/>
		<time hwnum="0" swnum="1" t="137"/>
		<time hwnum="1" swnum="1" t="148"/>
		<time hwnum="2" swnum="1" t="142"/>
		<time hwnum="3" swnum="1" t="135"/>
		<time hwnum="4" swnum="1" t="107"/>
		<time hwnum="0" swnum="2" t="146"/>
		<time hwnum="1" swnum="2" t="140"/>
		<time hwnum="2" swnum="2" t="141"/>
		<time hwnum="3" swnum="2" t="135"/>
		<time hwnum="4" swnum="2" t="125"/>
		<time hwnum="0" swnum="3" t="115"/>
		<time hwnum="1" swnum="3" t="129"/>
		<time hwnum="2" swnum="3" t="106"/>
		<time hwnum="3" swnum="3" t="128"/>
		<time hwnum="4" swnum="3" t="118"/>
		<time hwnum="0" swnum="4" t="140"/>
		<time hwnum="1" swnum="4" t="114"/>
		<time hwnum="2" swnum="4" t="119"/>
		<time hwnum="3" swnum="4" t="143"/>
		<time hwnum="4" swnum="4" t="100"/>
	</module>
	<link dst="1" src="0" vol="3"/>
	<link dst="3" src="0" vol="3"/>
	<link dst="4" src="0" vol="1"/>
	<link dst="8" src="0" vol="3"/>
	<link dst="9" src="0" vol="2"/>
	<link dst="11" src="0" vol="4"/>
	<link dst="2" src="1" vol="4"/>
	<link dst="3" src="1" vol="5"/>
	<link dst="4" src="1" vol="1"/>
	<link dst="6" src="1" vol="2"/>
	<link dst="10" src="1" vol="5"/>
	<link dst="11" src="1" vol="2"/>
	<link dst="5" src="2" vol="4"/>
	<link dst="6" src="2" vol="1"/>
	<link dst="9" src="2" vol="2"/>
	<link dst="10" src="2" vol="4"/>
	<link dst="5" src="3" vol="5"/>
	<link dst="6" src="3" vol="2"/>
	<link dst="11" src="3" vol="2"/>
	<link dst="5" src="4" vol="3"/>
	<link dst="9" src="4" vol="1"/>
	<link dst="10" src="4" vol="5"/>
	<link dst="6" src="5" vol="4"/>
	<link dst="7" src="5" vol="1"/>
	<link dst="10" src="5" vol="5"/>
	<link dst="8" src="6" vol="4"/>
	<link dst="10" src="6" vol="3"/>
	<link dst="11" src="6" vol="5"/>
	<link dst="8" src="7" vol="2"/>
	<link dst="9" src="7" vol="4"/>
	<link dst="9" src="8" vol="4"/>
	<link dst="10" src="8" vol="2"/>
	<link dst="11" src="8" vol="1"/>
	<link dst="10" src="9" vol="1"/>
	<link dst="11" src="10" vol="8"/>
</system>
