<?xml version="1.0" ?>
<system limitcost="10000">
	<module limittime="100000" num="0" qall="0.99" qd="0.99" qrv="0.99" trecov="3" ttest="2" tvote="1">
		<tool name="none"/>
		<tool name="nvp01"/>
		<tool name="nvp11"/>
		<tool name="rb11"/>
		<sw cost="33" num="0" rel="0.951815119477"/>
		<sw cost="32" num="1" rel="0.91736334599"/>
		<sw cost="16" num="2" rel="0.875402684289"/>
		<sw cost="27" num="3" rel="0.894180963947"/>
		<sw cost="22" num="4" rel="0.888165443725"/>
		<hw cost="24" num="0" rel="0.971005810628"/>
		<hw cost="24" num="1" rel="0.946938882126"/>
		<hw cost="13" num="2" rel="0.965651423579"/>
		<hw cost="27" num="3" rel="0.920116307594"/>
		<hw cost="34" num="4" rel="0.93149112991"/>
		<time hwnum="0" swnum="0" t="25"/>
		<time hwnum="1" swnum="0" t="12"/>
		<time hwnum="2" swnum="0" t="19"/>
		<time hwnum="3" swnum="0" t="14"/>
		<time hwnum="4" swnum="0" t="22"/>
		<time hwnum="0" swnum="1" t="25"/>
		<time hwnum="1" swnum="1" t="22"/>
		<time hwnum="2" swnum="1" t="17"/>
		<time hwnum="3" swnum="1" t="12"/>
		<time hwnum="4" swnum="1" t="19"/>
		<time hwnum="0" swnum="2" t="15"/>
		<time hwnum="1" swnum="2" t="26"/>
		<time hwnum="2" swnum="2" t="14"/>
		<time hwnum="3" swnum="2" t="23"/>
		<time hwnum="4" swnum="2" t="25"/>
		<time hwnum="0" swnum="3" t="12"/>
		<time hwnum="1" swnum="3" t="24"/>
		<time hwnum="2" swnum="3" t="27"/>
		<time hwnum="3" swnum="3" t="28"/>
		<time hwnum="4" swnum="3" t="24"/>
		<time hwnum="0" swnum="4" t="12"/>
		<time hwnum="1" swnum="4" t="14"/>
		<time hwnum="2" swnum="4" t="15"/>
		<time hwnum="3" swnum="4" t="13"/>
		<time hwnum="4" swnum="4" t="22"/>
	</module>
	<module limittime="100000" num="1" qall="0.99" qd="0.99" qrv="0.99" trecov="3" ttest="2" tvote="1">
		<tool name="none"/>
		<tool name="nvp01"/>
		<tool name="nvp11"/>
		<tool name="rb11"/>
		<sw cost="25" num="0" rel="0.932399445126"/>
		<sw cost="23" num="1" rel="0.889431681664"/>
		<sw cost="14" num="2" rel="0.958655370669"/>
		<sw cost="21" num="3" rel="0.858573912152"/>
		<sw cost="12" num="4" rel="0.896973646832"/>
		<hw cost="13" num="0" rel="0.921462241134"/>
		<hw cost="35" num="1" rel="0.97699840617"/>
		<hw cost="12" num="2" rel="0.910999888023"/>
		<hw cost="25" num="3" rel="0.9815780362"/>
		<hw cost="11" num="4" rel="0.972906835995"/>
		<time hwnum="0" swnum="0" t="30"/>
		<time hwnum="1" swnum="0" t="21"/>
		<time hwnum="2" swnum="0" t="21"/>
		<time hwnum="3" swnum="0" t="27"/>
		<time hwnum="4" swnum="0" t="18"/>
		<time hwnum="0" swnum="1" t="27"/>
		<time hwnum="1" swnum="1" t="18"/>
		<time hwnum="2" swnum="1" t="24"/>
		<time hwnum="3" swnum="1" t="19"/>
		<time hwnum="4" swnum="1" t="20"/>
		<time hwnum="0" swnum="2" t="14"/>
		<time hwnum="1" swnum="2" t="11"/>
		<time hwnum="2" swnum="2" t="20"/>
		<time hwnum="3" swnum="2" t="14"/>
		<time hwnum="4" swnum="2" t="18"/>
		<time hwnum="0" swnum="3" t="15"/>
		<time hwnum="1" swnum="3" t="27"/>
		<time hwnum="2" swnum="3" t="19"/>
		<time hwnum="3" swnum="3" t="11"/>
		<time hwnum="4" swnum="3" t="10"/>
		<time hwnum="0" swnum="4" t="13"/>
		<time hwnum="1" swnum="4" t="11"/>
		<time hwnum="2" swnum="4" t="11"/>
		<time hwnum="3" swnum="4" t="28"/>
		<time hwnum="4" swnum="4" t="18"/>
	</module>
	<module limittime="100000" num="2" qall="0.99" qd="0.99" qrv="0.99" trecov="3" ttest="2" tvote="1">
		<tool name="none"/>
		<tool name="nvp01"/>
		<tool name="nvp11"/>
		<tool name="rb11"/>
		<sw cost="15" num="0" rel="0.928628027529"/>
		<sw cost="13" num="1" rel="0.965656909031"/>
		<sw cost="24" num="2" rel="0.925384506007"/>
		<sw cost="29" num="3" rel="0.892652734527"/>
		<sw cost="35" num="4" rel="0.971352777008"/>
		<hw cost="6" num="0" rel="0.975236230605"/>
		<hw cost="23" num="1" rel="0.928663119747"/>
		<hw cost="35" num="2" rel="0.955262663309"/>
		<hw cost="31" num="3" rel="0.893412292856"/>
		<hw cost="30" num="4" rel="0.935297457573"/>
		<time hwnum="0" swnum="0" t="10"/>
		<time hwnum="1" swnum="0" t="15"/>
		<time hwnum="2" swnum="0" t="15"/>
		<time hwnum="3" swnum="0" t="12"/>
		<time hwnum="4" swnum="0" t="29"/>
		<time hwnum="0" swnum="1" t="16"/>
		<time hwnum="1" swnum="1" t="19"/>
		<time hwnum="2" swnum="1" t="13"/>
		<time hwnum="3" swnum="1" t="19"/>
		<time hwnum="4" swnum="1" t="22"/>
		<time hwnum="0" swnum="2" t="11"/>
		<time hwnum="1" swnum="2" t="25"/>
		<time hwnum="2" swnum="2" t="11"/>
		<time hwnum="3" swnum="2" t="24"/>
		<time hwnum="4" swnum="2" t="10"/>
		<time hwnum="0" swnum="3" t="15"/>
		<time hwnum="1" swnum="3" t="20"/>
		<time hwnum="2" swnum="3" t="28"/>
		<time hwnum="3" swnum="3" t="26"/>
		<time hwnum="4" swnum="3" t="22"/>
		<time hwnum="0" swnum="4" t="22"/>
		<time hwnum="1" swnum="4" t="28"/>
		<time hwnum="2" swnum="4" t="29"/>
		<time hwnum="3" swnum="4" t="16"/>
		<time hwnum="4" swnum="4" t="18"/>
	</module>
	<module limittime="100000" num="3" qall="0.99" qd="0.99" qrv="0.99" trecov="3" ttest="2" tvote="1">
		<tool name="none"/>
		<tool name="nvp01"/>
		<tool name="nvp11"/>
		<tool name="rb11"/>
		<sw cost="16" num="0" rel="0.862266084219"/>
		<sw cost="6" num="1" rel="0.854155604505"/>
		<sw cost="18" num="2" rel="0.938316932242"/>
		<sw cost="33" num="3" rel="0.982202140552"/>
		<sw cost="35" num="4" rel="0.917424264544"/>
		<hw cost="31" num="0" rel="0.913865817314"/>
		<hw cost="33" num="1" rel="0.852302316257"/>
		<hw cost="20" num="2" rel="0.957641946243"/>
		<hw cost="26" num="3" rel="0.889657550446"/>
		<hw cost="8" num="4" rel="0.959347043628"/>
		<time hwnum="0" swnum="0" t="28"/>
		<time hwnum="1" swnum="0" t="13"/>
		<time hwnum="2" swnum="0" t="15"/>
		<time hwnum="3" swnum="0" t="15"/>
		<time hwnum="4" swnum="0" t="11"/>
		<time hwnum="0" swnum="1" t="13"/>
		<time hwnum="1" swnum="1" t="22"/>
		<time hwnum="2" swnum="1" t="21"/>
		<time hwnum="3" swnum="1" t="27"/>
		<time hwnum="4" swnum="1" t="17"/>
		<time hwnum="0" swnum="2" t="13"/>
		<time hwnum="1" swnum="2" t="21"/>
		<time hwnum="2" swnum="2" t="10"/>
		<time hwnum="3" swnum="2" t="26"/>
		<time hwnum="4" swnum="2" t="11"/>
		<time hwnum="0" swnum="3" t="18"/>
		<time hwnum="1" swnum="3" t="17"/>
		<time hwnum="2" swnum="3" t="13"/>
		<time hwnum="3" swnum="3" t="23"/>
		<time hwnum="4" swnum="3" t="24"/>
		<time hwnum="0" swnum="4" t="26"/>
		<time hwnum="1" swnum="4" t="12"/>
		<time hwnum="2" swnum="4" t="18"/>
		<time hwnum="3" swnum="4" t="17"/>
		<time hwnum="4" swnum="4" t="20"/>
	</module>
	<module limittime="100000" num="4" qall="0.99" qd="0.99" qrv="0.99" trecov="3" ttest="2" tvote="1">
		<tool name="none"/>
		<tool name="nvp01"/>
		<tool name="nvp11"/>
		<tool name="rb11"/>
		<sw cost="8" num="0" rel="0.910223651637"/>
		<sw cost="24" num="1" rel="0.938465301172"/>
		<sw cost="5" num="2" rel="0.908292055254"/>
		<sw cost="13" num="3" rel="0.926744735807"/>
		<sw cost="18" num="4" rel="0.919201618594"/>
		<hw cost="16" num="0" rel="0.880513177455"/>
		<hw cost="31" num="1" rel="0.957411226879"/>
		<hw cost="21" num="2" rel="0.909595821051"/>
		<hw cost="17" num="3" rel="0.968169792482"/>
		<hw cost="23" num="4" rel="0.918976541774"/>
		<time hwnum="0" swnum="0" t="17"/>
		<time hwnum="1" swnum="0" t="22"/>
		<time hwnum="2" swnum="0" t="28"/>
		<time hwnum="3" swnum="0" t="12"/>
		<time hwnum="4" swnum="0" t="11"/>
		<time hwnum="0" swnum="1" t="12"/>
		<time hwnum="1" swnum="1" t="23"/>
		<time hwnum="2" swnum="1" t="18"/>
		<time hwnum="3" swnum="1" t="12"/>
		<time hwnum="4" swnum="1" t="21"/>
		<time hwnum="0" swnum="2" t="17"/>
		<time hwnum="1" swnum="2" t="30"/>
		<time hwnum="2" swnum="2" t="29"/>
		<time hwnum="3" swnum="2" t="28"/>
		<time hwnum="4" swnum="2" t="25"/>
		<time hwnum="0" swnum="3" t="28"/>
		<time hwnum="1" swnum="3" t="26"/>
		<time hwnum="2" swnum="3" t="17"/>
		<time hwnum="3" swnum="3" t="30"/>
		<time hwnum="4" swnum="3" t="19"/>
		<time hwnum="0" swnum="4" t="25"/>
		<time hwnum="1" swnum="4" t="21"/>
		<time hwnum="2" swnum="4" t="29"/>
		<time hwnum="3" swnum="4" t="20"/>
		<time hwnum="4" swnum="4" t="19"/>
	</module>
	<module limittime="100000" num="5" qall="0.99" qd="0.99" qrv="0.99" trecov="3" ttest="2" tvote="1">
		<tool name="none"/>
		<tool name="nvp01"/>
		<tool name="nvp11"/>
		<tool name="rb11"/>
		<sw cost="33" num="0" rel="0.922044593596"/>
		<sw cost="30" num="1" rel="0.956031492098"/>
		<sw cost="12" num="2" rel="0.887501183217"/>
		<sw cost="25" num="3" rel="0.913500722114"/>
		<sw cost="22" num="4" rel="0.946384242648"/>
		<hw cost="11" num="0" rel="0.90176111316"/>
		<hw cost="34" num="1" rel="0.930396868778"/>
		<hw cost="23" num="2" rel="0.946004920207"/>
		<hw cost="21" num="3" rel="0.91954522109"/>
		<hw cost="13" num="4" rel="0.863087049904"/>
		<time hwnum="0" swnum="0" t="17"/>
		<time hwnum="1" swnum="0" t="29"/>
		<time hwnum="2" swnum="0" t="22"/>
		<time hwnum="3" swnum="0" t="10"/>
		<time hwnum="4" swnum="0" t="18"/>
		<time hwnum="0" swnum="1" t="22"/>
		<time hwnum="1" swnum="1" t="26"/>
		<time hwnum="2" swnum="1" t="24"/>
		<time hwnum="3" swnum="1" t="15"/>
		<time hwnum="4" swnum="1" t="23"/>
		<time hwnum="0" swnum="2" t="20"/>
		<time hwnum="1" swnum="2" t="20"/>
		<time hwnum="2" swnum="2" t="12"/>
		<time hwnum="3" swnum="2" t="18"/>
		<time hwnum="4" swnum="2" t="21"/>
		<time hwnum="0" swnum="3" t="20"/>
		<time hwnum="1" swnum="3" t="23"/>
		<time hwnum="2" swnum="3" t="10"/>
		<time hwnum="3" swnum="3" t="10"/>
		<time hwnum="4" swnum="3" t="27"/>
		<time hwnum="0" swnum="4" t="28"/>
		<time hwnum="1" swnum="4" t="25"/>
		<time hwnum="2" swnum="4" t="28"/>
		<time hwnum="3" swnum="4" t="28"/>
		<time hwnum="4" swnum="4" t="30"/>
	</module>
	<module limittime="100000" num="6" qall="0.99" qd="0.99" qrv="0.99" trecov="3" ttest="2" tvote="1">
		<tool name="none"/>
		<tool name="nvp01"/>
		<tool name="nvp11"/>
		<tool name="rb11"/>
		<sw cost="14" num="0" rel="0.858340825455"/>
		<sw cost="6" num="1" rel="0.955726433251"/>
		<sw cost="14" num="2" rel="0.902978643286"/>
		<sw cost="15" num="3" rel="0.908394390174"/>
		<sw cost="10" num="4" rel="0.973100273436"/>
		<hw cost="24" num="0" rel="0.963349783091"/>
		<hw cost="28" num="1" rel="0.850129832473"/>
		<hw cost="19" num="2" rel="0.947308288388"/>
		<hw cost="14" num="3" rel="0.904268721902"/>
		<hw cost="28" num="4" rel="0.902682234774"/>
		<time hwnum="0" swnum="0" t="18"/>
		<time hwnum="1" swnum="0" t="23"/>
		<time hwnum="2" swnum="0" t="23"/>
		<time hwnum="3" swnum="0" t="20"/>
		<time hwnum="4" swnum="0" t="28"/>
		<time hwnum="0" swnum="1" t="15"/>
		<time hwnum="1" swnum="1" t="28"/>
		<time hwnum="2" swnum="1" t="30"/>
		<time hwnum="3" swnum="1" t="22"/>
		<time hwnum="4" swnum="1" t="10"/>
		<time hwnum="0" swnum="2" t="18"/>
		<time hwnum="1" swnum="2" t="21"/>
		<time hwnum="2" swnum="2" t="24"/>
		<time hwnum="3" swnum="2" t="18"/>
		<time hwnum="4" swnum="2" t="28"/>
		<time hwnum="0" swnum="3" t="14"/>
		<time hwnum="1" swnum="3" t="12"/>
		<time hwnum="2" swnum="3" t="30"/>
		<time hwnum="3" swnum="3" t="12"/>
		<time hwnum="4" swnum="3" t="24"/>
		<time hwnum="0" swnum="4" t="27"/>
		<time hwnum="1" swnum="4" t="20"/>
		<time hwnum="2" swnum="4" t="30"/>
		<time hwnum="3" swnum="4" t="16"/>
		<time hwnum="4" swnum="4" t="25"/>
	</module>
	<module limittime="100000" num="7" qall="0.99" qd="0.99" qrv="0.99" trecov="3" ttest="2" tvote="1">
		<tool name="none"/>
		<tool name="nvp01"/>
		<tool name="nvp11"/>
		<tool name="rb11"/>
		<sw cost="14" num="0" rel="0.965281228706"/>
		<sw cost="11" num="1" rel="0.885169795713"/>
		<sw cost="21" num="2" rel="0.927031932032"/>
		<sw cost="17" num="3" rel="0.891898374831"/>
		<sw cost="7" num="4" rel="0.972885784423"/>
		<hw cost="21" num="0" rel="0.876752264578"/>
		<hw cost="14" num="1" rel="0.914762743572"/>
		<hw cost="31" num="2" rel="0.919935291917"/>
		<hw cost="30" num="3" rel="0.989530697583"/>
		<hw cost="26" num="4" rel="0.859449174957"/>
		<time hwnum="0" swnum="0" t="10"/>
		<time hwnum="1" swnum="0" t="12"/>
		<time hwnum="2" swnum="0" t="25"/>
		<time hwnum="3" swnum="0" t="30"/>
		<time hwnum="4" swnum="0" t="23"/>
		<time hwnum="0" swnum="1" t="19"/>
		<time hwnum="1" swnum="1" t="17"/>
		<time hwnum="2" swnum="1" t="13"/>
		<time hwnum="3" swnum="1" t="14"/>
		<time hwnum="4" swnum="1" t="19"/>
		<time hwnum="0" swnum="2" t="26"/>
		<time hwnum="1" swnum="2" t="28"/>
		<time hwnum="2" swnum="2" t="10"/>
		<time hwnum="3" swnum="2" t="13"/>
		<time hwnum="4" swnum="2" t="14"/>
		<time hwnum="0" swnum="3" t="15"/>
		<time hwnum="1" swnum="3" t="11"/>
		<time hwnum="2" swnum="3" t="20"/>
		<time hwnum="3" swnum="3" t="20"/>
		<time hwnum="4" swnum="3" t="29"/>
		<time hwnum="0" swnum="4" t="20"/>
		<time hwnum="1" swnum="4" t="21"/>
		<time hwnum="2" swnum="4" t="24"/>
		<time hwnum="3" swnum="4" t="28"/>
		<time hwnum="4" swnum="4" t="24"/>
	</module>
	<module limittime="100000" num="8" qall="0.99" qd="0.99" qrv="0.99" trecov="3" ttest="2" tvote="1">
		<tool name="none"/>
		<tool name="nvp01"/>
		<tool name="nvp11"/>
		<tool name="rb11"/>
		<sw cost="5" num="0" rel="0.898604712043"/>
		<sw cost="30" num="1" rel="0.913488354289"/>
		<sw cost="21" num="2" rel="0.916678496726"/>
		<sw cost="20" num="3" rel="0.981399098196"/>
		<sw cost="15" num="4" rel="0.883358882129"/>
		<hw cost="15" num="0" rel="0.919649667738"/>
		<hw cost="35" num="1" rel="0.896352302472"/>
		<hw cost="29" num="2" rel="0.900925202831"/>
		<hw cost="15" num="3" rel="0.932565246942"/>
		<hw cost="9" num="4" rel="0.989990455154"/>
		<time hwnum="0" swnum="0" t="27"/>
		<time hwnum="1" swnum="0" t="11"/>
		<time hwnum="2" swnum="0" t="28"/>
		<time hwnum="3" swnum="0" t="22"/>
		<time hwnum="4" swnum="0" t="20"/>
		<time hwnum="0" swnum="1" t="10"/>
		<time hwnum="1" swnum="1" t="30"/>
		<time hwnum="2" swnum="1" t="16"/>
		<time hwnum="3" swnum="1" t="19"/>
		<time hwnum="4" swnum="1" t="23"/>
		<time hwnum="0" swnum="2" t="11"/>
		<time hwnum="1" swnum="2" t="13"/>
		<time hwnum="2" swnum="2" t="14"/>
		<time hwnum="3" swnum="2" t="30"/>
		<time hwnum="4" swnum="2" t="18"/>
		<time hwnum="0" swnum="3" t="29"/>
		<time hwnum="1" swnum="3" t="12"/>
		<time hwnum="2" swnum="3" t="26"/>
		<time hwnum="3" swnum="3" t="14"/>
		<time hwnum="4" swnum="3" t="13"/>
		<time hwnum="0" swnum="4" t="27"/>
		<time hwnum="1" swnum="4" t="27"/>
		<time hwnum="2" swnum="4" t="22"/>
		<time hwnum="3" swnum="4" t="19"/>
		<time hwnum="4" swnum="4" t="13"/>
	</module>
	<module limittime="100000" num="9" qall="0.99" qd="0.99" qrv="0.99" trecov="3" ttest="2" tvote="1">
		<tool name="none"/>
		<tool name="nvp01"/>
		<tool name="nvp11"/>
		<tool name="rb11"/>
		<sw cost="5" num="0" rel="0.909710660545"/>
		<sw cost="24" num="1" rel="0.894408532437"/>
		<sw cost="30" num="2" rel="0.897549241937"/>
		<sw cost="12" num="3" rel="0.907232414759"/>
		<sw cost="13" num="4" rel="0.900249510095"/>
		<hw cost="19" num="0" rel="0.947114067581"/>
		<hw cost="25" num="1" rel="0.886407363021"/>
		<hw cost="31" num="2" rel="0.887048747626"/>
		<hw cost="27" num="3" rel="0.944022715184"/>
		<hw cost="22" num="4" rel="0.946840623009"/>
		<time hwnum="0" swnum="0" t="23"/>
		<time hwnum="1" swnum="0" t="16"/>
		<time hwnum="2" swnum="0" t="25"/>
		<time hwnum="3" swnum="0" t="22"/>
		<time hwnum="4" swnum="0" t="19"/>
		<time hwnum="0" swnum="1" t="30"/>
		<time hwnum="1" swnum="1" t="25"/>
		<time hwnum="2" swnum="1" t="13"/>
		<time hwnum="3" swnum="1" t="12"/>
		<time hwnum="4" swnum="1" t="22"/>
		<time hwnum="0" swnum="2" t="14"/>
		<time hwnum="1" swnum="2" t="16"/>
		<time hwnum="2" swnum="2" t="26"/>
		<time hwnum="3" swnum="2" t="15"/>
		<time hwnum="4" swnum="2" t="18"/>
		<time hwnum="0" swnum="3" t="16"/>
		<time hwnum="1" swnum="3" t="26"/>
		<time hwnum="2" swnum="3" t="17"/>
		<time hwnum="3" swnum="3" t="13"/>
		<time hwnum="4" swnum="3" t="18"/>
		<time hwnum="0" swnum="4" t="27"/>
		<time hwnum="1" swnum="4" t="10"/>
		<time hwnum="2" swnum="4" t="19"/>
		<time hwnum="3" swnum="4" t="29"/>
		<time hwnum="4" swnum="4" t="28"/>
	</module>
	<module limittime="100000" num="10" qall="0.99" qd="0.99" qrv="0.99" trecov="3" ttest="2" tvote="1">
		<tool name="none"/>
		<tool name="nvp01"/>
		<tool name="nvp11"/>
		<tool name="rb11"/>
		<sw cost="7" num="0" rel="0.919610009139"/>
		<sw cost="33" num="1" rel="0.892494810292"/>
		<sw cost="9" num="2" rel="0.906008620456"/>
		<sw cost="12" num="3" rel="0.893313004279"/>
		<sw cost="27" num="4" rel="0.975660393863"/>
		<hw cost="29" num="0" rel="0.882431556919"/>
		<hw cost="34" num="1" rel="0.940139241805"/>
		<hw cost="23" num="2" rel="0.988935890121"/>
		<hw cost="22" num="3" rel="0.858087651643"/>
		<hw cost="6" num="4" rel="0.95526082739"/>
		<time hwnum="0" swnum="0" t="17"/>
		<time hwnum="1" swnum="0" t="20"/>
		<time hwnum="2" swnum="0" t="29"/>
		<time hwnum="3" swnum="0" t="20"/>
		<time hwnum="4" swnum="0" t="23"/>
		<time hwnum="0" swnum="1" t="23"/>
		<time hwnum="1" swnum="1" t="29"/>
		<time hwnum="2" swnum="1" t="20"/>
		<time hwnum="3" swnum="1" t="17"/>
		<time hwnum="4" swnum="1" t="26"/>
		<time hwnum="0" swnum="2" t="15"/>
		<time hwnum="1" swnum="2" t="27"/>
		<time hwnum="2" swnum="2" t="26"/>
		<time hwnum="3" swnum="2" t="19"/>
		<time hwnum="4" swnum="2" t="15"/>
		<time hwnum="0" swnum="3" t="27"/>
		<time hwnum="1" swnum="3" t="15"/>
		<time hwnum="2" swnum="3" t="24"/>
		<time hwnum="3" swnum="3" t="27"/>
		<time hwnum="4" swnum="3" t="10"/>
		<time hwnum="0" swnum="4" t="24"/>
		<time hwnum="1" swnum="4" t="11"/>
		<time hwnum="2" swnum="4" t="21"/>
		<time hwnum="3" swnum="4" t="24"/>
		<time hwnum="4" swnum="4" t="12"/>
	</module>
	<module limittime="100000" num="11" qall="0.99" qd="0.99" qrv="0.99" trecov="3" ttest="2" tvote="1">
		<tool name="none"/>
		<tool name="nvp01"/>
		<tool name="nvp11"/>
		<tool name="rb11"/>
		<sw cost="11" num="0" rel="0.911375350639"/>
		<sw cost="14" num="1" rel="0.862218591022"/>
		<sw cost="10" num="2" rel="0.882764886355"/>
		<sw cost="12" num="3" rel="0.98976903066"/>
		<sw cost="24" num="4" rel="0.947765054602"/>
		<hw cost="35" num="0" rel="0.988809053345"/>
		<hw cost="29" num="1" rel="0.977548284264"/>
		<hw cost="14" num="2" rel="0.988652670694"/>
		<hw cost="30" num="3" rel="0.916244881149"/>
		<hw cost="11" num="4" rel="0.868745508896"/>
		<time hwnum="0" swnum="0" t="28"/>
		<time hwnum="1" swnum="0" t="13"/>
		<time hwnum="2" swnum="0" t="23"/>
		<time hwnum="3" swnum="0" t="28"/>
		<time hwnum="4" swnum="0" t="19"/>
		<time hwnum="0" swnum="1" t="15"/>
		<time hwnum="1" swnum="1" t="15"/>
		<time hwnum="2" swnum="1" t="28"/>
		<time hwnum="3" swnum="1" t="17"/>
		<time hwnum="4" swnum="1" t="16"/>
		<time hwnum="0" swnum="2" t="13"/>
		<time hwnum="1" swnum="2" t="25"/>
		<time hwnum="2" swnum="2" t="30"/>
		<time hwnum="3" swnum="2" t="22"/>
		<time hwnum="4" swnum="2" t="27"/>
		<time hwnum="0" swnum="3" t="21"/>
		<time hwnum="1" swnum="3" t="19"/>
		<time hwnum="2" swnum="3" t="18"/>
		<time hwnum="3" swnum="3" t="14"/>
		<time hwnum="4" swnum="3" t="15"/>
		<time hwnum="0" swnum="4" t="16"/>
		<time hwnum="1" swnum="4" t="29"/>
		<time hwnum="2" swnum="4" t="23"/>
		<time hwnum="3" swnum="4" t="28"/>
		<time hwnum="4" swnum="4" t="27"/>
	</module>
	<link dst="1" src="0" vol="3"/>
	<link dst="2" src="0" vol="6"/>
	<link dst="3" src="0" vol="1"/>
	<link dst="5" src="0" vol="10"/>
	<link dst="6" src="0" vol="9"/>
	<link dst="7" src="0" vol="2"/>
	<link dst="10" src="0" vol="7"/>
	<link dst="11" src="0" vol="2"/>
	<link dst="3" src="1" vol="10"/>
	<link dst="5" src="1" vol="2"/>
	<link dst="6" src="1" vol="8"/>
	<link dst="8" src="1" vol="5"/>
	<link dst="3" src="2" vol="1"/>
	<link dst="7" src="2" vol="3"/>
	<link dst="9" src="2" vol="8"/>
	<link dst="4" src="3" vol="10"/>
	<link dst="6" src="3" vol="3"/>
	<link dst="8" src="3" vol="8"/>
	<link dst="5" src="4" vol="7"/>
	<link dst="6" src="4" vol="9"/>
	<link dst="7" src="4" vol="9"/>
	<link dst="9" src="4" vol="10"/>
	<link dst="10" src="4" vol="1"/>
	<link dst="6" src="5" vol="8"/>
	<link dst="7" src="5" vol="1"/>
	<link dst="9" src="5" vol="6"/>
	<link dst="10" src="5" vol="4"/>
	<link dst="8" src="6" vol="3"/>
	<link dst="9" src="6" vol="6"/>
	<link dst="10" src="6" vol="10"/>
	<link dst="8" src="7" vol="8"/>
	<link dst="9" src="7" vol="7"/>
	<link dst="10" src="7" vol="3"/>
	<link dst="11" src="7" vol="9"/>
	<link dst="9" src="8" vol="7"/>
	<link dst="10" src="8" vol="1"/>
	<link dst="11" src="8" vol="4"/>
	<link dst="10" src="9" vol="9"/>
	<link dst="11" src="9" vol="8"/>
	<link dst="11" src="10" vol="8"/>
</system>
