<system name="s" limitcost="1001">
	<module num="0" qrv="1" qd="1" qall="1">
		<tool name="none"/>
		<sw num="0" rel="0.9" cost="20"/>
		<sw num="1" rel="0.99" cost="40"/>
		<sw num="2" rel="0.999" cost="60"/>
		<sw num="3" rel="0.9999" cost="80"/>
		<sw num="4" rel="0.99999" cost="100"/>
		<sw num="5" rel="0.999999" cost="120"/>
		<sw num="6" rel="0.9999999" cost="140"/>
		<sw num="7" rel="0.99999999" cost="180"/>
		<hw num="0" rel="0.85" cost="30"/>
		<hw num="1" rel="0.9775" cost="60"/>
		<hw num="2" rel="0.9966" cost="90"/>
		<hw num="3" rel="0.9995" cost="120"/>
		<hw num="4" rel="0.9999" cost="150"/>
	</module>
	<module num="1" qrv="1" qd="1" qall="1">
		<tool name="none"/>
		<sw num="0" rel="0.8" cost="20"/>
		<sw num="1" rel="0.96" cost="40"/>
		<sw num="2" rel="0.99" cost="60"/>
		<sw num="3" rel="0.998" cost="80"/>
		<sw num="4" rel="0.9997" cost="100"/>
		<sw num="5" rel="0.9999" cost="120"/>
		<sw num="6" rel="0.99999" cost="140"/>
		<sw num="7" rel="0.999999" cost="160"/>
		<hw num="0" rel="0.75" cost="30"/>
		<hw num="1" rel="0.938" cost="40"/>
		<hw num="2" rel="0.98" cost="50"/>
		<hw num="3" rel="0.999" cost="60"/>
		<hw num="4" rel="0.9999" cost="70"/>
	</module>
	<module num="2" qrv="1" qd="1" qall="1">
		<tool name="none"/>
		<sw num="0" rel="0.85" cost="20"/>
		<sw num="1" rel="0.99" cost="40"/>
		<sw num="2" rel="0.999" cost="65"/>
		<sw num="3" rel="0.9999" cost="80"/>
		<sw num="4" rel="0.99998" cost="100"/>
		<sw num="5" rel="0.999998" cost="120"/>
		<sw num="6" rel="0.9999998" cost="140"/>
		<sw num="7" rel="0.99999998" cost="155"/>
		<hw num="0" rel="0.9" cost="25"/>
		<hw num="1" rel="0.95" cost="30"/>
		<hw num="2" rel="0.999" cost="50"/>
		<hw num="3" rel="0.9999" cost="70"/>
		<hw num="4" rel="0.99999" cost="90"/>
	</module>
	<module num="3" qrv="1" qd="1" qall="1">
		<tool name="none"/>
		<sw num="0" rel="0.95" cost="40"/>
		<sw num="1" rel="0.99" cost="60"/>
		<sw num="2" rel="0.997" cost="80"/>
		<sw num="3" rel="0.9997" cost="100"/>
		<sw num="4" rel="0.99997" cost="120"/>
		<sw num="5" rel="0.999997" cost="140"/>
		<sw num="6" rel="0.9999997" cost="160"/>
		<sw num="7" rel="0.99999997" cost="180"/>
		<hw num="0" rel="0.85" cost="10"/>
		<hw num="1" rel="0.995" cost="30"/>
		<hw num="2" rel="0.999" cost="60"/>
		<hw num="3" rel="0.9999" cost="80"/>
		<hw num="4" rel="0.99999" cost="120"/>
	</module>
	<module num="4" qrv="1" qd="1" qall="1">
		<tool name="none"/>
		<sw num="0" rel="0.9" cost="30"/>
		<sw num="1" rel="0.95" cost="50"/>
		<sw num="2" rel="0.995" cost="70"/>
		<sw num="3" rel="0.9995" cost="90"/>
		<sw num="4" rel="0.99995" cost="110"/>
		<sw num="5" rel="0.999995" cost="130"/>
		<sw num="6" rel="0.9999995" cost="150"/>
		<sw num="7" rel="0.99999995" cost="170"/>
		<hw num="0" rel="0.99" cost="15"/>
		<hw num="1" rel="0.999" cost="40"/>
		<hw num="2" rel="0.9999" cost="70"/>
		<hw num="3" rel="0.99999" cost="100"/>
		<hw num="4" rel="0.999999" cost="130"/>
		<hw num="5" rel="0.9999999" cost="160"/>
	</module>
	<module num="5" qrv="1" qd="1" qall="1">
		<tool name="none"/>
		<sw num="0" rel="0.95" cost="20"/>
		<sw num="1" rel="0.999" cost="40"/>
		<sw num="2" rel="0.9998" cost="60"/>
		<sw num="3" rel="0.99999" cost="80"/>
		<sw num="4" rel="0.999998" cost="100"/>
		<sw num="5" rel="0.9999999" cost="120"/>
		<sw num="6" rel="0.99999997" cost="140"/>
		<sw num="7" rel="0.999999999" cost="160"/>
		<hw num="0" rel="0.8" cost="40"/>
		<hw num="1" rel="0.9" cost="60"/>
		<hw num="2" rel="0.99" cost="85"/>
		<hw num="3" rel="0.999" cost="110"/>
		<hw num="4" rel="0.9999" cost="130"/>
	</module>
	<module num="6" qrv="1" qd="1" qall="1">
		<tool name="none"/>
		<sw num="0" rel="0.75" cost="30"/>
		<sw num="1" rel="0.85" cost="50"/>
		<sw num="2" rel="0.99" cost="80"/>
		<sw num="3" rel="0.999" cost="100"/>
		<sw num="4" rel="0.9996" cost="120"/>
		<sw num="5" rel="0.99996" cost="140"/>
		<sw num="6" rel="0.999996" cost="160"/>
		<sw num="7" rel="0.9999996" cost="180"/>
		<hw num="0" rel="0.8" cost="10"/>
		<hw num="1" rel="0.95" cost="30"/>
		<hw num="2" rel="0.99" cost="40"/>
		<hw num="3" rel="0.999" cost="60"/>
		<hw num="4" rel="0.9999" cost="80"/>
	</module>
	<module num="7" qrv="1" qd="1" qall="1">
		<tool name="none"/>
		<sw num="0" rel="0.99" cost="50"/>
		<sw num="1" rel="0.999" cost="80"/>
		<sw num="2" rel="0.9999" cost="110"/>
		<sw num="3" rel="0.99999" cost="140"/>
		<sw num="4" rel="0.999999" cost="160"/>
		<sw num="5" rel="0.9999999" cost="180"/>
		<sw num="6" rel="0.99999998" cost="200"/>
		<sw num="7" rel="0.999999995" cost="220"/>
		<hw num="0" rel="1.0" cost="1"/>
	</module>
</system>