<?xml version="1.0" ?>
<system limitcost="1147">
	<module limittime="1725" num="0" qall="0.99" qd="0.99" qrv="0.99" trecov="3" ttest="2" tvote="1">
		<tool name="none"/>
		<tool name="nvp01"/>
		<tool name="nvp11"/>
		<tool name="rb11"/>
		<sw cost="28" num="0" rel="0.929489606911"/>
		<sw cost="11" num="1" rel="0.896893942884"/>
		<sw cost="13" num="2" rel="0.889324778372"/>
		<sw cost="12" num="3" rel="0.985431891294"/>
		<sw cost="35" num="4" rel="0.885178564104"/>
		<hw cost="7" num="0" rel="0.985211791796"/>
		<hw cost="33" num="1" rel="0.921825917639"/>
		<hw cost="14" num="2" rel="0.888838347017"/>
		<hw cost="21" num="3" rel="0.939451836764"/>
		<hw cost="18" num="4" rel="0.907421365967"/>
		<time hwnum="0" swnum="0" t="2"/>
		<time hwnum="1" swnum="0" t="5"/>
		<time hwnum="2" swnum="0" t="1"/>
		<time hwnum="3" swnum="0" t="1"/>
		<time hwnum="4" swnum="0" t="3"/>
		<time hwnum="0" swnum="1" t="4"/>
		<time hwnum="1" swnum="1" t="2"/>
		<time hwnum="2" swnum="1" t="5"/>
		<time hwnum="3" swnum="1" t="2"/>
		<time hwnum="4" swnum="1" t="5"/>
		<time hwnum="0" swnum="2" t="4"/>
		<time hwnum="1" swnum="2" t="1"/>
		<time hwnum="2" swnum="2" t="5"/>
		<time hwnum="3" swnum="2" t="1"/>
		<time hwnum="4" swnum="2" t="5"/>
		<time hwnum="0" swnum="3" t="2"/>
		<time hwnum="1" swnum="3" t="2"/>
		<time hwnum="2" swnum="3" t="3"/>
		<time hwnum="3" swnum="3" t="5"/>
		<time hwnum="4" swnum="3" t="3"/>
		<time hwnum="0" swnum="4" t="1"/>
		<time hwnum="1" swnum="4" t="1"/>
		<time hwnum="2" swnum="4" t="1"/>
		<time hwnum="3" swnum="4" t="3"/>
		<time hwnum="4" swnum="4" t="3"/>
	</module>
	<module limittime="2970" num="1" qall="0.99" qd="0.99" qrv="0.99" trecov="3" ttest="2" tvote="1">
		<tool name="none"/>
		<tool name="nvp01"/>
		<tool name="nvp11"/>
		<tool name="rb11"/>
		<sw cost="16" num="0" rel="0.960763339353"/>
		<sw cost="12" num="1" rel="0.951861139392"/>
		<sw cost="14" num="2" rel="0.952122318001"/>
		<sw cost="19" num="3" rel="0.88883869059"/>
		<sw cost="34" num="4" rel="0.906417867825"/>
		<hw cost="12" num="0" rel="0.91478519749"/>
		<hw cost="33" num="1" rel="0.90860806361"/>
		<hw cost="16" num="2" rel="0.966399514943"/>
		<hw cost="6" num="3" rel="0.968848570936"/>
		<hw cost="35" num="4" rel="0.870796395395"/>
		<time hwnum="0" swnum="0" t="3"/>
		<time hwnum="1" swnum="0" t="4"/>
		<time hwnum="2" swnum="0" t="3"/>
		<time hwnum="3" swnum="0" t="4"/>
		<time hwnum="4" swnum="0" t="5"/>
		<time hwnum="0" swnum="1" t="3"/>
		<time hwnum="1" swnum="1" t="5"/>
		<time hwnum="2" swnum="1" t="1"/>
		<time hwnum="3" swnum="1" t="4"/>
		<time hwnum="4" swnum="1" t="5"/>
		<time hwnum="0" swnum="2" t="1"/>
		<time hwnum="1" swnum="2" t="3"/>
		<time hwnum="2" swnum="2" t="1"/>
		<time hwnum="3" swnum="2" t="2"/>
		<time hwnum="4" swnum="2" t="3"/>
		<time hwnum="0" swnum="3" t="4"/>
		<time hwnum="1" swnum="3" t="3"/>
		<time hwnum="2" swnum="3" t="1"/>
		<time hwnum="3" swnum="3" t="3"/>
		<time hwnum="4" swnum="3" t="3"/>
		<time hwnum="0" swnum="4" t="1"/>
		<time hwnum="1" swnum="4" t="2"/>
		<time hwnum="2" swnum="4" t="3"/>
		<time hwnum="3" swnum="4" t="4"/>
		<time hwnum="4" swnum="4" t="3"/>
	</module>
	<module limittime="3668" num="2" qall="0.99" qd="0.99" qrv="0.99" trecov="3" ttest="2" tvote="1">
		<tool name="none"/>
		<tool name="nvp01"/>
		<tool name="nvp11"/>
		<tool name="rb11"/>
		<sw cost="17" num="0" rel="0.86000838919"/>
		<sw cost="19" num="1" rel="0.958557268961"/>
		<sw cost="11" num="2" rel="0.919455952014"/>
		<sw cost="6" num="3" rel="0.954348137665"/>
		<sw cost="7" num="4" rel="0.894858797185"/>
		<hw cost="32" num="0" rel="0.927855737501"/>
		<hw cost="19" num="1" rel="0.954145476132"/>
		<hw cost="20" num="2" rel="0.881668703391"/>
		<hw cost="11" num="3" rel="0.875155142997"/>
		<hw cost="26" num="4" rel="0.978275410948"/>
		<time hwnum="0" swnum="0" t="4"/>
		<time hwnum="1" swnum="0" t="2"/>
		<time hwnum="2" swnum="0" t="2"/>
		<time hwnum="3" swnum="0" t="4"/>
		<time hwnum="4" swnum="0" t="1"/>
		<time hwnum="0" swnum="1" t="1"/>
		<time hwnum="1" swnum="1" t="1"/>
		<time hwnum="2" swnum="1" t="2"/>
		<time hwnum="3" swnum="1" t="3"/>
		<time hwnum="4" swnum="1" t="4"/>
		<time hwnum="0" swnum="2" t="4"/>
		<time hwnum="1" swnum="2" t="5"/>
		<time hwnum="2" swnum="2" t="3"/>
		<time hwnum="3" swnum="2" t="1"/>
		<time hwnum="4" swnum="2" t="2"/>
		<time hwnum="0" swnum="3" t="2"/>
		<time hwnum="1" swnum="3" t="2"/>
		<time hwnum="2" swnum="3" t="5"/>
		<time hwnum="3" swnum="3" t="4"/>
		<time hwnum="4" swnum="3" t="3"/>
		<time hwnum="0" swnum="4" t="1"/>
		<time hwnum="1" swnum="4" t="3"/>
		<time hwnum="2" swnum="4" t="4"/>
		<time hwnum="3" swnum="4" t="5"/>
		<time hwnum="4" swnum="4" t="4"/>
	</module>
	<module limittime="2033" num="3" qall="0.99" qd="0.99" qrv="0.99" trecov="3" ttest="2" tvote="1">
		<tool name="none"/>
		<tool name="nvp01"/>
		<tool name="nvp11"/>
		<tool name="rb11"/>
		<sw cost="35" num="0" rel="0.97803740597"/>
		<sw cost="28" num="1" rel="0.900665847186"/>
		<sw cost="21" num="2" rel="0.937565478107"/>
		<sw cost="32" num="3" rel="0.952538843198"/>
		<sw cost="18" num="4" rel="0.865096659079"/>
		<hw cost="35" num="0" rel="0.916171969071"/>
		<hw cost="12" num="1" rel="0.988142036487"/>
		<hw cost="24" num="2" rel="0.946625865867"/>
		<hw cost="27" num="3" rel="0.984803124272"/>
		<hw cost="17" num="4" rel="0.981715261197"/>
		<time hwnum="0" swnum="0" t="1"/>
		<time hwnum="1" swnum="0" t="4"/>
		<time hwnum="2" swnum="0" t="3"/>
		<time hwnum="3" swnum="0" t="2"/>
		<time hwnum="4" swnum="0" t="1"/>
		<time hwnum="0" swnum="1" t="1"/>
		<time hwnum="1" swnum="1" t="2"/>
		<time hwnum="2" swnum="1" t="3"/>
		<time hwnum="3" swnum="1" t="2"/>
		<time hwnum="4" swnum="1" t="5"/>
		<time hwnum="0" swnum="2" t="4"/>
		<time hwnum="1" swnum="2" t="5"/>
		<time hwnum="2" swnum="2" t="3"/>
		<time hwnum="3" swnum="2" t="2"/>
		<time hwnum="4" swnum="2" t="3"/>
		<time hwnum="0" swnum="3" t="1"/>
		<time hwnum="1" swnum="3" t="1"/>
		<time hwnum="2" swnum="3" t="4"/>
		<time hwnum="3" swnum="3" t="3"/>
		<time hwnum="4" swnum="3" t="5"/>
		<time hwnum="0" swnum="4" t="5"/>
		<time hwnum="1" swnum="4" t="4"/>
		<time hwnum="2" swnum="4" t="1"/>
		<time hwnum="3" swnum="4" t="3"/>
		<time hwnum="4" swnum="4" t="4"/>
	</module>
	<module limittime="4317" num="4" qall="0.99" qd="0.99" qrv="0.99" trecov="3" ttest="2" tvote="1">
		<tool name="none"/>
		<tool name="nvp01"/>
		<tool name="nvp11"/>
		<tool name="rb11"/>
		<sw cost="15" num="0" rel="0.931238659572"/>
		<sw cost="29" num="1" rel="0.890701776714"/>
		<sw cost="29" num="2" rel="0.850314725838"/>
		<sw cost="26" num="3" rel="0.988607443266"/>
		<sw cost="13" num="4" rel="0.91266330426"/>
		<hw cost="24" num="0" rel="0.889977078218"/>
		<hw cost="10" num="1" rel="0.979748404852"/>
		<hw cost="12" num="2" rel="0.859824795993"/>
		<hw cost="19" num="3" rel="0.940263613982"/>
		<hw cost="11" num="4" rel="0.907987001705"/>
		<time hwnum="0" swnum="0" t="1"/>
		<time hwnum="1" swnum="0" t="5"/>
		<time hwnum="2" swnum="0" t="3"/>
		<time hwnum="3" swnum="0" t="2"/>
		<time hwnum="4" swnum="0" t="2"/>
		<time hwnum="0" swnum="1" t="2"/>
		<time hwnum="1" swnum="1" t="5"/>
		<time hwnum="2" swnum="1" t="2"/>
		<time hwnum="3" swnum="1" t="4"/>
		<time hwnum="4" swnum="1" t="3"/>
		<time hwnum="0" swnum="2" t="4"/>
		<time hwnum="1" swnum="2" t="3"/>
		<time hwnum="2" swnum="2" t="4"/>
		<time hwnum="3" swnum="2" t="4"/>
		<time hwnum="4" swnum="2" t="4"/>
		<time hwnum="0" swnum="3" t="1"/>
		<time hwnum="1" swnum="3" t="5"/>
		<time hwnum="2" swnum="3" t="2"/>
		<time hwnum="3" swnum="3" t="1"/>
		<time hwnum="4" swnum="3" t="4"/>
		<time hwnum="0" swnum="4" t="3"/>
		<time hwnum="1" swnum="4" t="2"/>
		<time hwnum="2" swnum="4" t="1"/>
		<time hwnum="3" swnum="4" t="1"/>
		<time hwnum="4" swnum="4" t="4"/>
	</module>
	<module limittime="4691" num="5" qall="0.99" qd="0.99" qrv="0.99" trecov="3" ttest="2" tvote="1">
		<tool name="none"/>
		<tool name="nvp01"/>
		<tool name="nvp11"/>
		<tool name="rb11"/>
		<sw cost="20" num="0" rel="0.872882970609"/>
		<sw cost="33" num="1" rel="0.855084445947"/>
		<sw cost="11" num="2" rel="0.936820963405"/>
		<sw cost="14" num="3" rel="0.988313274634"/>
		<sw cost="29" num="4" rel="0.963258450893"/>
		<hw cost="7" num="0" rel="0.983682829073"/>
		<hw cost="15" num="1" rel="0.941979182963"/>
		<hw cost="10" num="2" rel="0.864774131421"/>
		<hw cost="9" num="3" rel="0.867059298912"/>
		<hw cost="26" num="4" rel="0.867420106083"/>
		<time hwnum="0" swnum="0" t="3"/>
		<time hwnum="1" swnum="0" t="2"/>
		<time hwnum="2" swnum="0" t="1"/>
		<time hwnum="3" swnum="0" t="5"/>
		<time hwnum="4" swnum="0" t="3"/>
		<time hwnum="0" swnum="1" t="2"/>
		<time hwnum="1" swnum="1" t="5"/>
		<time hwnum="2" swnum="1" t="4"/>
		<time hwnum="3" swnum="1" t="2"/>
		<time hwnum="4" swnum="1" t="2"/>
		<time hwnum="0" swnum="2" t="4"/>
		<time hwnum="1" swnum="2" t="3"/>
		<time hwnum="2" swnum="2" t="1"/>
		<time hwnum="3" swnum="2" t="1"/>
		<time hwnum="4" swnum="2" t="3"/>
		<time hwnum="0" swnum="3" t="1"/>
		<time hwnum="1" swnum="3" t="4"/>
		<time hwnum="2" swnum="3" t="5"/>
		<time hwnum="3" swnum="3" t="1"/>
		<time hwnum="4" swnum="3" t="3"/>
		<time hwnum="0" swnum="4" t="4"/>
		<time hwnum="1" swnum="4" t="5"/>
		<time hwnum="2" swnum="4" t="5"/>
		<time hwnum="3" swnum="4" t="1"/>
		<time hwnum="4" swnum="4" t="1"/>
	</module>
	<module limittime="3322" num="6" qall="0.99" qd="0.99" qrv="0.99" trecov="3" ttest="2" tvote="1">
		<tool name="none"/>
		<tool name="nvp01"/>
		<tool name="nvp11"/>
		<tool name="rb11"/>
		<sw cost="10" num="0" rel="0.987099980422"/>
		<sw cost="22" num="1" rel="0.884072731879"/>
		<sw cost="24" num="2" rel="0.951811374364"/>
		<sw cost="21" num="3" rel="0.961792145513"/>
		<sw cost="32" num="4" rel="0.987273431694"/>
		<hw cost="27" num="0" rel="0.911753567096"/>
		<hw cost="34" num="1" rel="0.944872121703"/>
		<hw cost="12" num="2" rel="0.875759351924"/>
		<hw cost="21" num="3" rel="0.962278488513"/>
		<hw cost="5" num="4" rel="0.909453798345"/>
		<time hwnum="0" swnum="0" t="1"/>
		<time hwnum="1" swnum="0" t="3"/>
		<time hwnum="2" swnum="0" t="5"/>
		<time hwnum="3" swnum="0" t="5"/>
		<time hwnum="4" swnum="0" t="4"/>
		<time hwnum="0" swnum="1" t="2"/>
		<time hwnum="1" swnum="1" t="4"/>
		<time hwnum="2" swnum="1" t="1"/>
		<time hwnum="3" swnum="1" t="4"/>
		<time hwnum="4" swnum="1" t="4"/>
		<time hwnum="0" swnum="2" t="1"/>
		<time hwnum="1" swnum="2" t="4"/>
		<time hwnum="2" swnum="2" t="5"/>
		<time hwnum="3" swnum="2" t="1"/>
		<time hwnum="4" swnum="2" t="4"/>
		<time hwnum="0" swnum="3" t="4"/>
		<time hwnum="1" swnum="3" t="3"/>
		<time hwnum="2" swnum="3" t="2"/>
		<time hwnum="3" swnum="3" t="2"/>
		<time hwnum="4" swnum="3" t="3"/>
		<time hwnum="0" swnum="4" t="2"/>
		<time hwnum="1" swnum="4" t="5"/>
		<time hwnum="2" swnum="4" t="1"/>
		<time hwnum="3" swnum="4" t="2"/>
		<time hwnum="4" swnum="4" t="1"/>
	</module>
	<module limittime="4705" num="7" qall="0.99" qd="0.99" qrv="0.99" trecov="3" ttest="2" tvote="1">
		<tool name="none"/>
		<tool name="nvp01"/>
		<tool name="nvp11"/>
		<tool name="rb11"/>
		<sw cost="11" num="0" rel="0.901712908889"/>
		<sw cost="9" num="1" rel="0.93479508499"/>
		<sw cost="25" num="2" rel="0.925790304452"/>
		<sw cost="19" num="3" rel="0.955001840499"/>
		<sw cost="7" num="4" rel="0.852752858229"/>
		<hw cost="20" num="0" rel="0.9889587811"/>
		<hw cost="26" num="1" rel="0.987124995786"/>
		<hw cost="21" num="2" rel="0.867448892961"/>
		<hw cost="34" num="3" rel="0.861653743647"/>
		<hw cost="23" num="4" rel="0.869861468168"/>
		<time hwnum="0" swnum="0" t="3"/>
		<time hwnum="1" swnum="0" t="5"/>
		<time hwnum="2" swnum="0" t="5"/>
		<time hwnum="3" swnum="0" t="3"/>
		<time hwnum="4" swnum="0" t="4"/>
		<time hwnum="0" swnum="1" t="1"/>
		<time hwnum="1" swnum="1" t="4"/>
		<time hwnum="2" swnum="1" t="3"/>
		<time hwnum="3" swnum="1" t="2"/>
		<time hwnum="4" swnum="1" t="5"/>
		<time hwnum="0" swnum="2" t="1"/>
		<time hwnum="1" swnum="2" t="2"/>
		<time hwnum="2" swnum="2" t="4"/>
		<time hwnum="3" swnum="2" t="1"/>
		<time hwnum="4" swnum="2" t="5"/>
		<time hwnum="0" swnum="3" t="2"/>
		<time hwnum="1" swnum="3" t="2"/>
		<time hwnum="2" swnum="3" t="1"/>
		<time hwnum="3" swnum="3" t="4"/>
		<time hwnum="4" swnum="3" t="5"/>
		<time hwnum="0" swnum="4" t="1"/>
		<time hwnum="1" swnum="4" t="3"/>
		<time hwnum="2" swnum="4" t="2"/>
		<time hwnum="3" swnum="4" t="4"/>
		<time hwnum="4" swnum="4" t="2"/>
	</module>
	<link dst="2" src="0" vol="148"/>
	<link dst="1" src="0" vol="133"/>
	<link dst="3" src="0" vol="126"/>
	<link dst="5" src="0" vol="139"/>
	<link dst="6" src="0" vol="112"/>
	<link dst="2" src="1" vol="118"/>
	<link dst="4" src="1" vol="104"/>
	<link dst="6" src="1" vol="113"/>
	<link dst="7" src="1" vol="138"/>
	<link dst="4" src="2" vol="126"/>
	<link dst="7" src="2" vol="137"/>
	<link dst="6" src="3" vol="113"/>
	<link dst="5" src="4" vol="113"/>
	<link dst="7" src="4" vol="131"/>
	<link dst="7" src="5" vol="138"/>
	<link dst="7" src="6" vol="130"/>
</system>
