<?xml version="1.0" ?>
<system limitcost="864">
	<module limittime="215" num="0" qall="0.99" qd="0.99" qrv="0.99" trecov="3" ttest="2" tvote="1">
		<tool name="none"/>
		<tool name="nvp01"/>
		<tool name="nvp11"/>
		<tool name="rb11"/>
		<sw cost="5" num="0" rel="0.897423616093"/>
		<sw cost="16" num="1" rel="0.972324867179"/>
		<sw cost="5" num="2" rel="0.976339701848"/>
		<sw cost="24" num="3" rel="0.93160966758"/>
		<sw cost="8" num="4" rel="0.969807168088"/>
		<hw cost="13" num="0" rel="0.956850548324"/>
		<hw cost="25" num="1" rel="0.949585134959"/>
		<hw cost="8" num="2" rel="0.870778079617"/>
		<hw cost="8" num="3" rel="0.911578637158"/>
		<hw cost="10" num="4" rel="0.874196318423"/>
		<time hwnum="0" swnum="0" t="20"/>
		<time hwnum="1" swnum="0" t="29"/>
		<time hwnum="2" swnum="0" t="14"/>
		<time hwnum="3" swnum="0" t="17"/>
		<time hwnum="4" swnum="0" t="20"/>
		<time hwnum="0" swnum="1" t="25"/>
		<time hwnum="1" swnum="1" t="29"/>
		<time hwnum="2" swnum="1" t="8"/>
		<time hwnum="3" swnum="1" t="22"/>
		<time hwnum="4" swnum="1" t="6"/>
		<time hwnum="0" swnum="2" t="20"/>
		<time hwnum="1" swnum="2" t="29"/>
		<time hwnum="2" swnum="2" t="7"/>
		<time hwnum="3" swnum="2" t="26"/>
		<time hwnum="4" swnum="2" t="7"/>
		<time hwnum="0" swnum="3" t="18"/>
		<time hwnum="1" swnum="3" t="5"/>
		<time hwnum="2" swnum="3" t="14"/>
		<time hwnum="3" swnum="3" t="29"/>
		<time hwnum="4" swnum="3" t="2"/>
		<time hwnum="0" swnum="4" t="23"/>
		<time hwnum="1" swnum="4" t="6"/>
		<time hwnum="2" swnum="4" t="24"/>
		<time hwnum="3" swnum="4" t="18"/>
		<time hwnum="4" swnum="4" t="5"/>
	</module>
	<module limittime="428" num="1" qall="0.99" qd="0.99" qrv="0.99" trecov="3" ttest="2" tvote="1">
		<tool name="none"/>
		<tool name="nvp01"/>
		<tool name="nvp11"/>
		<tool name="rb11"/>
		<sw cost="35" num="0" rel="0.977733789427"/>
		<sw cost="15" num="1" rel="0.905746143686"/>
		<sw cost="9" num="2" rel="0.965351911402"/>
		<sw cost="9" num="3" rel="0.871808076263"/>
		<sw cost="20" num="4" rel="0.963230238176"/>
		<hw cost="8" num="0" rel="0.983149450701"/>
		<hw cost="15" num="1" rel="0.914238765081"/>
		<hw cost="10" num="2" rel="0.897857149586"/>
		<hw cost="20" num="3" rel="0.968160996048"/>
		<hw cost="18" num="4" rel="0.877745427875"/>
		<time hwnum="0" swnum="0" t="15"/>
		<time hwnum="1" swnum="0" t="1"/>
		<time hwnum="2" swnum="0" t="3"/>
		<time hwnum="3" swnum="0" t="12"/>
		<time hwnum="4" swnum="0" t="7"/>
		<time hwnum="0" swnum="1" t="23"/>
		<time hwnum="1" swnum="1" t="25"/>
		<time hwnum="2" swnum="1" t="30"/>
		<time hwnum="3" swnum="1" t="16"/>
		<time hwnum="4" swnum="1" t="7"/>
		<time hwnum="0" swnum="2" t="13"/>
		<time hwnum="1" swnum="2" t="10"/>
		<time hwnum="2" swnum="2" t="29"/>
		<time hwnum="3" swnum="2" t="7"/>
		<time hwnum="4" swnum="2" t="13"/>
		<time hwnum="0" swnum="3" t="5"/>
		<time hwnum="1" swnum="3" t="27"/>
		<time hwnum="2" swnum="3" t="9"/>
		<time hwnum="3" swnum="3" t="15"/>
		<time hwnum="4" swnum="3" t="21"/>
		<time hwnum="0" swnum="4" t="21"/>
		<time hwnum="1" swnum="4" t="20"/>
		<time hwnum="2" swnum="4" t="26"/>
		<time hwnum="3" swnum="4" t="18"/>
		<time hwnum="4" swnum="4" t="17"/>
	</module>
	<module limittime="537" num="2" qall="0.99" qd="0.99" qrv="0.99" trecov="3" ttest="2" tvote="1">
		<tool name="none"/>
		<tool name="nvp01"/>
		<tool name="nvp11"/>
		<tool name="rb11"/>
		<sw cost="22" num="0" rel="0.941549811905"/>
		<sw cost="24" num="1" rel="0.879851438288"/>
		<sw cost="29" num="2" rel="0.951148134445"/>
		<sw cost="31" num="3" rel="0.972929758689"/>
		<sw cost="24" num="4" rel="0.887892280482"/>
		<hw cost="35" num="0" rel="0.989097034433"/>
		<hw cost="29" num="1" rel="0.873672670981"/>
		<hw cost="31" num="2" rel="0.872440841602"/>
		<hw cost="5" num="3" rel="0.934163238917"/>
		<hw cost="21" num="4" rel="0.869419676845"/>
		<time hwnum="0" swnum="0" t="14"/>
		<time hwnum="1" swnum="0" t="14"/>
		<time hwnum="2" swnum="0" t="5"/>
		<time hwnum="3" swnum="0" t="29"/>
		<time hwnum="4" swnum="0" t="7"/>
		<time hwnum="0" swnum="1" t="22"/>
		<time hwnum="1" swnum="1" t="9"/>
		<time hwnum="2" swnum="1" t="20"/>
		<time hwnum="3" swnum="1" t="14"/>
		<time hwnum="4" swnum="1" t="30"/>
		<time hwnum="0" swnum="2" t="21"/>
		<time hwnum="1" swnum="2" t="28"/>
		<time hwnum="2" swnum="2" t="21"/>
		<time hwnum="3" swnum="2" t="13"/>
		<time hwnum="4" swnum="2" t="12"/>
		<time hwnum="0" swnum="3" t="19"/>
		<time hwnum="1" swnum="3" t="2"/>
		<time hwnum="2" swnum="3" t="19"/>
		<time hwnum="3" swnum="3" t="10"/>
		<time hwnum="4" swnum="3" t="30"/>
		<time hwnum="0" swnum="4" t="10"/>
		<time hwnum="1" swnum="4" t="14"/>
		<time hwnum="2" swnum="4" t="2"/>
		<time hwnum="3" swnum="4" t="27"/>
		<time hwnum="4" swnum="4" t="8"/>
	</module>
	<module limittime="382" num="3" qall="0.99" qd="0.99" qrv="0.99" trecov="3" ttest="2" tvote="1">
		<tool name="none"/>
		<tool name="nvp01"/>
		<tool name="nvp11"/>
		<tool name="rb11"/>
		<sw cost="7" num="0" rel="0.886906618735"/>
		<sw cost="12" num="1" rel="0.97986361377"/>
		<sw cost="33" num="2" rel="0.886549810096"/>
		<sw cost="33" num="3" rel="0.92875516936"/>
		<sw cost="12" num="4" rel="0.924507536853"/>
		<hw cost="14" num="0" rel="0.88706252107"/>
		<hw cost="23" num="1" rel="0.890998754452"/>
		<hw cost="30" num="2" rel="0.853411518002"/>
		<hw cost="25" num="3" rel="0.853101129489"/>
		<hw cost="29" num="4" rel="0.937516632424"/>
		<time hwnum="0" swnum="0" t="16"/>
		<time hwnum="1" swnum="0" t="30"/>
		<time hwnum="2" swnum="0" t="21"/>
		<time hwnum="3" swnum="0" t="3"/>
		<time hwnum="4" swnum="0" t="26"/>
		<time hwnum="0" swnum="1" t="16"/>
		<time hwnum="1" swnum="1" t="5"/>
		<time hwnum="2" swnum="1" t="1"/>
		<time hwnum="3" swnum="1" t="13"/>
		<time hwnum="4" swnum="1" t="24"/>
		<time hwnum="0" swnum="2" t="29"/>
		<time hwnum="1" swnum="2" t="25"/>
		<time hwnum="2" swnum="2" t="25"/>
		<time hwnum="3" swnum="2" t="2"/>
		<time hwnum="4" swnum="2" t="5"/>
		<time hwnum="0" swnum="3" t="10"/>
		<time hwnum="1" swnum="3" t="3"/>
		<time hwnum="2" swnum="3" t="2"/>
		<time hwnum="3" swnum="3" t="17"/>
		<time hwnum="4" swnum="3" t="6"/>
		<time hwnum="0" swnum="4" t="2"/>
		<time hwnum="1" swnum="4" t="11"/>
		<time hwnum="2" swnum="4" t="5"/>
		<time hwnum="3" swnum="4" t="15"/>
		<time hwnum="4" swnum="4" t="16"/>
	</module>
	<module limittime="385" num="4" qall="0.99" qd="0.99" qrv="0.99" trecov="3" ttest="2" tvote="1">
		<tool name="none"/>
		<tool name="nvp01"/>
		<tool name="nvp11"/>
		<tool name="rb11"/>
		<sw cost="30" num="0" rel="0.891806098887"/>
		<sw cost="30" num="1" rel="0.860597829802"/>
		<sw cost="11" num="2" rel="0.898926695355"/>
		<sw cost="31" num="3" rel="0.898627113221"/>
		<sw cost="32" num="4" rel="0.95646879205"/>
		<hw cost="15" num="0" rel="0.954538824855"/>
		<hw cost="15" num="1" rel="0.909120541398"/>
		<hw cost="19" num="2" rel="0.861268200456"/>
		<hw cost="15" num="3" rel="0.892844202911"/>
		<hw cost="28" num="4" rel="0.966080441435"/>
		<time hwnum="0" swnum="0" t="13"/>
		<time hwnum="1" swnum="0" t="7"/>
		<time hwnum="2" swnum="0" t="29"/>
		<time hwnum="3" swnum="0" t="22"/>
		<time hwnum="4" swnum="0" t="16"/>
		<time hwnum="0" swnum="1" t="19"/>
		<time hwnum="1" swnum="1" t="30"/>
		<time hwnum="2" swnum="1" t="21"/>
		<time hwnum="3" swnum="1" t="17"/>
		<time hwnum="4" swnum="1" t="9"/>
		<time hwnum="0" swnum="2" t="28"/>
		<time hwnum="1" swnum="2" t="18"/>
		<time hwnum="2" swnum="2" t="30"/>
		<time hwnum="3" swnum="2" t="21"/>
		<time hwnum="4" swnum="2" t="20"/>
		<time hwnum="0" swnum="3" t="4"/>
		<time hwnum="1" swnum="3" t="22"/>
		<time hwnum="2" swnum="3" t="4"/>
		<time hwnum="3" swnum="3" t="19"/>
		<time hwnum="4" swnum="3" t="27"/>
		<time hwnum="0" swnum="4" t="20"/>
		<time hwnum="1" swnum="4" t="23"/>
		<time hwnum="2" swnum="4" t="21"/>
		<time hwnum="3" swnum="4" t="29"/>
		<time hwnum="4" swnum="4" t="28"/>
	</module>
	<module limittime="676" num="5" qall="0.99" qd="0.99" qrv="0.99" trecov="3" ttest="2" tvote="1">
		<tool name="none"/>
		<tool name="nvp01"/>
		<tool name="nvp11"/>
		<tool name="rb11"/>
		<sw cost="33" num="0" rel="0.87840062785"/>
		<sw cost="23" num="1" rel="0.980007185705"/>
		<sw cost="12" num="2" rel="0.943342358859"/>
		<sw cost="17" num="3" rel="0.9262258559"/>
		<sw cost="27" num="4" rel="0.960033517329"/>
		<hw cost="21" num="0" rel="0.851518866698"/>
		<hw cost="5" num="1" rel="0.957012823485"/>
		<hw cost="12" num="2" rel="0.930397250934"/>
		<hw cost="33" num="3" rel="0.89084049715"/>
		<hw cost="25" num="4" rel="0.882542983638"/>
		<time hwnum="0" swnum="0" t="24"/>
		<time hwnum="1" swnum="0" t="5"/>
		<time hwnum="2" swnum="0" t="2"/>
		<time hwnum="3" swnum="0" t="16"/>
		<time hwnum="4" swnum="0" t="25"/>
		<time hwnum="0" swnum="1" t="17"/>
		<time hwnum="1" swnum="1" t="9"/>
		<time hwnum="2" swnum="1" t="5"/>
		<time hwnum="3" swnum="1" t="9"/>
		<time hwnum="4" swnum="1" t="20"/>
		<time hwnum="0" swnum="2" t="11"/>
		<time hwnum="1" swnum="2" t="17"/>
		<time hwnum="2" swnum="2" t="3"/>
		<time hwnum="3" swnum="2" t="13"/>
		<time hwnum="4" swnum="2" t="15"/>
		<time hwnum="0" swnum="3" t="8"/>
		<time hwnum="1" swnum="3" t="25"/>
		<time hwnum="2" swnum="3" t="26"/>
		<time hwnum="3" swnum="3" t="19"/>
		<time hwnum="4" swnum="3" t="15"/>
		<time hwnum="0" swnum="4" t="8"/>
		<time hwnum="1" swnum="4" t="28"/>
		<time hwnum="2" swnum="4" t="27"/>
		<time hwnum="3" swnum="4" t="3"/>
		<time hwnum="4" swnum="4" t="13"/>
	</module>
	<module limittime="740" num="6" qall="0.99" qd="0.99" qrv="0.99" trecov="3" ttest="2" tvote="1">
		<tool name="none"/>
		<tool name="nvp01"/>
		<tool name="nvp11"/>
		<tool name="rb11"/>
		<sw cost="32" num="0" rel="0.934520036547"/>
		<sw cost="35" num="1" rel="0.949298948956"/>
		<sw cost="22" num="2" rel="0.924398802069"/>
		<sw cost="7" num="3" rel="0.987115472873"/>
		<sw cost="30" num="4" rel="0.901353130518"/>
		<hw cost="13" num="0" rel="0.941055621519"/>
		<hw cost="15" num="1" rel="0.984164087949"/>
		<hw cost="13" num="2" rel="0.892617949334"/>
		<hw cost="11" num="3" rel="0.864597735275"/>
		<hw cost="18" num="4" rel="0.8664629084"/>
		<time hwnum="0" swnum="0" t="17"/>
		<time hwnum="1" swnum="0" t="25"/>
		<time hwnum="2" swnum="0" t="11"/>
		<time hwnum="3" swnum="0" t="17"/>
		<time hwnum="4" swnum="0" t="14"/>
		<time hwnum="0" swnum="1" t="19"/>
		<time hwnum="1" swnum="1" t="24"/>
		<time hwnum="2" swnum="1" t="21"/>
		<time hwnum="3" swnum="1" t="15"/>
		<time hwnum="4" swnum="1" t="3"/>
		<time hwnum="0" swnum="2" t="24"/>
		<time hwnum="1" swnum="2" t="21"/>
		<time hwnum="2" swnum="2" t="27"/>
		<time hwnum="3" swnum="2" t="8"/>
		<time hwnum="4" swnum="2" t="25"/>
		<time hwnum="0" swnum="3" t="24"/>
		<time hwnum="1" swnum="3" t="25"/>
		<time hwnum="2" swnum="3" t="13"/>
		<time hwnum="3" swnum="3" t="8"/>
		<time hwnum="4" swnum="3" t="11"/>
		<time hwnum="0" swnum="4" t="20"/>
		<time hwnum="1" swnum="4" t="14"/>
		<time hwnum="2" swnum="4" t="15"/>
		<time hwnum="3" swnum="4" t="28"/>
		<time hwnum="4" swnum="4" t="27"/>
	</module>
	<module limittime="797" num="7" qall="0.99" qd="0.99" qrv="0.99" trecov="3" ttest="2" tvote="1">
		<tool name="none"/>
		<tool name="nvp01"/>
		<tool name="nvp11"/>
		<tool name="rb11"/>
		<sw cost="11" num="0" rel="0.97568265823"/>
		<sw cost="14" num="1" rel="0.935384061335"/>
		<sw cost="7" num="2" rel="0.958931134821"/>
		<sw cost="8" num="3" rel="0.920052847371"/>
		<sw cost="15" num="4" rel="0.943985002804"/>
		<hw cost="32" num="0" rel="0.964993558297"/>
		<hw cost="27" num="1" rel="0.862155982628"/>
		<hw cost="16" num="2" rel="0.96015332425"/>
		<hw cost="17" num="3" rel="0.862045812607"/>
		<hw cost="10" num="4" rel="0.887616189717"/>
		<time hwnum="0" swnum="0" t="19"/>
		<time hwnum="1" swnum="0" t="2"/>
		<time hwnum="2" swnum="0" t="8"/>
		<time hwnum="3" swnum="0" t="27"/>
		<time hwnum="4" swnum="0" t="24"/>
		<time hwnum="0" swnum="1" t="18"/>
		<time hwnum="1" swnum="1" t="21"/>
		<time hwnum="2" swnum="1" t="30"/>
		<time hwnum="3" swnum="1" t="30"/>
		<time hwnum="4" swnum="1" t="18"/>
		<time hwnum="0" swnum="2" t="6"/>
		<time hwnum="1" swnum="2" t="19"/>
		<time hwnum="2" swnum="2" t="7"/>
		<time hwnum="3" swnum="2" t="2"/>
		<time hwnum="4" swnum="2" t="30"/>
		<time hwnum="0" swnum="3" t="5"/>
		<time hwnum="1" swnum="3" t="26"/>
		<time hwnum="2" swnum="3" t="23"/>
		<time hwnum="3" swnum="3" t="2"/>
		<time hwnum="4" swnum="3" t="27"/>
		<time hwnum="0" swnum="4" t="5"/>
		<time hwnum="1" swnum="4" t="25"/>
		<time hwnum="2" swnum="4" t="12"/>
		<time hwnum="3" swnum="4" t="26"/>
		<time hwnum="4" swnum="4" t="16"/>
	</module>
	<link dst="1" src="0" vol="11"/>
	<link dst="3" src="0" vol="15"/>
	<link dst="4" src="0" vol="20"/>
	<link dst="5" src="0" vol="27"/>
	<link dst="2" src="1" vol="25"/>
	<link dst="5" src="1" vol="28"/>
	<link dst="6" src="1" vol="16"/>
	<link dst="7" src="1" vol="2"/>
	<link dst="5" src="2" vol="18"/>
	<link dst="6" src="2" vol="6"/>
	<link dst="5" src="3" vol="22"/>
	<link dst="6" src="3" vol="28"/>
	<link dst="5" src="4" vol="4"/>
	<link dst="6" src="4" vol="23"/>
	<link dst="7" src="4" vol="24"/>
	<link dst="6" src="5" vol="14"/>
	<link dst="7" src="5" vol="25"/>
	<link dst="7" src="6" vol="5"/>
</system>
